SCOTT-DRAPER,166.0,0.4404595559695699
TODD-WOODBRIDGE,140.0,0.4253968253968254
MIKAEL-TILLSTROM,151.0,0.46153846153846156
JEFF-TARANGO,206.0,0.40939745715865117
ALEX-OBRIEN,92.0,0.443307757885763
KAROL-KUCERA,380.0,0.4434702024522384
JONAS-BJORKMAN,575.0,0.3130461633472287
ANDREI-CHERKASOV,31.0,0.36333333333333334
MARK-WOODFORDE,142.0,0.49312714776632305
JIRI-NOVAK,511.0,0.4057971014492754
THOMAS-JOHANSSON,575.0,0.35353890510178965
DAVID-PRINOSIL,212.0,0.44819819819819817
BOHDAN-ULIHRACH,354.0,0.39133612384559163
JONATHAN-STARK,64.0,0.4482758620689655
PATRICK-RAFTER,328.0,0.45239463601532565
BYRON-BLACK,236.0,0.4325041459369818
YEVGENY-KAFELNIKOV,561.0,0.3705389848246991
RICHARD-FROMBERG,182.0,0.44589349479894425
ANDREI-MEDVEDEV,204.0,0.45385674931129477
DANIEL-VACEK,187.0,0.44698028256481914
MARC-KEVIN-GOELLNER,124.0,0.41228070175438597
SLAVA-DOSEDEL,174.0,0.4749048113534095
RENZO-FURLAN,81.0,0.4231354642313546
NICOLAS-PEREIRA,7.0,0.23809523809523808
NICKLAS-KULTI,56.0,0.5365646258503401
KENNETH-CARLSEN,338.0,0.2911369332421964
ALEX-RADULESCU,57.0,0.4064625850340136
GALO-BLANCO,262.0,0.3953127551853666
SANDON-STOLLE,66.0,0.41984271022383546
MICHAEL-TEBBUTT,52.0,0.3820921985815603
JEFF-SALZENSTEIN,58.0,0.2663280116110305
MARTIN-DAMM,162.0,0.4448950802327632
TIM-HENMAN,653.0,0.37035319576474224
JIM-COURIER,150.0,0.5015460729746444
SERGI-BRUGUERA,189.0,0.4369326649505487
HICHAM-ARAZI,381.0,0.40239410681399634
THOMAS-MUSTER,138.0,0.47843137254901963
MAGNUS-GUSTAFSSON,212.0,0.42991807877903715
PETR-KORDA,152.0,0.48690977092099114
MAGNUS-LARSSON,189.0,0.49467649467649466
CHRISTIAN-RUUD,133.0,0.4381443298969072
DOMINIK-HRBATY,664.0,0.30781685467816855
MAGNUS-NORMAN,381.0,0.4362175976633808
RAZVAN-SABAU,65.0,0.2957334891876096
PATRICK-MCENROE,16.0,0.3619047619047619
JAVIER-SANCHEZ,107.0,0.45797852647167714
TAMER-EL-SAWY,6.0,0.4
PATRIK-FREDRIKSSON,24.0,0.35177865612648224
HERNAN-GUMY,126.0,0.5302619692863595
THOMAS-ENQVIST,444.0,0.4227430028535001
JAN-SIEMERINK,204.0,0.4426719840478564
MICHAEL-STICH,30.0,0.5156695156695157
JORDI-BURILLO,50.0,0.4696969696969697
STEPHANE-SIMIAN,24.0,0.37662337662337664
PAUL-HAARHUIS,108.0,0.5143859649122807
SJENG-SCHALKEN,450.0,0.40992843002893253
LEANDER-PAES,81.0,0.3618721461187215
KARIM-ALAMI,217.0,0.40382452193475815
HERBERT-WILTSCHNIG,8.0,0.35714285714285715
DINU-PESCARIU,52.0,0.4262485481997677
JUAN-ALBERT-VILOCA-PUIG,91.0,0.42937625754527164
SULTAN-KHALFAN,8.0,0.2857142857142857
OLIVER-GROSS,71.0,0.48122686409307247
GUILLAUME-RAOUX,135.0,0.5238891543239369
MARCOS-ONDRUSKA,50.0,0.4616161616161616
MARCELO-RIOS,394.0,0.4143032535297729
JAN-MICHAEL-GAMBILL,401.0,0.3745142487046632
ALBERTO-BERASATEGUI,181.0,0.44240790655884993
CHRIS-WOODRUFF,168.0,0.4633091034960194
CECIL-MAMIIT,159.0,0.29205397301349323
ROBERTO-CARRETERO,24.0,0.37662337662337664
ALEX-CORRETJA,456.0,0.4452067269746828
TOMAS-CARBONELL,33.0,0.49195402298850577
BERND-KARBACHER,61.0,0.41134751773049644
GREG-RUSEDSKI,496.0,0.39592480018011933
CARLOS-COSTA,99.0,0.4164989939637827
ALISTAIR-HUNT,5.0,0.16666666666666666
TODD-LARKHAM,15.0,0.5619047619047619
BRETT-STEVEN,88.0,0.40662525879917183
DAVID-CALDWELL,9.0,0.3611111111111111
STEVEN-DOWNS,1.0,0
CARLOS-MOYA,785.0,0.31112789649375017
GORAN-IVANISEVIC,304.0,0.4368450082735797
ALBERT-COSTA,479.0,0.43157389059028406
GRANT-STAFFORD,79.0,0.40619520748100524
ADRIAN-VOINEA,205.0,0.42599034900684546
WAYNE-FERREIRA,369.0,0.4111111111111111
LIONEL-ROUX,79.0,0.4151967435549525
FELIX-MANTILLA,444.0,0.34056769916088264
MARC-ROSSET,308.0,0.393944099378882
SARGIS-SARGSIAN,348.0,0.40569266798774994
GRANT-DOYLE,6.0,0.5333333333333333
NEVILLE-GODWIN,65.0,0.39080459770114945
PETE-SAMPRAS,342.0,0.4910840932117528
MICHAEL-CHANG,318.0,0.4156516200939416
MALIVAI-WASHINGTON,33.0,0.31724137931034485
JENS-KNIPPSCHILD,114.0,0.44383490073145243
GILBERT-SCHALLER,34.0,0.3693181818181818
ARNAUD-BOETSCH,47.0,0.47851335656213706
KARSTEN-BRAASCH,18.0,0.5
DENNIS-VAN-SCHEPPINGEN,108.0,0.4161988773055333
RICHEY-RENEBERG,83.0,0.47619047619047616
JAVIER-FRANA,15.0,0.45054945054945056
MICHAEL-JOYCE,26.0,0.341991341991342
JAN-KROSLAK,109.0,0.41726811013098103
FERNANDO-MELIGENI,258.0,0.3657395143487859
FILIP-DEWULF,93.0,0.5219084712755598
PETER-TRAMACCHI,11.0,0.45454545454545453
GUSTAVO-KUERTEN,505.0,0.3798468516802419
JEAN-PHILIPPE-FLEURIAN,9.0,0.4166666666666667
EYAL-RAN,22.0,0.19047619047619047
KRIS-GOOSSENS,2.0,0
BEN-ELLWOOD,12.0,0.2727272727272727
GEOFF-GRANT,23.0,0.4069264069264069
BORIS-BECKER,73.0,0.5372549019607843
LLEYTON-HEWITT,826.0,0.3316725816725817
TOBY-MITCHELL,2.0,1.0
FERNON-WIBIER,16.0,0.4
GUY-FORGET,5.0,0.6
PAT-CASH,9.0,0.5555555555555556
ANDREI-CHESNOKOV,12.0,0.5151515151515151
ORLIN-STANOYTCHEV,59.0,0.4
ANDREI-PAVEL,509.0,0.3388418782147005
MARCOS-AURELIO-GORRIZ,13.0,0.3717948717948718
SEBASTIEN-LAREAU,119.0,0.3971631205673759
ANDREA-GAUDENZI,222.0,0.48254965772640557
ANDREI-OLHOVSKIY,15.0,0.3333333333333333
THIERRY-CHAMPION,19.0,0.4093567251461988
LARS-JONSSON,9.0,0.19444444444444445
JAYMON-CRABB,9.0,0.4722222222222222
JUSTIN-GIMELSTOB,267.0,0.3579106846547868
DANIEL-NESTOR,117.0,0.4687052078356426
OSCAR-BURRIEZA-LOPEZ,24.0,0.3939393939393939
ALEXANDER-REICHEL,6.0,0.13333333333333333
BRYAN-SHELTON,10.0,0.35555555555555557
JOHAN-VAN-HERCK,66.0,0.473604826546003
HENDRIK-DREEKMANN,95.0,0.4663157894736842
JACCO-ELTINGH,6.0,0.4
MARK-KNOWLES,15.0,0.2571428571428571
ALEXANDER-VOLKOV,20.0,0.29411764705882354
JEROME-GOLMARD,247.0,0.43319630010277493
DOUG-FLACH,31.0,0.43349753694581283
GERARD-SOLVES,19.0,0.22807017543859648
OLEG-OGORODOV,31.0,0.3139784946236559
KEVIN-ULLYETT,32.0,0.4014778325123153
TOMAS-NYDAHL,43.0,0.42804878048780487
SHUZO-MATSUOKA,6.0,0.4
SATOSHI-IWABUCHI,22.0,0.20346320346320346
FILIPPO-MESSORI,3.0,0.6666666666666666
JIA-PING-XIA,3.0,0
MAX-MIRNYI,467.0,0.402695988222304
BING-PAN,1.0,0
MARTIN-SINNER,46.0,0.41970310391363025
STEFANO-PESCOSOLIDO,22.0,0.4666666666666667
GASTON-ETLIS,53.0,0.3914053426248548
RADOMIR-VASEK,25.0,0.45666666666666667
JOZSEF-KROCSKO,4.0,0.3333333333333333
IVAN-LJUBICIC,696.0,0.36500467529333697
SASA-HIRSZON,5.0,0.4
FRANCISCO-MONTANA,1.0,0
RICHARD-KRAJICEK,267.0,0.4736062625621496
HENDRIK-JAN-DAVIDS,3.0,0
YOUNES-EL-AYNAOUI,351.0,0.4258625605930995
JAMES-SEKULOV,19.0,0.6993464052287581
DAVID-RIKL,8.0,0.5
FABRICE-SANTORO,611.0,0.3636635141861623
ARNAUD-CLEMENT,668.0,0.3401812845752279
CEDRIC-PIOLINE,312.0,0.45311638168781027
FRANCISCO-ROIG,17.0,0.55
FRANCISCO-CLAVET,338.0,0.4262578616352201
OLIVIER-DELAITRE,38.0,0.37936507936507935
SEBASTIEN-GROSJEAN,572.0,0.3868114643976713
TODD-MARTIN,286.0,0.4596393301846286
ANDRE-AGASSI,535.0,0.4070755205635554
JIM-GRABB,9.0,0.4722222222222222
MASHISKA-WASHINGTON,9.0,0.5
STEVE-BRYAN,8.0,0.32142857142857145
ALEJANDRO-HERNANDEZ,23.0,0.42292490118577075
BRIAN-MACPHIE,32.0,0.3522167487684729
RYAN-WOLTERS,1.0,0
NICOLAS-LAPENTTI,568.0,0.3281457464875714
MARCELO-FILIPPINI,88.0,0.48205128205128206
TOMMY-HO,8.0,0.2857142857142857
DICK-NORMAN,88.0,0.2682098765432099
CHRISTOPHE-VAN-GARSSE,23.0,0.4142857142857143
NICOLAS-KIEFER,606.0,0.3414519906323185
JASON-STOLTENBERG,176.0,0.45385202135774216
MARK-PHILIPPOUSSIS,398.0,0.40815127397040757
VINCENT-SPADEA,565.0,0.3129430217476548
LUKE-JENSEN,9.0,0.3333333333333333
JOHAN-HEDE,1.0,0
MARZIO-MARTELLI,45.0,0.42780026990553305
CRISTIANO-CARATTI,30.0,0.458128078817734
DANIELE-MUSA,2.0,0
OMAR-CAMPORESE,10.0,0.3888888888888889
LEONARDO-LAVALLE,3.0,0.6666666666666666
TOMMY-HAAS,876.0,0.30786685383535567
LARS-BURGSMULLER,234.0,0.36007503066156843
FREDERIK-FETTERLEIN,17.0,0.4583333333333333
NUNO-MARQUES,16.0,0.4
PATRIK-LANGVARDT,1.0,0
THOMAS-LARSEN,4.0,0.5
EYAL-ERLICH,6.0,0.3333333333333333
EMILIO-BENFELE-ALVAREZ,74.0,0.38784461152882205
MARIANO-ZABALETA,402.0,0.38317851885691084
JULIAN-ALONSO,112.0,0.4367283950617284
MARK-MERKLEIN,11.0,0.4444444444444444
MARCELO-CHARPENTIER,17.0,0.5416666666666666
LUCAS-ARNOLD-KER,47.0,0.3975609756097561
LARS-REHMANN,4.0,0.5
ANDREI-STOLIAROV,94.0,0.506108848574602
ALEXEI-BELOV,1.0,0
JOOST-WINNINK,3.0,0.3333333333333333
IGOR-TCHELYCHEV,1.0,0
GIANLUCA-POZZI,181.0,0.4573300573300573
FRANCO-SQUILLARI,293.0,0.4581472291149711
FERNANDO-VICENTE,389.0,0.33276381909547736
MARCELLO-CRACA,34.0,0.37438423645320196
DAVID-SKOCH,22.0,0.0735930735930736
ALBERTO-MARTIN,533.0,0.2870221383787383
BERNARDO-MOTA,7.0,0.3333333333333333
JUAN-ANTONIO-MARIN,205.0,0.32990750256937307
MOUNIR-EL-AAREJ,13.0,0.19696969696969696
LARBI-RHARNIT,1.0,0
MEHDI-TAHIRI,9.0,0.4642857142857143
RAINER-SCHUETTLER,691.0,0.3183738955551036
MARCO-MENESCHINCHERI,9.0,0.4722222222222222
SUSHEEL-NARLA,1.0,0
GOUICHI-MOTOMURA,41.0,0.1767881241565452
MAHESH-BHUPATHI,13.0,0.3333333333333333
ROBERTO-JABALI,5.0,0.3
FREDERIC-FONTANG,8.0,0.21428571428571427
FRANCISCO-CABELLO,7.0,0.42857142857142855
JACOBO-DIAZ,83.0,0.43105590062111804
BRUNO-FRAGOSO,1.0,0
ALEX-LOPEZ-MORON,23.0,0.3593073593073593
DANNY-SAPSFORD,12.0,0.3181818181818182
CARSTEN-ARRIENS,5.0,0.3
MELVIN-TONG,2.0,1.0
JOSHUA-EAGLE,5.0,0.6
HENRIK-HOLM,7.0,0.5238095238095238
CARL-CHANG,1.0,0
ALBERT-PORTAS,344.0,0.34132124352331605
GERMAN-LOPEZ,2.0,0
DONALD-JOHNSON,5.0,0.4
EMILIO-SANCHEZ,4.0,0.5
DAVID-SALVADOR-ESTEPA,1.0,0
ANDREW-RICHARDSON,14.0,0.45454545454545453
TAKAO-SUZUKI,73.0,0.25753569539925963
HIDEKI-KANEKO,5.0,0.1
DAVID-ADAMS,1.0,0
YASUFUMI-YAMAMOTO,2.0,0
ROGER-SMITH,1.0,0
THOMAS-SHIMADA,3.0,0
ARNE-THOMS,1.0,0
DAVIDE-SANGUINETTI,403.0,0.33838964222784035
ANDREI-MERINOV,9.0,0.2222222222222222
MARTIN-RODRIGUEZ,54.0,0.4927536231884058
WAYNE-BLACK,115.0,0.4971932638331997
STEVE-CAMPBELL,62.0,0.4744933612858141
JAIME-ONCINS,10.0,0.3111111111111111
SCOTT-HUMPHRIES,7.0,0.3333333333333333
JEROME-HANQUEZ,2.0,0
GUILLERMO-CANAS,460.0,0.3638888888888889
DANIEL-ELSNER,35.0,0.4943181818181818
MICHAL-TABARA,89.0,0.5094409477971121
DAVID-WITT,5.0,0.2
IVAN-BARON,1.0,0
RAMON-DELGADO,208.0,0.30027884280237016
DAVIDE-SCALA,21.0,0.2982456140350877
DIEGO-NARGISO,33.0,0.4827586206896552
GABRIEL-SILBERSTEIN,5.0,0.9
CLEMENS-TRIMMEL,5.0,0.5
PATRICK-BAUR,5.0,0.3
WOLFGANG-SCHRANZ,13.0,0.5909090909090909
MARKUS-HIPFL,128.0,0.44672718585762067
NICOLAS-ESCUDE,284.0,0.48513986013986016
SALVADOR-NAVARRO,11.0,0.43636363636363634
RODOLPHE-GILBERT,10.0,0.7333333333333333
STEPHANE-HUET,47.0,0.4365750528541226
MIGUEL-PASTURA,1.0,0
JOAQUIN-MUNOZ-HERNANDEZ,8.0,0.32142857142857145
FRANZ-STAUDER,5.0,0
MARTIN-LEE,62.0,0.49764309764309766
DAVID-NAINKIN,21.0,0.5157894736842106
LUIS-HERRERA,8.0,0.35714285714285715
CHRIS-HAGGARD,5.0,0
MARK-PETCHEY,7.0,0.38095238095238093
CHRIS-WILKINSON,23.0,0.39473684210526316
VLADIMIR-VOLTCHKOV,120.0,0.4913308913308913
JOHN-VAN-LOTTUM,157.0,0.45415057915057916
LUKE-MILLIGAN,6.0,0.7
JAMIE-DELGADO,42.0,0.44950213371266
WADE-MCGUIRE,5.0,0.2
SERGI-DURAN,2.0,0
NICK-WEAL,1.0,0
MARCUS-SARSTRAND,6.0,0.2
NICKLAS-TIMFJORD,3.0,0.6666666666666666
JAN-APELL,8.0,0.6666666666666666
HENRIK-ANDERSSON,2.0,0
BERTRAND-MADSEN,1.0,0
IVO-HEUBERGER,106.0,0.34831460674157305
DAVID-WHEATON,40.0,0.39971550497866287
DAVID-DILUCIA,9.0,0.3333333333333333
MICHAEL-SHYJAN,1.0,0
MURPHY-JENSEN,2.0,0
LUKE-SMITH,7.0,0.47619047619047616
MARCUS-HILPERT,2.0,0
OREN-MOTEVASSEL,4.0,0.16666666666666666
REED-CORDISH,1.0,0
ALEX-KIM,35.0,0.4689075630252101
STEFAN-KOUBEK,470.0,0.3133650133650134
GERALD-MANDL,5.0,0.3
DANIEL-ORSANIC,2.0,0
SEBASTIAN-PRIETO,16.0,0.425
THOMAS-SCHIESSLING,12.0,0.42424242424242425
WERNER-ESCHAUER,55.0,0.39894419306184015
GLENN-WEINER,38.0,0.4375
BOB-BRYAN,55.0,0.5306122448979592
DAVID-CABALLERO,2.0,0
EMANUEL-RASBERGER,2.0,0
ANDREI-RYBALKO,1.0,0
ZELJKO-KRAJAN,34.0,0.567741935483871
GREGORY-CARRAZ,88.0,0.5730438715513342
TOM-KEMPERS,1.0,0
LIBOR-NEMECEK,2.0,0
SEBASTIEN-LEBLANC,2.0,1.0
BOBBY-KOKAVEC,4.0,0.6666666666666666
PIER-GAUTHIER,1.0,0
FREDERIC-NIEMEYER,54.0,0.3050980392156863
JOCELYN-ROBICHAUD,2.0,1.0
LUIS-ADRIAN-MOREJON,7.0,0.42857142857142855
ELIA-GROSSI,1.0,0
RAVIV-WEIDENFELD,3.0,0.6666666666666666
MIKE-BRYAN,15.0,0.44761904761904764
KENT-KINNEAR,1.0,0
NIR-WELGREEN,4.0,0.8333333333333334
PETER-WESSELS,108.0,0.38998778998779
ALBERT-CHANG,1.0,0
MICHAEL-SELL,19.0,0.40522875816993464
TUOMAS-KETOLA,39.0,0.47083926031294454
JIMY-SZYMANSKI,3.0,0.3333333333333333
RODOLFO-RAKE,1.0,0
LAURENCE-TIELEMAN,83.0,0.4225352112676056
MILES-MACLAGAN,7.0,0
ION-MOLDOVAN,13.0,0.3717948717948718
DIEGO-LOZANO,1.0,0
JULIEN-CHAUVIN,1.0,0
DAVID-SANCHEZ,206.0,0.525858322468492
SERGIO-GOMEZ-BARRIO,1.0,0
RUBEN-FERNANDEZ,1.0,0
VINCENZO-SANTOPADRE,43.0,0.4609756097560976
DMITRI-TOMASHEVICH,4.0,1.0
ABDUL-HAMID-MAKHKAMOV,1.0,0
TOMAS-BEHREND,123.0,0.44069912609238454
NICOLAS-THOMANN,39.0,0.4444444444444444
REGIS-LAVERGNE,2.0,0
LORENZO-MANTA,30.0,0.4603174603174603
MASSIMO-VALERI,3.0,0.6666666666666666
PARADORN-SRICHAPHAN,404.0,0.4204399888610415
OLIVIER-MUTIS,64.0,0.49304295220810646
PETR-LUXA,18.0,0.5083333333333333
PETR-KRALERT,6.0,0.7333333333333333
RENE-HANAK,1.0,0
ANDRE-SA,177.0,0.26217882836587875
MARCO-OSORIO,1.0,0
MIGUEL-TOBON,4.0,0.16666666666666666
MARIO-RINCON,2.0,0
MAURICE-RUAH,4.0,0.3333333333333333
EDUARDO-RINCON,1.0,0
MARAT-SAFIN,659.0,0.3672752368404542
MARIANO-PUERTA,242.0,0.4451047857366281
HERMES-GAMONAL,8.0,0.5
NICOLAS-MASSU,504.0,0.32255409622440934
FREDRIK-JONSSON,35.0,0.5182795698924731
FREDRIK-BERGH,2.0,1.0
DIRK-DIER,1.0,0
CHRISTIAN-VINCK,63.0,0.41948051948051945
MARK-NIELSEN,10.0,0.6444444444444445
TEO-SUSNJAK,1.0,0
ANDREW-ILIE,190.0,0.45070967741935486
ALLEN-BELOBRAJDIC,4.0,0.3333333333333333
ALEX-CALATRAVA,179.0,0.36774603174603177
MARK-DRAPER,5.0,0.8
JUREK-STASIAK,4.0,0.16666666666666666
ARNAUD-DI-PASQUALE,167.0,0.47313527180783815
ALEKSANDAR-KITINOV,1.0,0
PIET-NORVAL,1.0,0
GEORGE-BASTL,226.0,0.21815881777931115
JEAN-FRANCOIS-BACHELOT,11.0,0.4
ARTEMI-TCHERNENKO,1.0,0
KIRILL-IVANOV-SMOLENSKY,4.0,0.3333333333333333
TJ-MIDDLETON,2.0,0
XAVIER-MALISSE,580.0,0.36132784792169104
RAEMON-SLUITER,221.0,0.42843646669815777
THOMAS-MESSMER,1.0,0
JONATHAN-PRINTZLAU,1.0,0
ATTILA-SAVOLT,78.0,0.5325051759834368
CHARLES-AUFFRAY,6.0,0.4666666666666667
WESLEY-WHITEHOUSE,21.0,0.2
BJORN-PHAU,294.0,0.29032686686154663
JOSE-IMAZ-RUIZ,6.0,0.4
PETER-NYBORG,1.0,0
WAYNE-WONG,2.0,0
JUAN-LUIS-RASCON-LOPE,2.0,1.0
DIEGO-HIPPERDINGER,2.0,0
FELICIANO-LOPEZ,813.0,0.33886775049002654
KOTARO-MIYACHI,2.0,0
KENTARO-MASUDA,1.0,0
TETSUYA-CHAEN,2.0,0
KALLE-FLYGT,5.0,0.4
MARCIO-CARLSSON,11.0,0.5454545454545454
LUIS-HORNA,270.0,0.4648262813897489
JARED-PALMER,9.0,0.8888888888888888
TAPIO-NURMINEN,1.0,0
RONALD-AGENOR,38.0,0.3868092691622103
GIORGIO-GALIMBERTI,25.0,0.4505928853754941
DUSAN-VEMIC,90.0,0.16982836495031617
OSCAR-SERRANO,19.0,0.4327485380116959
JULIEN-BOUTTER,146.0,0.5417524593914436
JORDI-MAS,2.0,0
MOSE-NAVARRA,9.0,0.5277777777777778
JEAN-BAPTISTE-PERLANT,6.0,0.4
EMANUEL-COUTO,2.0,0
GABRIEL-TRIFU,13.0,0.5909090909090909
BARRY-COWAN,23.0,0.3675889328063241
DANIELE-BRACCIALI,87.0,0.5538461538461539
ANDREAS-VINCIGUERRA,184.0,0.42248062015503873
THIERRY-GUARDIOLA,11.0,0.5818181818181818
ROGER-FEDERER,1290.0,0.34641702052760115
JAMES-BLAKE,605.0,0.38422489959839357
STEVEN-RANDJELOVIC,2.0,0
MICHAEL-KOHLMANN,84.0,0.34865134865134867
JIMMY-ARIAS,2.0,0
PAUL-HARSANYI,3.0,0
PAUL-GOLDSTEIN,198.0,0.3885975135975136
MAURICIO-HADAD,8.0,0.19047619047619047
WAYNE-ARTHURS,285.0,0.385450748346676
ANDRES-SCHNEITER,3.0,0
BORIS-BACHERT,1.0,0
TAYLOR-DENT,310.0,0.4004112808460635
BORUT-URH,4.0,0.16666666666666666
STEFANO-COBOLLI,3.0,0.3333333333333333
TOMAS-CATAR,1.0,0
MARTIN-VERKERK,123.0,0.5035063113604488
MICHAEL-RUSSELL,334.0,0.3172152498224011
MARIANO-HOOD,13.0,0.2948717948717949
PIETRO-ANGELINI,1.0,0
HAREL-LEVY,180.0,0.29965592743196745
LIOR-MOR,2.0,1.0
NOAM-BEHR,10.0,0.5555555555555556
YONG-IL-YOON,8.0,0.35714285714285715
ANDREW-PARK,1.0,0
NICK-GOULD,1.0,0
FEDERICO-BROWNE,29.0,0.54
TOMAS-ZIB,167.0,0.3437090041741205
NIKOS-ROVAS,1.0,0
FABIO-MAGGI,1.0,0
ROGIER-WASSEN,27.0,0.21652421652421652
VADIM-KUTSENKO,12.0,0.34545454545454546
TIMUR-GANIEV,1.0,0
MARKUS-HANTSCHK,67.0,0.4228956228956229
LIONEL-BARTHEZ,2.0,1.0
AXEL-PRETZSCH,36.0,0.5956989247311828
FEDERICO-LUZZI,71.0,0.2857142857142857
YU-ZHANG,2.0,1.0
YU-ZHENG,1.0,0
RADEK-STEPANEK,699.0,0.323871250700519
JUAN-BALCELLS,87.0,0.5774647887323944
RICARDO-SCHLACHTER,1.0,0
EDUARDO-MEDICA,6.0,0.4666666666666667
EDWIN-KEMPES,27.0,0.43874643874643876
JUSTIN-BOWER,4.0,1.0
JOSEPH-SIRIANNI,71.0,0.24008461131676362
CYRIL-SAULNIER,189.0,0.4823529411764706
IGOR-KORNIENKO,6.0,0.4
SERGEI-PETROUCHEVSKY,1.0,0
IGOR-KUNITSYN,303.0,0.3855802792321117
MICHAEL-HILL,7.0,0.5333333333333333
KRISTIAN-PLESS,143.0,0.40672782874617736
JOHAN-LANDSBERG,3.0,0.3333333333333333
JAN-FRODE-ANDERSEN,10.0,0.4444444444444444
JUAN-CARLOS-FERRERO,719.0,0.3763290763290763
GASTON-GAUDIO,465.0,0.3992896045465309
TALAL-OUAHABI,5.0,0.1
ANDY-ZINGMAN,1.0,0
OTA-FUKAREK,15.0,0.2967032967032967
PEDRO-LEAO,1.0,0
TOMMY-ROBREDO,860.0,0.36179796150542126
GERMAN-PUENTES,35.0,0.621505376344086
FRANCISCO-COSTA,5.0,0.6
RODOLPHE-CADART,11.0,0.37777777777777777
OLIVIER-MALCOR,3.0,0.6666666666666666
IRAKLI-LABADZE,123.0,0.48478609013955615
EDUARDO-NICOLAS,6.0,0.4
ANTONY-DUPUIS,225.0,0.3970895782502614
RADOVAN-SVETLIK,1.0,0
DAVID-MIKETA,3.0,0.3333333333333333
VILLE-LIUKKO,11.0,0.4888888888888889
CHRISTOPHE-ROCHUS,363.0,0.3315858453473132
AGUSTIN-CALLERI,390.0,0.42689004984086953
HECTOR-MORETTI,2.0,0
JEAN-RENE-LISNARD,154.0,0.36160411868310527
DIEGO-MOYANO,3.0,0
ARVIND-PARMAR,40.0,0.49411764705882355
MARTIN-SPOTTL,5.0,0.5
FLORIAN-ALLGAUER,1.0,0
MARKUS-MENZLER,1.0,0
NENAD-ZIMONJIC,45.0,0.1849894291754757
TOM-SPINKS,1.0,0
JOHAN-ORTEGREN,3.0,0
CEDRIC-KAUFFMANN,3.0,1.0
THOMAS-BLAKE,7.0,0.19047619047619047
JUAN-IGNACIO-CHELA,603.0,0.3617541878411444
ERIC-TAINO,32.0,0.47096774193548385
PHILLIP-KING,40.0,0.11875843454790823
LOVRO-ZOVKO,38.0,0.12612612612612611
IVAN-BEROS,1.0,0
SIMON-LAROSE,13.0,0.7564102564102564
PHILIP-GUBENCO,1.0,0
JAN-BORUSZEWSKI,2.0,0
IGOR-GAUDI,2.0,1.0
JEFF-MORRISON,90.0,0.5201674277016742
NOAM-OKUN,109.0,0.2424029920523609
FERNANDO-GONZALEZ,550.0,0.40180949562423374
PATRICK-OSUNA,1.0,0
SOLON-PEPPAS,3.0,1.0
JIM-THOMAS,16.0,0.1523809523809524
KEVIN-KIM,208.0,0.29691327780499754
HYUNG-TAIK-LEE,275.0,0.4535999354994759
ALEXANDER-SHVEC,2.0,0
ALEXANDER-POPP,110.0,0.49463171036204745
YU-JR-WANG,10.0,0.16666666666666666
BEN-QIANG-ZHU,6.0,0.3333333333333333
JURGEN-MELZER,663.0,0.3420439209912894
OLIVER-MARACH,115.0,0.20318449290411908
ARTEM-DEREPASKO,2.0,1.0
MIKHAIL-YOUZHNY,867.0,0.3354800804465234
ROBERT-LINDSTEDT,4.0,0.3333333333333333
DEJAN-PETROVIC,8.0,0.5357142857142857
PAUL-BACCANELLO,13.0,0.5
JIRI-VANEK,205.0,0.3504549214226634
ANDY-RAM,9.0,0.4722222222222222
SUNIL-KUMAR,1.0,0
PAUL-KILDERRY,3.0,0.3333333333333333
YAOKI-ISHII,5.0,0.8
MICHAEL-LLODRA,431.0,0.409557976791567
MICHEL-KRATOCHVIL,164.0,0.5032527105921601
ANDY-RODDICK,784.0,0.39462952506430765
ADRIAN-GARCIA,47.0,0.3929292929292929
PABLO-GONZALEZ,1.0,0
JAIME-CORTES,1.0,0
MARDY-FISH,513.0,0.39554013488752876
DAVID-NALBANDIAN,550.0,0.4364703325364051
LEVAR-HARPER-GRIFFITH,3.0,0.3333333333333333
REGINALD-WILLEMS,2.0,1.0
NICOLAS-COUTELOT,34.0,0.6048387096774194
GUILLERMO-CORIA,327.0,0.5112461454743334
MARTIN-GARCIA,2.0,0
ANDY-FAHLKE,1.0,0
HUGO-ARMANDO,72.0,0.2835820895522388
JUAN-GINER,5.0,0.5
NICOLAS-MAHUT,426.0,0.32994467496542185
ERIC-PRODON,45.0,0.2857142857142857
ALEX-WITT,1.0,0
OLIVIER-ROCHUS,536.0,0.36159119714252796
JOACHIM-JOHANSSON,129.0,0.5328107502799552
TIMO-FLEISCHFRESSER,1.0,0
NIKOLAY-DAVYDENKO,795.0,0.3656663772520078
SERGIO-ROITMAN,92.0,0.4811594202898551
KIM-TIILIKAINEN,2.0,0
JAN-HERNYCH,351.0,0.2591093117408907
IVAN-VAJDA,2.0,1.0
DENNIS-PESCHEK,1.0,0
PAUL-HENRI-MATHIEU,638.0,0.3076105757351124
ANDREAS-FASCHING,1.0,0
KRISTIAN-CAPALIK,8.0,0.39285714285714285
ALEXANDRE-SIMONI,32.0,0.46236559139784944
JAKUB-HERM-ZAHLAVA,2.0,0
JONATHAN-ERLICH,9.0,0.3055555555555556
CHRISTOPHE-POGNON,1.0,0
DIEGO-CAMACHO,1.0,0
STEFANO-TARALLO,2.0,0
LEOS-FRIEDL,18.0,0.12418300653594772
MICHIHISA-ONODA,4.0,0
JOJI-MIYAO,3.0,0
ZBYNEK-MLYNARIK,1.0,0
DENIS-GOLOVANOV,5.0,0.6
LEE-CHILDS,17.0,0.2647058823529412
OLIVER-FREELOVE,1.0,0
JONAS-FROBERG,2.0,1.0
JARKKO-NIEMINEN,739.0,0.3394758394758395
ALUN-JONES,28.0,0.3569230769230769
FAZALUDDIN-SYED,1.0,0
YURI-SCHUKIN,94.0,0.22253086419753088
MATTHEW-BREEN,1.0,0
TODD-PERRY,4.0,0
LADISLAV-SVARC,4.0,0.3333333333333333
IGNACIO-HIRIGOYEN,4.0,0.8333333333333334
JOHAN-SETTERGREN,6.0,0.6
HELGE-KOLL,1.0,0
PATRICIO-ARQUEZ,1.0,0
JOSE-ACASUSO,379.0,0.4139349294045427
DMITRY-TURSUNOV,475.0,0.3945930083269139
OMAR--ALAWADHI,14.0,0.3181818181818182
FLAVIO-SARETTA,149.0,0.4168714168714169
ROBBY-GINEPRI,453.0,0.3458739144193242
CHEMSEDDINE-BELAL,2.0,0
JAN-VACEK,100.0,0.45143638850889195
ALBERT-MONTANES,571.0,0.33023461708720675
TIAGO-SOUSA,1.0,0
FRANTISEK-CERMAK,80.0,0.14885114885114886
DANIEL-MELO,4.0,0.16666666666666666
FILIPPO-VOLANDRI,435.0,0.33014749262536874
IVAYLO-TRAYKOV,3.0,0
STEFANO-GALVANI,93.0,0.2888697647733792
GILLES-ELSENEER,41.0,0.3522267206477733
YVES-ALLEGRO,24.0,0.2644927536231884
JULIAN-KNOWLE,45.0,0.4496124031007752
MARK-HILTON,5.0,0.7
DMITRY-VLASOV,6.0,0.06666666666666667
MARIO-RADIC,6.0,0.13333333333333333
MARC-LOPEZ,98.0,0.3247606019151847
MARKO-TKALEC,16.0,0.10833333333333334
IZTOK-BOZIC,1.0,0
ALEXANDER-PEYA,151.0,0.2090305118110236
CARLOS-CUADRADO,8.0,0.5357142857142857
KRYSTIAN-PFEIFFER,1.0,0
ZACK-FLEISHMAN,48.0,0.33403805496828753
JACK-BRASINGTON,10.0,0.7333333333333333
SEBASTIEN-DE-CHAUNAC,92.0,0.2605042016806723
ALEX-BOGOMOLOV-JR,286.0,0.30156985871271585
RUBEN-RAMIREZ-HIDALGO,281.0,0.2561897855588936
RICARDO-MELLO,196.0,0.2814722911497105
THIAGO-ALVES,89.0,0.25830149867763735
IVO-KARLOVIC,630.0,0.3673041812576696
TAKAHIRO-TERACHI,14.0,0.17582417582417584
SHAN-JIANG,1.0,0
ROBBIE-KOENIG,1.0,0
JOHN-HUI,1.0,0
JAVIER-GARCIA-SINTES,1.0,0
DANAI-UDOMCHOKE,127.0,0.2823914823914824
HIROKI-KONDO,14.0,0.15384615384615385
RADIM-ZITKO,2.0,0
JULIEN-BENNETEAU,544.0,0.4306784660766962
MIKHAIL-ELGIN,72.0,0.15430520034100598
ROBIN-SODERLING,465.0,0.5250070442378134
THOMAS-DUPRE,1.0,0
NASSER-GHANIM-AL-KHULAIFI,1.0,0
DANIEL-WILLMAN,1.0,0
TODD-REID,35.0,0.5320197044334976
OLIVIER-PATIENCE,131.0,0.26438698915763137
DENIS-GREMELMAYR,145.0,0.3478608556577369
MARC-GICQUEL,279.0,0.3476812185502516
THIERRY-ASCIONE,117.0,0.2779209621993127
JULIO-SILVA,61.0,0.2077922077922078
MARCOS-DANIEL,99.0,0.469558599695586
GUILLERMO-HORMAZABAL,11.0,0.09090909090909091
LEONARDO-OLGUIN,1.0,0
EDGARDO-MASSA,25.0,0.38405797101449274
VASILIS-MAZARAKIS,10.0,0.2
MARIO-ANCIC,326.0,0.47455621301775147
DAVID-FERRER,999.0,0.3741611186866661
NUNO-MATIAS,1.0,0
FERNANDO-VERDASCO,776.0,0.3666335650446872
RICHARD-GASQUET,702.0,0.39327534292405486
DIDAC-PEREZ,7.0,0.6190476190476191
RAFAEL-NADAL,968.0,0.4105777950511724
MARIANO-ALBERT-FERRANDO,1.0,0
PHILIPP-KOHLSCHREIBER,688.0,0.3925656075018552
JOHANNES-AGER,2.0,0
AMIR-HADAD,6.0,0.4
IVAN-MIRANDA,27.0,0.322463768115942
MARTIN-VASSALLO-ARGUELLO,138.0,0.4508910891089109
JULIEN-VARLET,11.0,0.6545454545454545
ALEX-BOGDANOVIC,96.0,0.21884576098059244
WESLEY-MOODIE,142.0,0.3545385202135774
JEFF-COETZEE,6.0,0.06666666666666667
GILLES-MULLER,378.0,0.36597542242703535
KAROL-BECK,217.0,0.3801499637184552
ALEXANDER-WASKE,109.0,0.40924886394012294
JUAN-PABLO-GUZMAN,36.0,0.34759358288770054
ALAN-MACKIN,19.0,0.33986928104575165
KONSTANTINOS-ECONOMIDIS,40.0,0.23273273273273273
BRIAN-VAHALY,64.0,0.47677793904209
GORKA-FRAILE,26.0,0.1753846153846154
FILIP-PRPIC,44.0,0.12659698025551683
VICTOR-HANESCU,466.0,0.3513778242131383
NICOLAS-TODERO,9.0,0.3333333333333333
ADAM-KENNEDY,3.0,0.3333333333333333
BARTLOMIEJ-DABROWSKI,2.0,1.0
RADOSLAW-NIJAKI,1.0,0
FRANK-DANCEVIC,262.0,0.31718008767189093
EMIN-AGAEV,1.0,0
BRIAN-BAKER,69.0,0.42242703533026116
RAJEEV-RAM,309.0,0.21329029808239985
TREVOR-SPRACKLIN,1.0,0
PAUL-HANLEY,5.0,0
MATIAS-BOEKER,5.0,0.4
RADOSLAV-LUKAEV,1.0,0
BJORN-REHNQUIST,43.0,0.22402159244264508
SLIMANE-SAOUDI,5.0,0.1
PRAKASH-AMRITRAJ,84.0,0.20412920412920413
MAXIMILIAN-ABEL,14.0,0.38461538461538464
DOUG-BOHABOY,1.0,0
KRISTOF-VLIEGEN,222.0,0.48905109489051096
FLORENT-SERRA,391.0,0.34533001245330014
ROHAN-BOPANNA,79.0,0.13476490188818957
ROBERT-KENDRICK,172.0,0.3122213480199318
SIMON-REA,2.0,1.0
RAPHAEL-DUREK,3.0,0
PETER-LUCZAK,189.0,0.3371212121212121
RYAN-HENRY,1.0,0
JULIO-PERALTA,8.0,0.10714285714285714
MIGUEL-GALLARDO-VALLES,6.0,0.7333333333333333
FREDERIK-NIELSEN,76.0,0.18153364632237873
MASSIMO-DELLACQUA,19.0,0.25146198830409355
RASMUS-NORBY,1.0,0
GIOVANNI-LAPENTTI,98.0,0.20689655172413793
JAY-GOODING,1.0,0
OSCAR-HERNANDEZ,224.0,0.3814619989116633
HELDER-LOPES,1.0,0
DIOGO-ROCHA,5.0,0.1
GUILLERMO-GARCIA-LOPEZ,612.0,0.36745383257011166
JAN-WEINZIERL,1.0,0
MARIANO-DELFINO,1.0,0
CHRISTOPHER-KODERISCH,2.0,1.0
JEAN-CLAUDE-SCHERRER,19.0,0.23391812865497075
RIK-DE-VOEST,215.0,0.20142857142857143
JONATHAN-MARRAY,24.0,0.18972332015810275
PAUL-LOGTENS,2.0,1.0
PHILIPP-PETZSCHNER,263.0,0.3610800744878957
FRANK-MOSER,47.0,0.08637873754152824
FRED-HEMMES,4.0,0.8333333333333334
MICHAL-MERTINAK,52.0,0.15987933634992457
RICHARD-BLOOMFIELD,51.0,0.2612244897959184
STAN-WAWRINKA,660.0,0.45475113122171945
MICHAEL-LAMMER,88.0,0.2699367088607595
CHRIS-GUCCIONE,174.0,0.3039555863983345
DUSTIN-BROWN,222.0,0.27675324675324675
JAROSLAV-LEVINSKY,8.0,0
POTITO-STARACE,372.0,0.3880134608194007
SIMON-GREUL,177.0,0.37158651188501934
AMER-DELIC,145.0,0.31771293840259357
JANKO-TIPSAREVIC,475.0,0.4343781094527363
BOBBY-REYNOLDS,192.0,0.2937120794263651
IGOR-LEVINE,1.0,0
MATTHEW-BEHRMANN,1.0,0
DIEGO-AYALA,1.0,0
FLORIN-MERGEA,17.0,0.14705882352941177
DANIEL-KOELLERER,78.0,0.3908780903665814
INGO-NEUMULLER,1.0,0
ROBIN-VIK,78.0,0.5175592625109745
ANDREAS-SEPPI,633.0,0.41450241323833603
SASA-TUKSAR,12.0,0.3333333333333333
ROKO-KARANUSIC,99.0,0.2729826353421859
ROBERT-YIM,6.0,0
MARIUSZ-FYRSTENBERG,9.0,0.1388888888888889
MARCIN-MATKOWSKI,4.0,0.16666666666666666
FILIP-URBAN,2.0,0
ANDREW-CARLSON,1.0,0
TOMAS-BERDYCH,842.0,0.41387469565515583
IGOR-ANDREEV,487.0,0.42461772333005454
GABRIEL-MORARU,6.0,0.4
FRANCO-FERREIRO,21.0,0.23333333333333334
MICHAEL-QUINTERO,11.0,0.05454545454545454
PAUL-CAPDEVILLE,216.0,0.2581095664317908
MARCO-CHIUDINELLI,256.0,0.25289048865619546
SONCHAT-RATIWATANA,11.0,0.09090909090909091
DIEGO-VERONELLI,5.0,1.0
NICOLAS-ALMAGRO,641.0,0.3919581680490444
TOMAS-TENCONI,5.0,0.4
FRANCESCO-ALDI,33.0,0.2160919540229885
ALESSIO-DI-MAURO,76.0,0.33034953111679455
SHAO-XUAN-ZENG,11.0,0.23636363636363636
PAVEL-SNOBEL,25.0,0.19367588932806323
TASUKU-IWAMI,8.0,0.10714285714285714
VADIM-DAVLETSHIN,2.0,0
HARSH-MANKAD,4.0,0.3333333333333333
KARAN-RASTOGI,12.0,0.18181818181818182
FLORIAN-MAYER,464.0,0.4326885459682678
STEPHANE-BOHLI,98.0,0.274514811031665
KJ-HIPPENSTEEL,16.0,0.2833333333333333
JUAN-MONACO,602.0,0.3908022130013831
TOMAS-CAKL,27.0,0.23
PEDRO-BRAGA,1.0,0
MOHAMMAD-GHAREEB,18.0,0.3235294117647059
TRIPP-PHILLIPS,1.0,0
GUSTAVO-MARCACCIO,17.0,0.14705882352941177
BRENDAN-EVANS,76.0,0.1718679330619629
LEONARDO-TAVARES,24.0,0.15942028985507245
STEPHANE-ROBERT,182.0,0.2976460159558751
WAYNE-ODESNIK,186.0,0.34077750206782464
JEAN-CHRISTOPHE-FAUREL,26.0,0.20615384615384616
ISRAEL-MATOS-GIL,2.0,1.0
GUILLEM-BURNIOL,4.0,0.3333333333333333
NICOLAS-DEVILDER,123.0,0.29445544554455444
UROS-VICO,13.0,0.47435897435897434
BORIS-PASHANSKI,133.0,0.29788242730720604
DIETER-KINDLMANN,68.0,0.15873015873015872
SANTIAGO-VENTURA,136.0,0.3376829483336272
SIMONE-VAGNOZZI,81.0,0.14866712235133286
MEHDI-ZIADI,9.0,0.3888888888888889
ANDREA-STOPPINI,44.0,0.28339140534262486
JULIEN-JEANPIERRE,15.0,0.2
ALEJANDRO-FALLA,403.0,0.28294862248696945
JEROME-HAEHNEL,42.0,0.41536273115220484
MICHAEL-BERRER,410.0,0.2596626643796455
IAN-FLANAGAN,5.0,0.3
YEN-HSUN-LU,377.0,0.3654308135810378
AISAM-UL-HAQ-QURESHI,61.0,0.1851179673321234
SEBASTIAN-FITZ,1.0,0
JIMMY-WANG,139.0,0.246218487394958
IVAN-NAVARRO,202.0,0.29250927819434974
MATHIAS-HELLSTROM,1.0,0
ERVIN-ELESKOVIC,29.0,0.2222222222222222
TEYMURAZ-GABASHVILI,444.0,0.3116024684858589
MELLE-VAN-GEMERDEN,12.0,0.3181818181818182
MICHAL-PRZYSIEZNY,200.0,0.20540997464074387
NICK-VAN-DER-MEER,7.0,0.047619047619047616
LESTER-COOK,18.0,0.25
ANDREAS-BECK,170.0,0.3298017771701982
SEBASTIAN-RIESCHICK,19.0,0.1695906432748538
EDOUARD-ROGER-VASSELIN,354.0,0.29601185138980934
ALEX-KUZNETSOV,179.0,0.19673289183222958
IVO-MINAR,173.0,0.3465648854961832
DANIEL-GIMENO-TRAVER,363.0,0.32711342647407055
NOVAK-DJOKOVIC,881.0,0.45461639760035116
LUKASZ-KUBOT,332.0,0.32066529961266804
MARCOS-BAGHDATIS,530.0,0.4425763675112479
LAMINE-OUAHAB,52.0,0.22074468085106383
DANIEL-YOO,9.0,0.19444444444444445
SCOVILLE-JENKINS,56.0,0.2768627450980392
HAO-LU,4.0,0.16666666666666666
JO-WILFRIED-TSONGA,554.0,0.4753819036427732
NATHAN-HEALEY,36.0,0.2887700534759358
VICTOR-IONITA,9.0,0.3333333333333333
ANDRES-PEDROSO,1.0,0
ADRIAN-BOHANE,1.0,0
TODD-WIDOM,35.0,0.22537878787878787
IVO-KLEC,81.0,0.17141799333580154
GAEL-MONFILS,595.0,0.43812871167131257
GILLES-SIMON,670.0,0.416678999556016
SERGIY-STAKHOVSKY,426.0,0.3023342103487823
KONSTANTIN-DON-GRUBER,1.0,0
MICHAEL-RYDERSTEDT,43.0,0.21022067363530778
MARC-KIMMICH,3.0,1.0
MOHAMMED-ABDULLA,1.0,0
GD-JONES,7.0,0.09523809523809523
LUKE-BOURGEOIS,2.0,1.0
PENG-SUN,6.0,0.06666666666666667
ERIC-NUNEZ,12.0,0.10909090909090909
FELIPE-PARADA,2.0,1.0
PHILLIP-HARBOE,1.0,0
DONALD-YOUNG,356.0,0.3083276912660799
ZACH-DAILEY,1.0,0
HORIA-TECAU,6.0,0.13333333333333333
FRANCISCO-FOGUES,3.0,1.0
ANDY-MURRAY,783.0,0.4971321252728288
RUI-MACHADO,94.0,0.3101851851851852
FRANK-CONDOR,1.0,0
TOBIAS-SUMMERER,16.0,0.325
MARCO-MIRNEGG,1.0,0
LUKAS-DLOUHY,136.0,0.3166416791604198
DUDI-SELA,289.0,0.4171597633136095
JUAN-PABLO-BRZEZICKI,73.0,0.20982142857142858
JOSH-GOODALL,44.0,0.15365853658536585
TRAVIS-RETTENMAIER,10.0,0.06666666666666667
LARS-UEBEL,1.0,0
TOBIAS-KLEIN,3.0,0
DAVID-SHERWOOD,2.0,1.0
JAROSLAV-POSPISIL,55.0,0.24862745098039216
SCOTT-OUDSEMA,19.0,0.38333333333333336
BRIAN-WILSON,16.0,0.18333333333333332
STEVEN-KORTELING,1.0,0
JESSE-WITTEN,70.0,0.2261072261072261
CARLOS-BERLOCQ,308.0,0.3684975297878524
ALJOSCHA-THRON,2.0,0
ILIJA-BOZOLJAC,126.0,0.15013196708585624
MARIN-CILIC,592.0,0.4205069124423963
ADAM-CHADAJ,9.0,0.08333333333333333
PHILLIP-SIMMONDS,31.0,0.12688172043010754
ROBERT-SMEETS,33.0,0.221505376344086
ALEX-CLAYTON,4.0,0.5
ROB-STECKLEY,1.0,0
PHILIP-BESTER,31.0,0.2
TOSHIHIDE-MATSUI,23.0,0.1067193675889328
LUKA-GREGORC,83.0,0.14105263157894737
VICTOR-CRIVOI,115.0,0.2188573883161512
TI-CHEN,46.0,0.16168327796234774
JOHN-PAUL-FRUTTERO,7.0,0.19047619047619047
GO-SOEDA,213.0,0.2503564299971486
MINH-QUAN-DO,1.0,0
JOSE-ANTONIO-SANCHEZ-DE-LUNA,12.0,0.32727272727272727
FABIO-FOGNINI,514.0,0.35442807783233315
GIANLUCA-NASO,104.0,0.17669072440523925
TAKAHIRO-ITTOGI,1.0,0
EVGENY-KIRILLOV,32.0,0.17338709677419356
MIKHAIL-LEDOVSKIKH,91.0,0.10327022375215146
RAINER-EITZINGER,36.0,0.23885918003565063
RAMEEZ-JUNAID,19.0,0.10457516339869281
PAOLO-LORENZI,245.0,0.3242087254063302
VISHAL-UPPAL,1.0,0
DANIEL-KING-TURNER,20.0,0.21578947368421053
DENIS-ISTOMIN,412.0,0.38963597852322546
JACOB-ADAKTUSSON,14.0,0.0989010989010989
JUAN-MARTIN-DEL-POTRO,481.0,0.5093922651933702
JORGE-AGUILAR,31.0,0.15873015873015872
EVGENY-KOROLEV,268.0,0.3220812336834436
ALEXANDRE-SIDORENKO,79.0,0.13986013986013987
SAM-WARBURG,43.0,0.27926829268292686
SAM-QUERREY,516.0,0.4452031410037555
DOMINIK-MEFFERT,91.0,0.21944444444444444
ANTAL-VAN-DER-DUIM,5.0,0.2
ANDRE-GHEM,71.0,0.15514592933947774
SANTIAGO-GONZALEZ,60.0,0.1367211131276467
BENJAMIN-BALLERET,53.0,0.21551020408163266
BARTOLOME-SALVA-VIDAL,11.0,0.4666666666666667
MARCEL-GRANOLLERS,453.0,0.36468253968253966
TOMISLAV-PERIC,4.0,0
FRED-GIL,189.0,0.35329459273121244
JEREMY-CHARDY,441.0,0.397405257767156
GASTAO-ELIAS,127.0,0.23552960800667222
LEONARDO-AZZARO,9.0,0.4444444444444444
DAVID-LUQUE-VELASCO,1.0,0
SIMONE-BOLELLI,358.0,0.3493779062460726
TORSTEN-POPP,2.0,1.0
MATHIEU-MONTCOURT,36.0,0.29411764705882354
DIEGO-HARTFIELD,64.0,0.41671537112799534
BENJAMIN-BECKER,451.0,0.35686834676733664
JAMIE-BAKER,65.0,0.18059614260666276
MISCHA-ZVEREV,410.0,0.2419067419067419
ROBIN-HAASE,365.0,0.34175771137729805
SIMON-STADLER,97.0,0.15905118601747814
BENEDIKT-DORSCH,42.0,0.14743589743589744
ROBIN-ROSHARDT,5.0,0
ROMAN-VOGELI,5.0,0.2
JESSE-LEVINE,180.0,0.3517233402729586
THIEMO-DE-BAKKER,219.0,0.3042128603104213
IGOR-SIJSLING,221.0,0.3268564057082964
STEVE-DARCIS,243.0,0.3674010607915137
DIEGO-JUNQUEIRA,101.0,0.22641005078855922
ANDREAS-HAIDER-MAURER,164.0,0.3339354838709677
DAMIAN-PATRIARCA,1.0,0
ARMIN-SANDBICHLER,6.0,0.2
MICHAEL-YANI,104.0,0.21500559910414332
STEFANO-IANNI,10.0,0.25
LUKA-BELIC,6.0,0.26666666666666666
FLAVIO-CIPOLLA,246.0,0.28661755678330264
GRZEGORZ-PANFIL,9.0,0.08333333333333333
RYAN-SWEETING,198.0,0.32573454913880445
SOMDEV-DEVVARMAN,233.0,0.27266307139188495
MICHAEL-VENUS,40.0,0.1064102564102564
PETER-POLANSKY,129.0,0.17890772128060264
JAN-HAJEK,156.0,0.3661935483870968
XIN-YUAN-YU,4.0,0.8333333333333334
JUAN-MARTIN-ARANGUREN,22.0,0.17316017316017315
ALEXANDR-DOLGOPOLOV,392.0,0.44036588263245424
JAMES-AUCKLAND,11.0,0.12727272727272726
AKASH-WAGH,7.0,0.047619047619047616
JASPER-SMIT,4.0,0.3333333333333333
TOBIAS-CLEMENS,14.0,0.15384615384615385
VIKTOR-TROICKI,506.0,0.3773015873015873
KONSTANTIN-KRAVCHUK,107.0,0.15227663230240548
MARTIN-FISCHER,149.0,0.1779047619047619
JULIAN-REISTER,145.0,0.24793388429752067
JULIEN-MATHIEU,11.0,0.12727272727272726
ERNESTS-GULBIS,437.0,0.45428540587219346
SANTIAGO-GIRALDO,408.0,0.35662519374973817
PAVEL-IVANOV,2.0,0
WOONG-SUN-JUN,67.0,0.1371584699453552
RAVISHANKAR-PATHANJALI,1.0,0
ASHUTOSH-SINGH,2.0,0
VISHAL-PUNNA,2.0,0
PABLO-ANDUJAR,355.0,0.33625596062144286
STEPHEN-AMRITRAJ,4.0,0
NSRIRAM-BALAJI,11.0,0.10909090909090909
GUILLERMO-ALCAIDE,22.0,0.12380952380952381
SERGEI-BUBKA,109.0,0.19912280701754387
JAMIE-MURRAY,7.0,0.09523809523809523
MUSAAD-AL-JAZZAF,2.0,0
DANIEL-MUNOZ-DE-LA-NAVA,166.0,0.21359867330016583
KARIM-MAAMOUN,5.0,0.16666666666666666
ABDULLA-HAJJI,4.0,0.3333333333333333
ANDREY-GOLUBEV,297.0,0.28457507404875826
DMITRI-SITAK,11.0,0.09090909090909091
LUKAS-ROSOL,329.0,0.368751722237531
JOSE-STATHAM,21.0,0.18947368421052632
LAURENT-RECOUDERC,78.0,0.17660125879303962
KYU-TAE-IM,25.0,0.1956521739130435
MATT-SIMPSON,3.0,0.3333333333333333
ADAM-THOMPSON,4.0,0
MARTIN-COLENBRANDER,4.0,0
MIKAL-STATHAM,6.0,0.13333333333333333
WILLIAM-WARD,2.0,0
AUSTEN-CHILDS,1.0,0
BRYDAN-KLEIN,51.0,0.22789115646258504
LUKAS-LACKO,247.0,0.368443835221124
DAVID-GUEZ,106.0,0.25150343642611683
NICOLAS-TOURTE,9.0,0.21428571428571427
LEONARDO-MAYER,286.0,0.41531119774163194
MATTHEW-EBDEN,210.0,0.30899646490152227
NICHOLAS-MONROE,40.0,0.13205128205128205
MARC-FORNELL-MESTRES,14.0,0.07692307692307693
ALEXANDER-SATSCHKO,11.0,0.12727272727272726
ANDREW-COELHO,9.0,0.2222222222222222
PABLO-SANTOS,7.0,0.047619047619047616
GREG-JONES,77.0,0.22634271099744246
ADRIAN-UNGUR,118.0,0.23037716615698267
ADAM-FEENEY,18.0,0.21568627450980393
ROGERIO-DUTRA-SILVA,116.0,0.2223491338282886
PAVOL-CERVENAK,62.0,0.17966101694915254
NICK-LINDAHL,45.0,0.21483942414174972
COLIN-EBELTHITE,17.0,0.16911764705882354
JAN-MERTL,72.0,0.17639077340569878
JOSHUA-CROWE,1.0,0
YOHNY-ROMERO,1.0,0
TEODOR-DACIAN-CRACIUN,19.0,0.13071895424836602
JEAN-JULIEN-ROJER,8.0,0.10714285714285714
OLIVIER-SAJOUS,16.0,0.175
ROMAN-BORVANOV,22.0,0.18571428571428572
LADISLAV-CHRAMOSTA,4.0,0.16666666666666666
PETAR-JELENIC,4.0,0.5
FARRUKH-DUSTOV,89.0,0.13279132791327913
GREGA-ZEMLJA,168.0,0.30141691713181623
IVAN-DODIG,332.0,0.3445413692836373
ANTONIO-VEIC,126.0,0.18299620733249053
FRANKO-SKUGOR,93.0,0.13322884012539185
JESSE-HUTA-GALUNG,124.0,0.23785253143051308
JONATHAN-EYSSERIC,42.0,0.17073170731707318
THOMAS-OGER,14.0,0.18681318681318682
OREST-TERESHCHUK,2.0,0
ILLYA-MARCHENKO,245.0,0.2639094322448515
ANDIS-JUSKA,17.0,0.19117647058823528
CHRIS-WETTENGEL,19.0,0.1111111111111111
DAVID-MARTIN,24.0,0.06719367588932806
MICHAEL-MCCLUNE,39.0,0.1379800853485064
TRAVIS-PARROTT,10.0,0.08888888888888889
DARRIN-COHEN,2.0,0
CHRISTOPH-PALMANSHOFER,2.0,0
BRAD-WESTON,4.0,0.16666666666666666
JASON-ZIMMERMANN,3.0,0.3333333333333333
TYLER-HOCHWALT,5.0,0.2
SCOTT-LIPSKY,49.0,0.07712765957446809
JEFF-GAST,2.0,0
GEOFF-GEHRKE,3.0,0
RICK-KEPLER,1.0,0
PABLO-PIRES-DE-ALMEIDA,1.0,0
CONOR-NILAND,52.0,0.18274509803921568
BRANDON-COUPE,1.0,0
JORDAN-KEPLER,1.0,0
TIN-DONG,1.0,0
DENNY-FAFEK,2.0,0
DEJAN-DJOKIC,1.0,0
EDUARDO-SCHWANK,153.0,0.36803874092009686
DANIEL-DUTRA-DA-SILVA,14.0,0.20512820512820512
CRISTIAN-VILLAGRAN,9.0,0.19444444444444445
RICARDO-HOCEVAR,57.0,0.1741654571843251
NICOLAS-SANTOS,1.0,0
HELIO-SILEMAN,1.0,0
TIAGO-LOPES,4.0,0.3333333333333333
CAIO-ZAMPIERI,42.0,0.19568151147098514
MARCELO-MICHELUCCI,2.0,1.0
JOAO-SOUZA,158.0,0.2754007739082366
FERNANDO-ROMBOLI,12.0,0.30303030303030304
MARCELO-MELO,18.0,0.08088235294117647
PIER-MARCO-PIERACCIANI,1.0,0
GUIDO-PELLA,113.0,0.2993939393939394
HORACIO-ZEBALLOS,218.0,0.33689839572192515
LESLEY-JOSEPH,1.0,0
BRUNO-ECHAGARAY,12.0,0.4393939393939394
ANTONIO-RUIZ-ROSALES,5.0,0.2
EDUARDO-PERALTA-TELLO,3.0,0
JOHNNY-HAMUI,1.0,0
AHMAD-RABEEA,1.0,0
HAMAD-ABBAS-ISMAIL,1.0,0
KARIM-ALAYLI,4.0,0.16666666666666666
JONATHAN-SCHNEIDER,1.0,0
TYLER-CLEVELAND,2.0,0
ALEX-BARTLETT,2.0,0
PAVEL-CHEKHOV,15.0,0.14285714285714285
PETRU-ALEXANDRU-LUNCANU,27.0,0.1076923076923077
BRUNO-ROSA,3.0,0
LARS-POERSCHKE,9.0,0.2222222222222222
JASON-MARSHALL,3.0,0.3333333333333333
NIKITA-KRYVONOS,5.0,0
KEI-NISHIKORI,473.0,0.40872323552735923
FRITZ-WOLMARANS,38.0,0.173109243697479
EVGHENII-CORDUNEANU,2.0,0
THERON-COLE,1.0,0
AUGUSTIN-GENSSE,30.0,0.2045977011494253
JAMES-WARD,166.0,0.25495337995337997
ROBERTO-BAUTISTA-AGUT,344.0,0.38384190642255156
DAVID-ESTRUCH,8.0,0
HECTOR-RUIZ-CADENAS,6.0,0
ALBERT-RAMOS-VINOLAS,362.0,0.3197379439436481
BRUNO-RODRIGUEZ,6.0,0.06666666666666667
ALEN-BISEVAC,4.0,0
MIQUEL-PEREZ-PUIGDOMENECH,4.0,0.3333333333333333
DAVID-MARRERO,65.0,0.16072472238457042
ANTOINE-CHAMPAGNE,1.0,0
ADOLFO-GOMEZ-PINTER,1.0,0
CHRISTOPHER-DEKKER,1.0,0
JORDI-MARSE-VIDRI,1.0,0
VALERY-RUDNEV,34.0,0.12096774193548387
ANTONI-GOMEZ,2.0,0
BENEDIKT-EGER,1.0,0
THOMAS-DROUET,2.0,1.0
JAVIER-GARRAPIZ-BORDERIAS,1.0,0
IGNACIO-COLL-RIUDAVETS,6.0,0.3333333333333333
RABIE-CHAKI,4.0,0
CARLOS-SALAMANCA,32.0,0.14112903225806453
BASTIAN-KNITTEL,47.0,0.20789779326364694
YOUNES-RACHIDI,5.0,0.1
ANAS-FATTAR,2.0,0
MOHAMED-SABER,6.0,0
PEDRO-SOUSA,32.0,0.16559139784946236
GERO-KRETSCHMER,3.0,0
TIAGO-GODINHO,2.0,0
MATTHIAS-BACHINGER,237.0,0.20254608779198943
DANIEL-BRANDS,268.0,0.2887532693984307
LOUK-SORENSEN,56.0,0.13570391872278664
MARC-MEIGEL,4.0,0
MARCEL-ZIMMERMANN,4.0,0
TOBIAS-KAMKE,295.0,0.2865671641791045
MARC-SIEBER,5.0,0.2
DAVID-THURNER,11.0,0.1111111111111111
PATRICK-TAUBERT,4.0,0.16666666666666666
PETER-GOJOWCZYK,121.0,0.24810439076000707
MARTIN-VACEK,6.0,0
MICHAL-NAVRATIL,1.0,0
THOMAS-FABBIANO,117.0,0.15562969140950791
PHILIPP-OSWALD,68.0,0.13568521031207598
NICOLAS-REISSIG,16.0,0.15833333333333333
PASCAL-BENZ,1.0,0
BRIAN-DABUL,69.0,0.3722563652326602
PABLO-CUEVAS,324.0,0.3290155440414508
MAXIMO-GONZALEZ,168.0,0.23891652846876726
MARTIN-KLIZAN,240.0,0.35938792390405294
ADRIAN-MANNARINO,322.0,0.35915829746532757
JOSSELIN-OUANNA,113.0,0.22778808493094208
GARY-LUGASSY,13.0,0.2692307692307692
MARCO-CRUGNOLA,55.0,0.1334730957372467
DANIEL-LENCINA-RIBES,2.0,0
PHILIPP-MARX,8.0,0.03571428571428571
TRISTAN-FARRON-MAHON,1.0,0
PATRICK-EICHENBERGER,5.0,0
GUNNAR-HILDEBRANDT,1.0,0
IGOR-ZELENAY,5.0,0
JAN-HENRIK-LANGHORST,1.0,0
TOM-RUSHBY,3.0,0
JAMES-MAY,4.0,0
CHRIS-EATON,28.0,0.1908831908831909
DAVID-RICE,9.0,0.1388888888888889
NEIL-BAMFORD,3.0,0
DANIEL-COX,42.0,0.19628339140534262
DAVID-BREWER,2.0,0
ALEXANDER-SLABINSKY,17.0,0.16176470588235295
IAIN-ATKINSON,1.0,0
RICHARD-IRWIN,2.0,0
DANIEL-EVANS,90.0,0.30462962962962964
MICHEL-KONING,12.0,0.2727272727272727
JORDAN-KERR,7.0,0.047619047619047616
ALEXANDER-NONNEKES,3.0,0
THOMAS-SCHOOREL,57.0,0.1583710407239819
BART-BEKS,3.0,0
ROY-BRUGGELING,1.0,0
XANDER-SPONG,1.0,0
MARTIJN-VAN-HAASTEREN,1.0,0
SVEN-SWINNEN,2.0,0
WOUTER-STANDAART,1.0,0
KEN-SKUPSKI,10.0,0.044444444444444446
SEAN-THORNLEY,7.0,0.047619047619047616
DANIEL-SMETHURST,27.0,0.16524216524216523
THOMAS-KNIGHTS,1.0,0
EDWARD-CORRIE,13.0,0.3939393939393939
GRAEME-DYCE,1.0,0
JAMES-PRESCOTT,1.0,0
CHRIS-HARFIELD,1.0,0
ROBERT-CHAMBERS,1.0,0
BORIS-OBAMA,1.0,0
GEORGE-COUPLAND,3.0,0.3333333333333333
LEWIS-BARNES,1.0,0
DANIEL-COTTIER,1.0,0
TOM-WILLIAMS,1.0,0
BEN-DUNBAR,1.0,0
GABRIEL-TRUJILLO-SOLER,18.0,0.0915032679738562
JOSE-CHECA-CALVO,14.0,0.2087912087912088
TIM-GORANSSON,9.0,0.08333333333333333
ERLING-TVEIT,9.0,0.05555555555555555
DANIEL-KUMLIN,4.0,0
ROBIN-FAHGEN,3.0,0
JUHO-PAUKKU,5.0,0
JONAS-BERG,2.0,0
JOHAN-BRUNSTROM,16.0,0.058333333333333334
PABLO-FIGUEROA,9.0,0.027777777777777776
MIKAEL-EKMAN,2.0,0
RASMUS-MOLLER,2.0,0
DENYS-MOLCHANOV,53.0,0.14775510204081632
RICKARD-HOLMSTROM,4.0,0
PATRIK-ROSENHOLM,23.0,0.10952380952380952
MARKUS-ERIKSSON,14.0,0.12087912087912088
DAVID-NYLEN,2.0,0
OSKAR-PALLIN,3.0,0
THOMAS-KROMANN,1.0,0
PHIL-STOLT,1.0,0
OTTO-SAUER,1.0,0
ROBIN-BRAGE,2.0,0
DANIEL-BERTA,8.0,0.14285714285714285
HENRIK-NORFELDT,3.0,0
CARL-BERGMAN,13.0,0.06060606060606061
STIAN-BORETTI,1.0,0
FREDERIC-NUSSBAUM,4.0,0.16666666666666666
MATHIEU-GUENAT,2.0,0
YANN-MARTI,49.0,0.11436170212765957
WILLEM-HORNIKX,2.0,0
PATRICK-SCHNIDRIG,1.0,0
YANNICK-THOMET,3.0,1.0
JOCHEN-MATSCHKE,1.0,0
MAXIME-BONAMI,6.0,0.13333333333333333
KIANTKI-THOMAS,2.0,0
PATRIK-FISCHER,1.0,0
DYLAN-SESSAGESIMI,1.0,0
JOHN-ISNER,504.0,0.46130014422306503
NATHAN-THOMPSON,15.0,0.08571428571428572
RYAN-HAVILAND,11.0,0.01818181818181818
GREG-OUELLETTE,31.0,0.07816091954022988
RODRIGO-ANTONIO-GRILLI,1.0,0
DOMINIC-PAGON,2.0,0
HARRY-CICMA,2.0,0
JUSTIN-DIAO-NATALE,3.0,0
DENIS-MATSUKEVICH,42.0,0.11707317073170732
RALPH-GRAMBOW,2.0,0
BOY-WESTERHOF,23.0,0.08658008658008658
SEBASTIAN-DECOUD,36.0,0.25
JAVIER-GENARO-MARTINEZ,6.0,0.2
MELVYN-OP-DER-HEIJDE,1.0,0
PHILIPP-HAMMER,2.0,1.0
ADRIAN-MENENDEZ-MACEIRAS,109.0,0.17653508771929824
MARK-DE-JONG,1.0,0
MATWE-MIDDELKOOP,57.0,0.1356382978723404
ALEJANDRO-FABBRI,6.0,0
CARSTEN-BALL,58.0,0.3090909090909091
NIMA-ROSHAN,3.0,0
RYAN-THACHER,3.0,0
KAES-VANT-HOF,2.0,0
JEFFREY-DAS,1.0,0
DAVE-LINGMAN,2.0,0
NOAH-NEWMAN,1.0,0
DANILO-ZIVANOVIC,2.0,0
SAHR-TIMOTHY--KPULUN,4.0,0.16666666666666666
ERIC-BASICA,1.0,0
RYLAN-RIZZA,1.0,0
NORMAN-TAM,1.0,0
JARED-DRUCKER,2.0,0
CHRISTIAN-HAND,1.0,0
GARY-SACKS,2.0,0
VAHID-MIRZADEH,2.0,0
SUNIL-KUMAR-SIPAEYA,6.0,0.06666666666666667
JOE-EPKEY,2.0,0
JUSTIN-KRONAUGE,3.0,0.3333333333333333
RYAN-PRESTON,2.0,0
JONATHAN-TRAGARDH,3.0,0
PAUL-ROSE,1.0,0
DAN-LEMPA,1.0,0
TROY-HAHN,1.0,0
TAYLOR-FOGLEMAN,3.0,0
GIANCARLO-PETRAZZUOLO,9.0,0.32142857142857145
PERE-RIBA,167.0,0.2833609729132117
PREDRAG-RUSEVSKI,4.0,0.16666666666666666
GORAN-TOSIC,17.0,0.17647058823529413
MAREK-SEMJAN,12.0,0.06060606060606061
ENRICO-BURZI,9.0,0.03571428571428571
DAVID-SAVIC,5.0,0.1
NIKOLA-MEKTIC,71.0,0.11794871794871795
MARKO-DJOKOVIC,10.0,0.24444444444444444
ROK-JARC,1.0,0
KRESIMIR-RITZ,2.0,0
DARKO-MADJAROVSKI,2.0,0
VLADIMIR-OBRADOVIC,10.0,0.08888888888888889
PATRICK-GAMAUF,1.0,0
PATRICK-SCHMOLZER,1.0,0
MARTIN-SLANAR,18.0,0.10457516339869281
MAX-RADITSCHNIGG,6.0,0.06666666666666667
IVAN-ZOVKO,1.0,0
ALEKSANDAR-MARIC,1.0,0
MARIN-BRADARIC,3.0,0
TIBOR-SIMIC,1.0,0
TREAT-HUEY,16.0,0.11666666666666667
KAMIL-CAPKOVIC,23.0,0.2015810276679842
MARCUS-FUGATE,1.0,0
DAWID-OLEJNICZAK,14.0,0.34615384615384615
KACPER-OWSIAN,1.0,0
PIOTR-CIALKOWSKI,3.0,0
JAKUB-PITER,2.0,0
MARCIN-GAWRON,10.0,0.08888888888888889
MAREK-MROZEK,1.0,0
PAWEL-DILAJ,1.0,0
PAWEL-GLODKOWSKI,1.0,0
ARTUR-ROMANOWSKI,3.0,0
PAWEL-SYREWICZ,1.0,0
DAVID-KUCZER,1.0,0
BOJAN-SZUMANSKI,2.0,0
TOMASZ-KRZYSZKOWSKI,1.0,0
ANDRZEJ-GRUSIECKI,1.0,0
PIOTR-DILAJ,1.0,0
MICHAL-SEKULA,1.0,0
PIERRE-LUDOVIC-DUCLOS,39.0,0.145748987854251
ERIK-CHVOJKA,37.0,0.1492063492063492
KEVIN-ANDERSON,469.0,0.3958755916159567
ROY-KALMANOVICH,4.0,0
KABELO-MALEKA,1.0,0
LUIS-MANUEL-FLORES,7.0,0.19047619047619047
TODD-PAUL,4.0,0
STEFAN-WAUTERS,2.0,0
RYLER-DEHEART,33.0,0.20265151515151514
JAN-MINAR,41.0,0.16059379217273953
MATT-BRUCH,1.0,0
DUSAN-LOJDA,29.0,0.24216524216524216
STEPHEN-BASS,6.0,0.13333333333333333
BRYAN-KONIECKO,3.0,0
THOMAZ-BELLUCCI,397.0,0.38516314685655756
SANCHAI-RATIWATANA,10.0,0.17777777777777778
HYUN-WOO-NAM,10.0,0.1111111111111111
WAN-GAO,3.0,0.3333333333333333
PENG-GAO,2.0,0
JUN-CHAO-XU,4.0,0.16666666666666666
ASHLEY-FISHER,4.0,0
YUICHI-SUGITA,172.0,0.18401959005985852
YU-CHANG,4.0,0.3333333333333333
SHUANG-QIANG-LIANG,1.0,0
ZHE-LI,18.0,0.3006535947712418
GREGORY-HOWE,5.0,0.1
NORIKAZU-SUGIYAMA,4.0,0
MAO-XIN-GONG,12.0,0.5454545454545454
LEI-GAO,1.0,0
YAN-BAI,18.0,0.3161764705882353
HUI-ZHANG,1.0,0
MING-LI,1.0,0
CATALIN-IONUT-GARD,15.0,0.1523809523809524
ARTEMON-APOSTU-EFREMOV,6.0,0.06666666666666667
ALIN-MIHAI-CONSTANTIN,2.0,0
VICTOR-STANICA,2.0,0
ALEXANDRU-DANIEL-CARPEN,7.0,0.14285714285714285
HIDEKAZU-INA,1.0,0
ALEXANDRU-RAUL-LAZAR,2.0,0
ADRIAN-GAVRILA,1.0,0
MARIUS-COPIL,159.0,0.2533946807316799
THOMAS-CRISTIAN-HODEL,1.0,0
MARCEL-IOAN-MIRON,3.0,0
VIOREL-CATALIN-CIOBANU,1.0,0
LAURENTIU-ERLIC,3.0,0
COSTIN-PAVAL,2.0,0
KITTIPONG-WACHIRAMANOWONG,10.0,0.19444444444444445
PEERAKIAT-SIRILUETHAIWATTANA,7.0,0.19047619047619047
WEERAPAT-DOAKMAIKLEE,6.0,0.06666666666666667
TATSUMA-ITO,187.0,0.2189917062715497
PONGSIRI-NIROJ,6.0,0.13333333333333333
PEERAKIT-SIRIBUTWONG,3.0,0
PITICHART-CHOKCHAIJAROEN,1.0,0
PONGPHUN-CHIMDEE,1.0,0
HARSHANA-GODAMANNA,1.0,0
NIWAT-WEAWBOOT,1.0,0
ERIC-BUTORAC,17.0,0.0661764705882353
SORNSAKOL-SUPAKIT,1.0,0
KATSUSHI-FUKUDA,1.0,0
NAVDEEP-SINGH,5.0,0
PURAV-RAJA,7.0,0.09523809523809523
ROHAN-GAJJAR,6.0,0
YUKI-BHAMBRI,49.0,0.1524822695035461
TUSHAR-LIBERHAN,3.0,0
SUDANWA-SITARAM,2.0,0
VIJAY-KANNAN,2.0,0
VIVEK-SHOKEEN,2.0,0
VIGNESH-PERANAMALLUR,7.0,0.09523809523809523
NEISHIT-VAKIL,1.0,0
AKASH-GUJRATI,1.0,0
CHRISTOPHER-MARQUIS,1.0,0
VINOD-SRIDHAR,2.0,0
ROMAN-VALENT,16.0,0.23809523809523808
PIERRICK-YSERN,3.0,0
JULIEN-MAES,4.0,0
ROMAIN-JOUAN,45.0,0.21602787456445993
OLIVIER-CHARROIN,8.0,0.14285714285714285
HERVE-KARCHER,2.0,0
ANTOINE-FERET,2.0,1.0
WHIT-LIVINGSTON,1.0,0
GREGORIO-ESPINOSA-MULLER,1.0,0
GAEL-PARTICELLI,1.0,0
JONATHAN-LAUBUT,1.0,0
JAE-SUNG-AN,3.0,0.3333333333333333
OH-HEE-KWON,1.0,0
TOSHIHARU-KATO,1.0,0
GUILHERME-OCHIAI,1.0,0
YUICHI-ITO,6.0,0.13333333333333333
MILOS-SEKULIC,20.0,0.0457516339869281
MARTIN-PEDERSEN,2.0,0
MIKHAIL-KUKUSHKIN,309.0,0.30105229421505264
ALEXEY-KEDRYUK,5.0,0.1
ANDREI-GORBAN,12.0,0.10606060606060606
SYRYM-ABDUKHALIKOV,1.0,0
ARTUR-CHERNOV,7.0,0.06666666666666667
MIKHAIL-LIFSHITS,2.0,0
IVAN-SERGEYEV,46.0,0.2135306553911205
VICTOR-KOZIN,2.0,1.0
EVGENY-DONSKOY,175.0,0.24463090600339626
ALEXANDER-KUDRYAVTSEV,120.0,0.1483881163084703
ALEXANDER-YARMOLA,2.0,0
PHILIPP-DAVYDENKO,29.0,0.16809116809116809
CARLOS-GOMEZ-HERRERA,14.0,0.23076923076923078
GUILLERMO-ALCORTA-OLARRA,2.0,0
MOHAMMED-FETOV,2.0,0
FABIAN-ROETSCHI,1.0,0
BASTIAN-GRUNDLER,1.0,0
FRANK-WINTERMANTEL,2.0,0
SLOBODAN-MAVRENSKI,1.0,0
IBRAHIM-FETOV,1.0,0
RIAD-SAWAS,1.0,0
JEAN-MICHEL-PEQUERY,1.0,0
VLADIMIR-KARUSEVICH,3.0,0
IVAN-NEDELKO,11.0,0.14545454545454545
IGOR-RUD,3.0,0
VISHNU-VARDHAN,10.0,0.26666666666666666
MUSTAFA-GHOUSE,2.0,0
KAMALA-KANNAN,2.0,0
KARUNUDAY-SINGH,6.0,0.13333333333333333
AJAI-SELVARAJ,4.0,0.16666666666666666
RANJEET-VIRALI-MURUGESAN,6.0,0.06666666666666667
DIVIJ-SHARAN,8.0,0.10714285714285714
ARTEM-SITAK,44.0,0.10853658536585366
ALBERTO-BRIZZI,16.0,0.09166666666666666
AHMED-ABDRABUH,2.0,0
TOM-KRUG,1.0,0
KHALID-AL-NABHANI,1.0,0
ALEKSANDR-MITYAEV,1.0,0
CHRISTOPHER-KAS,23.0,0.09881422924901186
MOHAMMED-AL-NABHANI,2.0,0
SIMON-ASPELIN,1.0,0
MIGUEL-ANGEL-LOPEZ-JAEN,32.0,0.07862903225806452
ADAM-VEJMELKA,10.0,0.05555555555555555
SAM-GOULD,1.0,0
SAM-GROTH,150.0,0.33362306243662176
BERNARD-TOMIC,311.0,0.5004378632274501
ADRIAN-CRUCIAT,18.0,0.10457516339869281
MILES-ARMSTRONG,3.0,0.3333333333333333
ANDREW-THOMAS,2.0,1.0
HANS-PODLIPNIK-CASTILLO,28.0,0.15954415954415954
GUILLERMO-RIVERA-ARANGUIZ,8.0,0.10714285714285714
LUIS-IGNACIO-MORALES,1.0,0
BORJA-MALO,1.0,0
MARTIN-ALUND,59.0,0.23340321453529
VICTOR-MORALES,3.0,0
RICARDO-URZUA-RIVERA,5.0,0
CLINT-BOWLES,1.0,0
DANIEL-LUSTIG,2.0,0
ALBERTO-FRANCIS,9.0,0.10714285714285714
FILIP-KRAJINOVIC,108.0,0.22487113402061856
RICARDAS-BERANKIS,236.0,0.28403434095664093
CHASE-BUCHANAN,27.0,0.22792022792022792
TY-TROMBETTA,3.0,0
BENOIT-PAIRE,307.0,0.3998624011007912
VINCENT-MILLOT,130.0,0.21212121212121213
FREDERIC-JEANCLAUDE,3.0,0
SEBASTIEN-LAMI,1.0,0
ALEXANDRE-PENAUD,6.0,0
LAURENT-VIGNE,1.0,0
FLORENT-SCACCIANOCE,2.0,1.0
ARNAUD-AGNIEL,1.0,0
HENRIQUE-CUNHA,11.0,0.12727272727272726
ANDRE-BARAN,1.0,0
JUAN-PABLO-VILLAR,3.0,0
LEANDRO-MIGANI,3.0,0.3333333333333333
TIM-SMYCZEK,243.0,0.24119091467157766
JOSE-DE-ARMAS,8.0,0.21428571428571427
BIJAN-HEJAZI,1.0,0
CHRISTOPHER-LAM,1.0,0
DANIEL-CHU,1.0,0
CESAR-RAMIREZ,8.0,0.21428571428571427
JOSE-GERARDO-MEZA,2.0,0
BLAZ-KAVCIC,174.0,0.32941176470588235
LUCA-VANNI,61.0,0.1984626135569532
DENI-ZMAK,3.0,0.3333333333333333
ANTE-PAVIC,69.0,0.17212301587301587
TIMO-NIEMINEN,10.0,0.17777777777777778
VILIM-VISAK,1.0,0
VJEKOSLAV-SKENDEROVIC,2.0,0
ANTONIO-SANCIC,12.0,0.07575757575757576
JOSKO-TOPIC,19.0,0.15789473684210525
NIKOLA-MARTINOVIC,1.0,0
MAHMOUD-NADER-AL-BALOUSHI,4.0,0.5
HASHIM-ABDAL,1.0,0
TROY-GILLHAM,1.0,0
SHANE-LA-PORTE,2.0,0
JONATHAN-RIBASTE,1.0,0
RYAN-HARRISON,293.0,0.3132543400385781
JOAO-SOUSA,272.0,0.3396129974443228
MIGUEL-ALMEIDA,2.0,0
HUGO-ANAO,2.0,0
JOSE-MANUEL-GARCIA-RODRIGUEZ,4.0,0
JUAN-PABLO-YUNIS,2.0,0
VASCO-PASCOAL,5.0,0
CARLOS-CALDERON-RODRIGUEZ,2.0,0
PEDRO-CLAR-ROSSELLO,8.0,0.2857142857142857
JOAO-FERREIRA,1.0,0
JOSE-PEDRO-SILVA,3.0,0
FRANCISCO-DIAS,4.0,0
MARTIN-TRUEVA,3.0,0
GONCALO-FALCAO,11.0,0.19444444444444445
JOSE-RICARDO-NUNES,9.0,0.027777777777777776
MATIAS-SAENZ,1.0,0
SYDNEY-JIM,1.0,0
PATRICK-BRIAUD,1.0,0
HARRY-FOWLER,3.0,0
ANDONI-VIVANCO-GUZMAN,4.0,0
MARCELO-PALACIOS-SIEGENTHALE,2.0,0
GUILLERMO-OLASO,44.0,0.26004228329809725
SERGIO-PEREZ-PEREZ,1.0,0
MORGAN-PHILLIPS,11.0,0.12727272727272726
JUAN-LOPEZ-VICO,1.0,0
IGNACIO-CARBONELL,1.0,0
JAVIER-PERIS,1.0,0
VITOR-REQUIAO,2.0,0
KOMLAVI-LOGLO,2.0,0
AMADOR-ROMERO-TORRES,1.0,0
MATTEO-MARRAI,5.0,0.3
GRIGOR-DIMITROV,366.0,0.48496331532693704
CARLOS-POCH-GRADIN,13.0,0.1282051282051282
STEVEN-DIEZ,41.0,0.1593172119487909
MANUEL-JORQUERA,1.0,0
GERARD-GRANOLLERS,29.0,0.2019704433497537
STEFAN-SEIFERT,13.0,0.10256410256410256
SASCHA-KLOER,9.0,0.08333333333333333
NAVID-JOHANNIGMANN,1.0,0
TOBIAS-SIMON,7.0,0.047619047619047616
DENNIS-BLOEMKE,7.0,0.047619047619047616
CHRISTIAN-MAGG,3.0,0
MANUEL-SANCHEZ,9.0,0.08333333333333333
MATTEO-TREVISAN,11.0,0.17777777777777778
ANDREA-ARNABOLDI,81.0,0.16290262865605332
JAAN-FREDERIK-BRUNKEN,12.0,0.19696969696969696
IVAN-CEROVIC,2.0,0
SAAD-BENKIRANE,2.0,0
BRUNO-SOARES,9.0,0.1388888888888889
REDA-KARAKHI,5.0,0.2
BADR-BOUABDELLAH,1.0,0
AHMED-MOUMNI,1.0,0
OMAR-ERRAMY,2.0,0
OMAR-ABOUSHALAM,1.0,0
FRANCESCO-PICCARI,9.0,0.2222222222222222
JURGEN-GUNDERA,2.0,0
MARC-RATH,13.0,0.08974358974358974
KEVIN-SORENSEN,2.0,0
MARCIO-TORRES,1.0,0
ULADZIMIR-IGNATIK,37.0,0.22016806722689075
STEPHANE-PIRO,1.0,0
GUILLAUME-RUFIN,91.0,0.32392080493346315
MATHIEU-RODRIGUES,28.0,0.18769230769230769
JONATHAN-DASNIERES-DE-VEIGY,49.0,0.18585858585858586
NILS-LANGER,40.0,0.12051282051282051
LUDOVIC-WALTER,10.0,0.1111111111111111
ALEXANDRE-RENARD,4.0,0
SADIK-KADIR,7.0,0.42857142857142855
JOSIP-BRKIC,1.0,0
JIRI-KOSLER,1.0,0
JERZY-JANOWICZ,203.0,0.41013071895424835
BLAZEJ-KONIUSZ,4.0,0
MICHAL-WLODARCZYK,2.0,0
JEDRZEJ-ZARSKI,2.0,0
DAWID-CELT,1.0,0
ROBERT-GODLEWSKI,1.0,0
WOJCIECH-STARAKIEWICZ,1.0,0
SLAWOMIR-SZEREMETA,1.0,0
DARIUSZ-LIPKA,1.0,0
MATEUSZ-KOWALCZYK,3.0,0
FILIP-RAMS,1.0,0
MATEUSZ-SZMIGIEL,1.0,0
ANDRIEJ-KAPAS,5.0,0
ANDREA-AGAZZI,5.0,0
KEVIN-LIETAR,1.0,0
THOMAS-SCHOECK,1.0,0
GEORGE-MORGAN,9.0,0.08333333333333333
IZAK-VAN-DER-MERWE,72.0,0.19508196721311474
MARSEL-ILHAN,241.0,0.23775144667952605
EDWARD-SEATOR,1.0,0
DAVID-NORD,4.0,0
HENRIK-SODERBERG,1.0,0
ARVID-PURANEN,1.0,0
ROBERT-GUSTAFSSON,2.0,0
PATRIK-BRYDOLF,6.0,0.06666666666666667
ROBERT-LINDBERG,1.0,0
ALEXANDER-SADECKY,24.0,0.1422924901185771
JUSTIN-ONEAL,6.0,0.13333333333333333
BRIAN-BATTISTONE,2.0,0
DANIEL-KRAJNOVIC,1.0,0
RAFAEL-AREVALO,3.0,0.3333333333333333
GEERT-JAN-VAN-DIJKEN,1.0,0
TOMASZ-BEDNAREK,6.0,0
BRAD-POMEROY,1.0,0
ARMIN-HIRNER,1.0,0
MARKO-BOSKOVIC,1.0,0
MIRZA-BASIC,72.0,0.158953722334004
MARCO-GUALDI,1.0,0
VASEK-POSPISIL,237.0,0.4234878587196468
DEVIN-BRITTON,13.0,0.3333333333333333
MILAN-POKRAJAC,2.0,1.0
MILOS-RAONIC,388.0,0.552527614286866
VICTOR-ESTRELLA-BURGOS,118.0,0.368630201028518
RHYNE-WILLIAMS,65.0,0.3622950819672131
DENES-LUKACS,3.0,0
DEVIN-MULLINGS,1.0,0
TIGRAN-MARTIROSYAN,6.0,0.26666666666666666
CHRIS-KLINGEMANN,3.0,0.3333333333333333
PATRICK-FRANDJI,1.0,0
WILLIAM-BOE-WIEGAARD,8.0,0.07142857142857142
ARTHUR-BEAVIS,1.0,0
ADRIANO-BIASELLA,1.0,0
ANTHONY-ASSAL,1.0,0
AUSTIN-KRAJICEK,88.0,0.22561728395061728
JEAN-YVES-AUBONE,5.0,0.2
ANDRE-MIELE,6.0,0.13333333333333333
TRAVIS-HELGESON,1.0,0
VALENTIN-MIHAI,2.0,0
ILIE-AURELIAN-GIURGIU,3.0,0
ROBERT-VARGA,1.0,0
BOGDAN-ANDRII,3.0,0.3333333333333333
JEROEN-MASSON,1.0,0
AMIR-WEINTRAUB,61.0,0.1636469900642899
YA-NAN-MA,6.0,0.3333333333333333
SA-CHEN,1.0,0
YE-DU,1.0,0
TSUNG-HUA-YANG,51.0,0.1853061224489796
ANDRE-WIESLER,1.0,0
PIERRE-HUGUES-HERBERT,144.0,0.2390265102129509
HOLGER-FISCHER,5.0,0.1
JUNN-MITSUHASHI,2.0,0
KENTO-TAKEUCHI,5.0,0
HIROKI-MORIYA,74.0,0.21378402107111502
ILIA-STARKOV,5.0,0.1
ILYA-BELYAEV,19.0,0.17647058823529413
ANDREY-KUZNETSOV,206.0,0.33320736891828057
STANISLAV-VOVK,9.0,0.4722222222222222
ALEXEI-FILENKOV,1.0,0
SERGEI-KROTIOUK,6.0,0.06666666666666667
SERGEI-DEMEKHINE,1.0,0
DANILA-ARSENOV,2.0,0
ANTON-MANEGIN,2.0,0
SERGEY-BETOV,12.0,0.12121212121212122
ANDREI-KARATCHENIA,3.0,0
ARTEM-SMIRNOV,12.0,0.09090909090909091
TOBIAS-BLOMGREN,11.0,0.044444444444444446
NIMA-MADAMI,1.0,0
NIKOLAUS-MOSER,7.0,0.09523809523809523
YANNICK-MERTENS,66.0,0.1768361581920904
KARLIS-LEJNIEKS,5.0,0
FILIP-POLASEK,8.0,0.25
MIKHAIL-BALMASHEV,2.0,1.0
VLADYSLAV-KLYMENKO,1.0,0
ANDREI-PLOTNIY,1.0,0
DZMITRY-ZHYRMONT,15.0,0.08974358974358974
MARK-VERRYTH,7.0,0.14285714285714285
SANAM-SINGH,26.0,0.19692307692307692
ROHAN-GIDE,1.0,0
N-VIJAY-SUNDAR-PRASHANTH,17.0,0.10294117647058823
NAVEEN-SAAI,1.0,0
RONAK-MANUJA,1.0,0
ABHIJEET-TIWARI,2.0,0
VIKRAM-REDDY-B,1.0,0
ALI-GHAREEB,1.0,0
MOUSSA-SHANAN,1.0,0
ABDULLAH-MAQDES,7.0,0.42857142857142855
AMER-MEZRI,1.0,0
JABER-NOUH,1.0,0
RUBEN-BEMELMANS,187.0,0.19835048178997225
ALEXANDER-FLOCK,11.0,0.21818181818181817
FINN-TEARNEY,4.0,0.3333333333333333
NIELS-DESEIN,62.0,0.12799532437171246
MARCUS-DANIELL,16.0,0.20833333333333334
STEVEN-GOH,1.0,0
DANE-PROPOGGIA,7.0,0.14285714285714285
BRENDAN-MCKENZIE,2.0,1.0
RICCARDO-GHEDIN,36.0,0.24621212121212122
JOHN-MILLMAN,112.0,0.336359292881032
MARINKO-MATOSEVIC,254.0,0.3524020694752402
DIEGO-ALVAREZ,5.0,0.2
MATT-REID,53.0,0.18454106280193236
RAVEN-KLAASEN,25.0,0.2648221343873518
ROSS-HUTCHINS,9.0,0.05555555555555555
ANDREW-ANDERSON,11.0,0.16363636363636364
NICOLAAS-SCHOLTZ,8.0,0.21428571428571427
GRANT-IVE,1.0,0
JEAN-ANDERSEN,1.0,0
BENJAMIN-JANSE-VAN-RENSBURG,3.0,0
HENDRIK-COERTZEN,2.0,0
MBONISI-NDIMANDE,4.0,0
FRANCISCO-OLIVARES,2.0,0
ANGEL-TORRES,2.0,0
DAVID-VELIZ-LEPE,1.0,0
VICTOR-NUNEZ,3.0,0
IGNACIO-LEHYT,1.0,0
EMILIANO-GARCIA-BLANKSMAN,1.0,0
SILVIO-DADIC,1.0,0
KRISTIJAN-MESAROS,19.0,0.18128654970760233
JUSTIN-ELEVELD,3.0,0
JOHN-LAMBLE,1.0,0
JOSE-PEREIRA,9.0,0.32142857142857145
PEDRO-FEITOSA,1.0,0
THOMAS-JUN-FACCHINI-TAKEMOTO,1.0,0
GABRIEL-DIAS,1.0,0
JUAN-PABLO-AMADO,7.0,0.14285714285714285
ANDREA-COLLARINI,19.0,0.15
LIONEL-NOVISKI,6.0,0.13333333333333333
MARCEL-FELDER,16.0,0.0761904761904762
MARCO-TRUNGELLITI,66.0,0.15789473684210525
PIERRE-METENIER,2.0,0
ROMAIN-HARDY,2.0,1.0
NICOLAS-RENAVAND,19.0,0.2222222222222222
JORGE-VAZQUEZ-CATOIRA,1.0,0
BLAKE-STRODE,15.0,0.08571428571428572
JUAN-MANUEL-ELIZONDO,2.0,1.0
SEBASTIAN-RIVERA,4.0,0
EVAN-KING,5.0,0.2
ADRIANS-ZGUNS,2.0,0
JONATHAN-DAVID,1.0,0
MATT-BOCKO,2.0,1.0
ALEXANDER-DOMIJAN,7.0,0.3333333333333333
COLT-GASTON,1.0,0
REDA-EL-AMRANI,15.0,0.3619047619047619
RAFAEL-MAZON-HERNANDEZ,7.0,0.13333333333333333
SERGIO-GUTIERREZ-FERROL,36.0,0.2504201680672269
ALI-EL-ALAOUI,2.0,0
EL-MEHDI-WASFY,1.0,0
BRETT-JOELSON,2.0,0
BEN-CHEN,1.0,0
DANIEL-WHITEHEAD,1.0,0
ANTONIO-COMPORTO,1.0,0
RODRIGO-CARVALHO,2.0,0
PABLO-MARTIN-ADALIA,8.0,0.10714285714285714
LAURENT-ROCHETTE,27.0,0.27384615384615385
VASCO-MENSURADO,6.0,0.06666666666666667
JOAO-MAIO,1.0,0
JOAO-SILVERIO,1.0,0
ANDRE-CAIADO,1.0,0
GONCALO-PEREIRA,7.0,0.2857142857142857
CEDRIK-MARCEL-STEBE,84.0,0.3274094326725906
JANEZ-SEMRAJC,6.0,0.13333333333333333
TRISTAN-SAMUEL-WEISSBORN,5.0,0
DOMINIK-SCHULZ,3.0,0.3333333333333333
PHILIPP-SCHNEIDER,1.0,0
DENISS-PAVLOVS,8.0,0.17857142857142858
ARSENIJE-ZLATANOVIC,3.0,0
ATTILA-BALAZS,23.0,0.18181818181818182
DUSAN-LAJOVIC,221.0,0.2632696390658174
VLADIMIR-PAVICEVIC,1.0,0
NIKOLA-CIRIC,23.0,0.12554112554112554
GERALD-KAMITZ,1.0,0
GERALD-MELZER,76.0,0.1585677749360614
AXEL-MICHON,33.0,0.21022727272727273
JULIEN-OBRY,6.0,0.13333333333333333
TOMISLAV-BRKIC,24.0,0.09782608695652174
MARKO-LENZ,1.0,0
JAN-LENNARD-STRUFF,176.0,0.30950728660652327
COLIN-FLEMING,20.0,0.12631578947368421
LIAM-BROADY,25.0,0.15666666666666668
JOSHUA-MILTON,24.0,0.11462450592885376
DAVID-THOMSON,1.0,0
AHMED-EL-MENSHAWY,1.0,0
JARRYD-BANT,2.0,0
OLIVER-GOLDING,15.0,0.21978021978021978
JACK-CARPENTER,3.0,0
MAIT-KUNNAP,2.0,0
JULIEN-CASSAIGNE,2.0,0
HOLGER-ZUEHLSDORFF-PAVLOVIC,2.0,0
PETER-TOREBKO,36.0,0.14795008912655971
JUAN-FRANCISCO-SPINA,2.0,0
PHILIPPE-BRAND,1.0,0
MARCUS-WILLIS,17.0,0.14705882352941177
CHRISTIAN-W-SCHULTZ,1.0,0
DAMAR-JOHNSON,1.0,0
JAMIE-GRESH,1.0,0
CHRISTIAN-LINDELL,41.0,0.16927453769559034
JEFFREY-MIRA-SVENSSON,2.0,0
ANDERS-LINDSTROM,2.0,0
JONAS-PONTUS-NORBERG,1.0,0
JESPER-BRUNSTROM,2.0,0
CHRISTIAN-MOHS,1.0,0
INIGO-CERVANTES,130.0,0.21651376146788992
KEVIN-KRAWIETZ,28.0,0.15692307692307692
DENNIS-NEVOLO,3.0,0
MICHAEL-RUBIN,3.0,0
MATTHEW-ALLARE,2.0,0
ASHWIN-KUMAR,1.0,0
PEDRO-AST,1.0,0
JAVIER-HERRERA-EGUILUZ,1.0,0
JOE-BATES,1.0,0
RUBEN-GONZALES,1.0,0
FEDERICO-DELBONIS,242.0,0.34322521279043017
DEJAN-KATIC,2.0,0
ISRAEL-SEVILLA-MARUHENDA,1.0,0
YANN-DUPUY,1.0,0
ROBERT-KHOURY,2.0,0
THOMAS-LIVERSAGE,2.0,0
JAMES-LUDLOW,2.0,0
STEVE-JOHNSON,220.0,0.4656043092806644
RICHARD-JOHNSON,1.0,0
JT-SUNDLING,1.0,0
AUSTIN-KAROSI,4.0,0
ILIJA-VUCIC,3.0,0
DANIEL-DANILOVIC,2.0,0
BORUT-PUC,10.0,0.17777777777777778
NIKOLA-CACIC,18.0,0.10457516339869281
ALBERT-LONCARIC,1.0,0
MILJAN-ZEKIC,14.0,0.15384615384615385
TONI-ANDROIC,22.0,0.08187134502923976
VEDRAN-SILJEGOVIC,1.0,0
MITCHELL-FRANK,10.0,0.4166666666666667
JUNIOR-A-ORE,2.0,0
DENIS-KUDLA,192.0,0.2621805478948336
BRUNO-AGOSTINELLI,1.0,0
PAVEL-KRAINIK,9.0,0.3333333333333333
MARC-POWERS,2.0,1.0
JORDAN-COX,14.0,0.05128205128205128
ADAM-EL-MIHDAWY,3.0,0
LUIGI-DAGORD,1.0,0
TENNYS-SANDGREN,16.0,0.26666666666666666
RYAN-LIPMAN,1.0,0
ERIC-GOMES,1.0,0
ROBERT-COMAN,7.0,0.14285714285714285
ANDREI-SAVULESCU,6.0,0
TUDOR-DUMITRESCU,2.0,0
PAUL-MIHAI-PUSCASU,2.0,0
VALENTIN-PALAS,1.0,0
DANIELE-GIORGINI,3.0,0.3333333333333333
ADRIAN-MARIN-DANCESCU,3.0,0
IOAN-FARCAS,1.0,0
VLAD-CRISTIAN-SMIGHELSCHI,1.0,0
MIHAI-BADESCU,2.0,0
CATALIN-PETRE-NEDELESCU,2.0,0
ADNAN-AL-MAHMOUD,2.0,0
SERGIU-MARGARIT,1.0,0
JEAN-NOEL-INSAUSTI,2.0,0
MARC-STEGER,1.0,0
VALENTIN-SANON,1.0,0
OLIVIER-BORSOS,1.0,0
VORACHIT-RUNGLERTMANEEPONG,1.0,0
DEIVIDS-JUKSA,2.0,0
WARUT-KORKIATTHAWORN,6.0,0.13333333333333333
PITCHAYA-LIMPIMPRORH,1.0,0
KIRATI-SIRIBUTWONG,1.0,0
REWAT-KITPRASERTSAKUL,1.0,0
PONGSATORN-BENJAMAS,1.0,0
MOHAMMED-FAIZAL-BIN-OTHMAN,1.0,0
ABDUL-HAZLI-BIN-ZAINUDDIN,1.0,0
STEPHEN-HUSS,1.0,0
KANAGARAJ-BALAKRISHNAN,1.0,0
MOHAMED-NAZIM-KHAN,2.0,0
KHEVAN-SOMASUNDRAM,1.0,0
YEW-MING-SI,6.0,0.06666666666666667
ADAM-JAYA,1.0,0
ZE-ZHANG,60.0,0.24547048509643482
HIROYASU-EHARA,6.0,0.26666666666666666
DI-WU,47.0,0.2383838383838384
MIKHAIL-BIRYUKOV,8.0,0.19047619047619047
ANDREY-KUMANTSOV,22.0,0.10476190476190476
ALEXANDER-LOBKOV,18.0,0.0457516339869281
MIKHAIL-FUFYGIN,6.0,0
ROMAN-KISLYANSKIY,1.0,0
VAJA-UZAKOV,2.0,0
ALEXEY-IREMASHVILI,4.0,0
HENRI-KONTINEN,12.0,0.23636363636363636
ERIK-MOBERG,2.0,0
JURGEN-ZOPP,108.0,0.22336769759450173
ANDREAS-SILJESTROM,5.0,0.1
MATTIA-LIVRAGHI,1.0,0
JESPER-CEDERLIND,1.0,0
ALEXANDER-ZHURBIN,7.0,0
SERGEY-STRELKOV,7.0,0
ANDREY-YAKOVLEV,2.0,0
VITALI-RESHETNIKOV,4.0,0
ALEKSANDER-VASIN,1.0,0
ANDREI-CIUMAC,6.0,0.06666666666666667
SANDRO-EHRAT,11.0,0.21818181818181817
PABLO-GARCIA-GAITAN,1.0,0
ARNAU-SANZ-SANZ,1.0,0
JAVIER-MARTI,61.0,0.2525974025974026
PEDRO-RICO,1.0,0
KADEN-HENSEL,6.0,0.2
MATHESON-KLEIN,3.0,0.3333333333333333
JOEL-LINDNER,2.0,0
MAVERICK-BANES,7.0,0.09523809523809523
ISAAC-FROST,2.0,0
JARRYD-CHAPLIN,1.0,0
ANDREW-MCLEOD,1.0,0
MARK-RICHARDS,1.0,0
BENJAMIN-MITCHELL,33.0,0.22379032258064516
JASON-KUBLER,17.0,0.125
MOHIT-MAYUR-JAYAPRAKASH,6.0,0.3333333333333333
AMIR-EL-BAYOUMY,1.0,0
MALEK-JAZIRI,155.0,0.39019607843137255
HAMAD-AL-MULLA,1.0,0
JAMES-LEMKE,16.0,0.24166666666666667
LOGAN-MACKENZIE,2.0,0
SEBASTIAN-LAVIE,13.0,0.07692307692307693
JAMES-DUCKWORTH,116.0,0.30482560917343526
DAYNE-KELLY,5.0,0.2
ANDRE-BEGEMANN,35.0,0.17943548387096775
SEAN-BERMAN,2.0,0
LUKE-SAVILLE,48.0,0.1696969696969697
RUAN-ROELOFSE,4.0,0
JAMES-CERRETANI,4.0,0
CRISTOBAL-SAAVEDRA-CORVALAN,4.0,0.3333333333333333
FACUNDO-BAGNIS,123.0,0.17982000692281067
TOMISLAV-JOTOVSKI,2.0,0
RODRIGO-PEREZ,2.0,1.0
GONZALO-URRUTICOECHEA,1.0,0
MATIAS-SBOROWITZ,4.0,0
ALEX-THEILER,2.0,0
IVAN-TURUDIC,1.0,0
ANTONIO-LUPIERI,3.0,0
JANNICK-LUPESCU,3.0,0.6666666666666666
NIKOLOZ-BASILASHVILI,91.0,0.2522214627477785
ALEJANDRO-GONZALEZ,103.0,0.29812734082397
HARRI-HELIOVAARA,13.0,0.15384615384615385
DANIEL-MCCALL,1.0,0
NICHOLAS-EDLEFSEN,3.0,0
BRADLEY-KLAHN,53.0,0.28401360544217685
LEONARDO-KIRCHE,9.0,0.1388888888888889
ALEXANDRE-SCHNITMAN,2.0,0
ELADIO-RIBEIRO-NETO,1.0,0
BRUNO-SEMENZATO,3.0,0
TIAGO-FERNANDES,6.0,0.13333333333333333
MARCELO-DEMOLINER,15.0,0.12380952380952381
AGUSTIN-VELOTTI,36.0,0.1310483870967742
FACUNDO-ARGUELLO,65.0,0.19987468671679198
ANDRES-DELLATORRE,1.0,0
THIBAULT-VENTURINO,1.0,0
JEROME-INZERILLO,2.0,1.0
JONATHAN-HILAIRE,4.0,0
DAMIEN-SPIZZO,1.0,0
VICTOR-ROMERO,1.0,0
MAURICIO-ASTORGA,3.0,0.3333333333333333
LUIS-DIAZ-BARRIGA,4.0,0.3333333333333333
ERIC-HECHTMAN,2.0,0
JACK-SOCK,221.0,0.4992705644708787
JULIEN-CARSUZAA,1.0,0
MEHDI-BENHAMMOU,3.0,0.3333333333333333
HAMZA-AGLAIB,1.0,0
MOHCINE-ROUDAMI,1.0,0
JOHN-VALENTI,4.0,0
DANIEL-GARZA,8.0,0.2857142857142857
PIERO-LUISI,1.0,0
ALESSANDRO-MOTTI,1.0,0
DANIEL-VALLVERDU,1.0,0
HAYDN-LEWIS,7.0,0.19047619047619047
PABLO-CARRENO-BUSTA,187.0,0.4497751124437781
FEDERICO-GAIO,20.0,0.14619883040935672
ALESSANDRO-GIANNESSI,63.0,0.18787878787878787
OSCAR-SABATE-BRETOS,7.0,0.09523809523809523
JULIAN-LENZ,4.0,0.16666666666666666
KEVIN-DEDEN,1.0,0
ROBIN-KERN,22.0,0.1631578947368421
YANNICK-HANFMANN,5.0,0.3
DENIS-ZIVKOVIC,7.0,0.3333333333333333
ALEKSANDER-SLOVIC,1.0,0
SASA-STOJISAVLJEVIC,4.0,0
AGUSTIN-BOJE-ORDONEZ,2.0,0
JOAO-FERNANDES,1.0,0
RENATO-ASSAD,1.0,0
DIOGO-SOARES,1.0,0
FRANCISCO-RAMOS,1.0,0
JOAO-DOMINGUES,12.0,0.05454545454545454
FREDERICO-FERREIRA-SILVA,10.0,0.2
ALVARO-CAJIGAL,1.0,0
ARNAU-BRUGUES-DAVI,42.0,0.21602787456445993
GIANNI-MINA,9.0,0.1388888888888889
CHARLES-ANTOINE-BREZAC,16.0,0.11666666666666667
ADRIEN-BOSSEL,39.0,0.1039136302294197
MARTON-FUCSOVICS,75.0,0.16770186335403728
EMANUEL-FRAITZL,1.0,0
NEIL-PAUFFLEY,3.0,0.3333333333333333
JAMES-MARSALEK,8.0,0
MARTIN-EMMRICH,8.0,0.2857142857142857
LEWIS-BURTON,6.0,0.13333333333333333
NICK-CAVADAY,2.0,0
DOMINIC-INGLOT,15.0,0.047619047619047616
SCOTT-SEARS,1.0,0
MATTHEW-SHORT,2.0,0
FABRICE-MARTIN,28.0,0.21652421652421652
DOMINIK-PFEIFFER,2.0,0
CLINTON-THOMSON,7.0,0
ALJAZ-BEDENE,184.0,0.25711717111177707
ANDREJ-MARTIN,62.0,0.20551378446115287
ALEXANDER-WARD,22.0,0.2813852813852814
ERIC-QUIGLEY,21.0,0.32857142857142857
LUCAS-RENARD,13.0,0.08974358974358974
CLAUDIO-RIVERA,1.0,0
STEFAN-BORG,4.0,0.16666666666666666
FILIP-BERGEVI,6.0,0.1
SEBASTIAN-SACHS,5.0,0.3
ELMAR-EJUPOVIC,6.0,0
TASSILO-SCHMID,1.0,0
FLORIAN-FALLERT,5.0,0.1
MARKO-ZELCH,1.0,0
MICHAEL-SHABAZ,14.0,0.2087912087912088
DRAKE-BERNSTEIN,4.0,0.16666666666666666
NIKO-KARAGIANNIS,1.0,0
MARIUS-ZAY,2.0,1.0
MATTHIAS-WOLF,2.0,0
BAPTISTE-DUPUY,1.0,0
QUENTIN-ROBERT,3.0,0
CLEMENT-REIX,19.0,0.18128654970760233
HUGO-NYS,14.0,0.16666666666666666
RAPHAEL-LUSTENBERGER,1.0,0
DANIEL-KOSAKOWSKI,30.0,0.26153846153846155
KORNEL-BARDOCZKY,3.0,0
MARIN-DRAGANJA,5.0,0.2
DINO-MARCAN,18.0,0.23529411764705882
CHRISTOPH-LESSIAK,3.0,0.3333333333333333
MARCEL-RUZIC,3.0,0
ANDRAZ-BEDENE,3.0,0
ZACHARY-WHITE,1.0,0
KIRILL-KASYANOV,2.0,0
JONATHAN-PASTEL,1.0,0
ROBERT-FARAH,58.0,0.2111756168359942
MATTEO-VIOLA,94.0,0.21565276828434723
JUAN-SEBASTIAN-CABAL,32.0,0.16989247311827957
JARMERE-JENKINS,16.0,0.3
JOHANNES-ROBERT-VAN-OVERBEEK,1.0,0
VICTOR-MUGUREL-ANAGNASTOPOL,4.0,0.16666666666666666
RADU-ALBOT,108.0,0.16074561403508772
ANDREI-MLENDEA,3.0,0.3333333333333333
SEBASTIAN-PADURE,1.0,0
MICHAL-SCHMID,4.0,0.16666666666666666
SIMON-CAUVARD,2.0,0
DANE-CHUNTRARUK,6.0,0.13333333333333333
PHASSAWIT-BURAPHARITTA,1.0,0
ADIREK-KHUNDARNPINITVON,1.0,0
KONG-POP-LERTCHAI,3.0,0
CHRISTOPHER-RUNGKAT,6.0,0.3333333333333333
ARIEZ-ELYAAS-DEEN-HESHAAM,3.0,0
CHUHAN-WANG,11.0,0.36363636363636365
RICHARD-MUZAEV,15.0,0.10476190476190476
ERVAND-GASPARYAN,4.0,0.16666666666666666
DMITRI-MARFINSKY,3.0,0
ARTEM-PUDOVKIN,2.0,1.0
SHALVA-DZHANASHIA,4.0,0.16666666666666666
ROMAN-TUDOREANU,1.0,0
MICKE-KONTINEN,9.0,0.08333333333333333
LAURYNAS-GRIGELIS,28.0,0.12962962962962962
DAVID-GOFFIN,285.0,0.38514150943396225
FLORIAN-REYNET,9.0,0.16666666666666666
DORIAN-DESCLOIX,5.0,0.1
SAMI-REINWEIN,3.0,0.6666666666666666
DANILO-PETROVIC,11.0,0.03636363636363636
SVYATOSLAV-KNYAZEV,2.0,0
ALEKSANDR-AGAFONOV,1.0,0
ANDREI-VASILEVSKI,5.0,0.2
BEKA-KOMAKHIDZE,2.0,0
IRAKLI-MARUTIAN,1.0,0
DOMINIC-THIEM,216.0,0.509366391184573
MARC-GINER,6.0,0.2
MOHAMED-SAFWAT,14.0,0.26373626373626374
RUPESH-ROY,2.0,0
DANIEL-PUTTKAMMER,1.0,0
SHAHBAAZ-KHAN,1.0,0
ALDIN-SETKIC,44.0,0.15853658536585366
ANDREAS-GREMELMAYR,1.0,0
SHERIF-SABRY,2.0,0
MOHAMMED-REDA,1.0,0
JOHN-EL-KHOURY,1.0,0
MUBARAK-ZAID,1.0,0
ABDULRAHMAN-AL-HARIB,3.0,0
FILIPPO-SASSI,1.0,0
RAMY-LABNA,1.0,0
GREGOIRE-BURQUIER,27.0,0.10461538461538461
MARK-FYNN,1.0,0
STEFFEN-SOLOMON,1.0,0
FELIPE-RIOS,1.0,0
JUAN-SEBASTIAN-VIVANCO,2.0,0
GONZALO-LAMA,17.0,0.125
JUAN-CARLOS-SAEZ,4.0,0.3333333333333333
NICOLAS-GUSTAVO-KAUER,2.0,0
GONZALO-DE-URRUTICOECHEA,1.0,0
MICHEL-VERNIER,1.0,0
OSVALDO-AGUIRRE,1.0,0
JAVIER-MUNOZ,2.0,0
RAFAEL-CAMILO,3.0,0
MARKO-MIJACEVIC,2.0,0
DAMIR-DZUMHUR,117.0,0.2815721649484536
IVAN-BLAZEVIC,1.0,0
GYORGY-BALAZS,1.0,0
ANTE-BILIC,1.0,0
MARKO-LOVRINOVIC,1.0,0
TOMISLAV-GREGUROVIC,1.0,0
ANTUN-PEHAR,1.0,0
DAVID-DE-GOEDE,1.0,0
RUDOLF-SIWY,3.0,0.6666666666666666
ERIC-JOHNSON,1.0,0
IVAN-ANIKANOV,1.0,0
BRIAN-BROGAN,1.0,0
PEDRO-ZERBINI,4.0,0
GUILHERME-CLEZAR,56.0,0.1843137254901961
FABIANO-DE-PAULA,19.0,0.10526315789473684
KARUE-SELL,1.0,0
AUGUSTO-LARANJA,3.0,0.6666666666666666
THIAGO-MONTEIRO,38.0,0.21008403361344538
BRUNO-SANTANNA,4.0,0
PABLO-GALDON,15.0,0.2
DIEGO-SCHWARTZMAN,120.0,0.33831264464548705
FACUNDO-LUGONES,1.0,0
GONZALO-TUR,1.0,0
RENZO-OLIVO,71.0,0.20273224043715846
JUAN-IGNACIO-LONDERO,30.0,0.05665024630541872
GUIDO-ANDREOZZI,50.0,0.1849894291754757
GUILLERMO-DURAN,10.0,0.05555555555555555
MAXIME-TEIXEIRA,58.0,0.20941176470588235
MATHIAS-BOURGUE,29.0,0.12333333333333334
ANTOINE-ESCOFFIER,1.0,0
JOE-SALISBURY,8.0,0.10714285714285714
ALEXIS-CARLOS,1.0,0
LUIS-PATINO,6.0,0.4
BJORN-FRATANGELO,47.0,0.25507246376811593
HICHAM-KHADDARI,2.0,0
YASSINE-IDMBAREK,7.0,0.38095238095238093
ASHOK-NARAYANA,1.0,0
STUART-KENYON,1.0,0
JUAN-LIZARITURRY,10.0,0.16666666666666666
PETER-HELLER,2.0,0
KENNY-DE-SCHEPPER,185.0,0.2733530846985012
STEPHAN-HOISS,9.0,0.05555555555555555
NORBERT-GOMBOS,61.0,0.17846339987900786
MARTIN-RMUS,1.0,0
NIKOLA-MILOJEVIC,5.0,0.1
DANIEL-GLANCY,4.0,0.16666666666666666
BARRY-KING,2.0,0
FILIPPO-LEONARDI,3.0,0
ROBERTO-ORTEGA-OLMEDO,11.0,0.23636363636363636
ALBERT-ALCARAZ-IVORRA,2.0,0
ANDRES-MOLTENI,20.0,0.18947368421052632
ALBANO-OLIVETTI,44.0,0.17926829268292682
FILIP-VEGER,20.0,0.14619883040935672
MICHAEL-LOOK,5.0,0.4
JAMES-FEAVER,2.0,0
TOBY-MARTIN,1.0,0
MILOSLAV-MECIR,30.0,0.19047619047619047
RICHARD-WAITE,2.0,0
ALEXANDAR-LAZOV,17.0,0.10294117647058823
ROMANO-FRANTZEN,1.0,0
MICHAEL-LUX,1.0,0
ADAM-KELLNER,5.0,0.1
SEKOU-BANGOURA,27.0,0.12535612535612536
ANDREW-DZULYNSKY,1.0,0
HENRY-STEER,2.0,0
ANTOINE-BENNETEAU,4.0,0.16666666666666666
FRED-SIMONSSON,10.0,0.08888888888888889
JACOB-JOHANSSON,1.0,0
ROBIN-OLIN,6.0,0.2
ZIAD-SULTAN,1.0,0
SIMON-NORENIUS,1.0,0
NEVEN-KRIVOKUCA,3.0,0
JOCHEN-NUFER,1.0,0
FABIAN-SCHMID,1.0,0
JAN-BLECHA,1.0,0
REMKO-DE-RIJKE,1.0,0
MAXIMILIAN-MARTERER,19.0,0.16374269005847952
MAC-STYSLINGER,3.0,0
GABRIEL-TOWNES,2.0,0
AUSTIN-SMITH,3.0,0
WIL-SPENCER,7.0,0.09523809523809523
KEVIN-KING,21.0,0.13333333333333333
ALFREDO-KRYWACZ,1.0,0
GUILLERMO-GOMEZ-DIAZ,1.0,0
NATHANIEL-SCHNUGG,1.0,0
JACK-ANTON,3.0,0
ERIK-GRAVES,2.0,0
TOBIAS-HINZMANN,2.0,1.0
HENRI-LAAKSONEN,83.0,0.15894736842105264
MARC-AURADOU,2.0,0
LUCA-SCHENA,2.0,0
MARTIN-PRIKRYL,2.0,0
YANN-MINSTER,1.0,0
JOSS-ESPASANDIN,2.0,0
JENS-HAUSER,2.0,0
RAPHAEL-MORI,2.0,0
MARCIN-KOSAKOWSKI,1.0,0
CLAY-THOMPSON,6.0,0.4666666666666667
LUIS-ANTONIO-PEREZ-PEREZ,1.0,0
HAREL-SRUGO,1.0,0
AARON-YOVAN,1.0,0
MARCOS-GIRON,16.0,0.11666666666666667
MATE-DELIC,29.0,0.16009852216748768
MATE-PAVIC,57.0,0.22859216255442671
MARIN-FRANJICEVIC,2.0,0
MIKE-URBANIJA,5.0,0
AGUSTIN-GONZALEZ,1.0,0
NILS-MUSCHIOL,1.0,0
JASMIN-ADEMOVIC,1.0,0
BJORN-PROPST,2.0,1.0
THEODOROS-ANGELINOS,17.0,0.09558823529411764
VIKTOR-GALOVIC,11.0,0.21818181818181817
JADEN-GRINTER,4.0,0.3333333333333333
BASTIAN-TRINKER,28.0,0.13756613756613756
DANIEL-GEIB,3.0,0
RICCARDO-BELLOTTI,13.0,0.08974358974358974
MAXIMILIAN-NEUCHRIST,13.0,0.07692307692307693
PETER-STEINBERGER,1.0,0
MICHAEL-EIBL,2.0,0
DENNIS-NOVAK,24.0,0.17753623188405798
GIBRIL-DIARRA,9.0,0.08333333333333333
PATRICK-OFNER,2.0,0
ANDREW-ADAMS,1.0,0
JOSE-HERNANDEZ-FERNANDEZ,6.0,0
CHRISTIAN-HARRISON,18.0,0.34558823529411764
MITCHELL-J-POLNET,1.0,0
HUNTER-HARRINGTON,1.0,0
ANDREW-CARTER,13.0,0.23076923076923078
CHRISTIAN-WELTE,1.0,0
DIMITAR-KUTROVSKY,12.0,0.10606060606060606
ROBBYE-POOLE,1.0,0
LUCA-GEORGE-TATOMIR,3.0,0.3333333333333333
LLAURENTIU-ADY-GAVRILA,1.0,0
ALEXANDRU-CATALIN-MARASIN,2.0,0
DARIUS-FLORIN-BRAGUSI,1.0,0
ANDREI-COCIASU,1.0,0
CIPRIAN-ALEXANDRU-PORUMB,1.0,0
TUDOR-SULEA,3.0,0
MIHAITA-DANIEL-DAMIAN,1.0,0
TEODOR-NICOLAE-MARIN,2.0,0
PATRICK-GRIGORIU,1.0,0
ALEXANDER-ZVEREV,140.0,0.43846629560915273
ADIL-SHAMASDIN,2.0,0
KEVIN-BOTTI,1.0,0
TRISTAN-LAMASINE,35.0,0.1622103386809269
TRISTAN-GABRIEL,2.0,0
WARIT-SORNBUTNARK,4.0,0
AVIRUTH-PHAPHUI,4.0,0
WISHAYA-TRONGCHAROENCHAIKUL,2.0,0
KELSEY-STEVENSON,7.0,0
STANISLAV-POPLAVSKYY,5.0,0.1
WAN-ABDUL-MUIZ-WAN-ABDUL-AZIZ,1.0,0
KOKI-MATSUNAGA,1.0,0
AHMED-DEEDAT-ABDUL-RAZAK,5.0,0.1
HE-FENG,2.0,0
YASUTAKA-UCHIYAMA,28.0,0.17
ALEXANDER-RUMYANTSEV,4.0,0.16666666666666666
ILIA-SHATSKIY,2.0,0
MURAD-INOYATOV,2.0,0
ALIAKSANDR-BURY,8.0,0.10714285714285714
ASHOT-KHACHARYAN,1.0,0
VICTOR-BALUDA,12.0,0.09090909090909091
SAAR-STEELE,1.0,0
EVGENY-KARLOVSKIY,8.0,0.03571428571428571
MAXIME-AUTHOM,43.0,0.18776671408250356
ANDRES-ARTUNEDO-MARTINAVARRO,8.0,0.2857142857142857
GAVIN-VAN-PEPERZEEL,5.0,0.1
SCOTT-PUODZIUNAS,1.0,0
JOHN-PATRICK-SMITH,82.0,0.19089026915113871
ALEX-BOLT,28.0,0.15343915343915343
EMILIEN-FIRMIN,1.0,0
PRAJNESH-GUNNESWARAN,3.0,0.3333333333333333
JEEVAN-NEDUNCHEZHIYAN,7.0,0.23809523809523808
NEERAJ-ELANGOVAN,2.0,0
RAMKUMAR-RAMANATHAN,25.0,0.19
JABOR-AL-MUTAWA,4.0,0.3333333333333333
MOUSA-SHANAN-ZAYED,4.0,0.3333333333333333
ANTON-BETTINK,2.0,0
MATTHEW-BARTON,41.0,0.20512820512820512
JIRI-VESELY,143.0,0.46812539448769197
ANDREW-HARRIS,6.0,0.3333333333333333
NICK-KYRGIOS,121.0,0.535126582278481
CLEMENT-MAAS,1.0,0
NICOLAS-PASTOR,4.0,0.16666666666666666
FRANKO-MIOCIC,2.0,0
MISLAV-HIZAK,1.0,0
ALBAN-MEUFFELS,5.0,0.2
LENNERT-VAN-DER-LINDEN,1.0,0
DENNIS-LAJOLA,10.0,0.15555555555555556
CLAYTON-ALMEIDA,2.0,0
DENNIS-NOVIKOV,49.0,0.1887141535615171
TAKANYI-GARANGANGA,34.0,0.10483870967741936
MAXIMILIANO-ESTEVEZ,2.0,0
KEVIN-KONFEDERAK,1.0,0
MAXIME-TCHOUTAKIAN,3.0,0
MARTIN-VAISSE,5.0,0.1
DAVID-OHARE,2.0,0
MARCO-AURELIO-NUNEZ,1.0,0
CHRISTOPHER-DIAZ-FIGUEROA,2.0,1.0
DARIAN-KING,12.0,0.13636363636363635
PATRICK-DAVIDSON,4.0,0.16666666666666666
REID-CARLETON,1.0,0
HAMAD-ABBAS-JANAHI,3.0,0
HAYTHEM-ABID,2.0,1.0
ABDELKADER-BENABDELLAH,1.0,0
ERIC-SCHERER,1.0,0
AYOUB-CHAKROUNI,2.0,1.0
KHALID-ALLOUCH,3.0,0
MILIAAN-NIESTEN,1.0,0
NICHOLAS-NAUMANN,2.0,0
AMRIT-NARASIMHAN,1.0,0
JOSHUA-ZAVALA,1.0,0
SEBASTIEN-COUBERES,1.0,0
GUILLAUME-COUILLARD,1.0,0
JORDI-SAMPER-MONTANA,26.0,0.14
ORIOL-ROCA-BATALLA,14.0,0.12087912087912088
ROBERTO-CARBALLES-BAENA,58.0,0.2787878787878788
VASILE-ALEXANDRU-GHILEA,2.0,0
DRAGOS-DIMA,8.0,0.2857142857142857
MICHAL-KONECNY,10.0,0.06666666666666667
SEBASTIAN-KRAILA,1.0,0
CHRISTIAN-MARIAN,1.0,0
ANDREI-STEFAN-APOSTOL,2.0,0
MICHAEL-LINZER,24.0,0.11594202898550725
MIKI-JANKOVIC,5.0,0.3
MARKO-RAJIC,1.0,0
MATEJ-SABANOV,1.0,0
DJORDJE-DJOKOVIC,3.0,0
BORIS-CONKIC,1.0,0
PEDJA-KRSTIN,29.0,0.07142857142857142
IVAN-SABANOV,1.0,0
JAMES-MCGEE,51.0,0.18067632850241547
ENRIQUE-LOPEZ-PEREZ,22.0,0.1471861471861472
JOAO-BARRA,2.0,0
HENRIQUE-SOUSA,3.0,0
ROMAIN-BARBOSA,3.0,0
GONCALO-LOUREIRO,2.0,0
ARTUR-COMPLETO,3.0,0
ALEXANDER-RITSCHARD,7.0,0.09523809523809523
LADO-CHIKHLADZE,1.0,0
MAXIMILIAN-KOLLERITSCH,1.0,0
VALENTINO-PEST,1.0,0
ADAM-SANJURJO-HERMIDA,3.0,0.6666666666666666
HASIER-PASTOR,1.0,0
MARCO-CECCHINATO,78.0,0.15412474849094568
ANDREW-FITZPATRICK,3.0,0
KEELAN-OAKLEY,3.0,0
JAMIE-WHITEFORD,1.0,0
MATTHEW-PIEROT,1.0,0
KIMMER-COPPEJANS,36.0,0.22580645161290322
DAVID-PEL,1.0,0
KIRILL-DMITRIEV,4.0,0.16666666666666666
JOSHUA-WARD-HIBBERT,3.0,0.3333333333333333
JONNY-OMARA,2.0,0
KYLE-EDMUND,76.0,0.40326340326340326
LUKE-BAMBRIDGE,5.0,0.2
ISAK-ARVIDSSON,16.0,0.041666666666666664
KALLE-AVERFALK,1.0,0
IGOR-TUBIC,5.0,0
PHOTOS-KALLIAS,1.0,0
GIORGIO-PORTALURI,1.0,0
JOHAN-BACKSTROM,2.0,0
BRANDON-BURKE,1.0,0
RISHABH-MEHRA,1.0,0
BLAZ-SERIC,4.0,0.16666666666666666
JEREMY-JAHN,2.0,0
CHRISTIAN-WICKENHAUSER,1.0,0
PASCAL-MEIS,3.0,0.3333333333333333
YANNICK-OFFERMANS,1.0,0
IVAN-GOMEZ-MANTILLA,1.0,0
WALTER-TRUSENDI,5.0,0.2
IVO-MIJIC,2.0,0
JOSE-ANTONIO-SALAZAR-MARTIN,2.0,0
MATIAS-CASTRO,3.0,0
SASO-BENDE,1.0,0
ALEXANDR-KUSHAKOV,4.0,0
FILIP-SERDARUSIC,1.0,0
LUCA-MARGAROLI,5.0,0.2
IGNACIO-TABOADA,1.0,0
NATHAN-PASHA,4.0,0
JUDD-MOTZ,1.0,0
DEAN-OBRIEN,4.0,0.3333333333333333
BRADLEY-COX,1.0,0
LUIZ-INAIMO,1.0,0
CHRISTOPHER-EUBANKS,7.0,0.09523809523809523
JUAN-CARLOS-SPIR,7.0,0.047619047619047616
ERIC-SOCK,3.0,0
DAVID-SPAN,1.0,0
FRANCESCO-VILARDO,3.0,0
ALEXANDROS-JAKUPOVIC,2.0,1.0
DIMITRI-BRETTING,1.0,0
FEDERICO-VALSANGIACOMO,1.0,0
DAMIANO-DI-IENNO,3.0,0
CLAUDE-BENZ,1.0,0
MAXIM-DUBARENCO,11.0,0.03636363636363636
JAN-SUBOTA,1.0,0
NICOLAS-MEISTER,15.0,0.23076923076923078
JEFF-DADAMO,6.0,0.06666666666666667
RAYMOND-SARMIENTO,2.0,0
EGOR-PUNTUS,1.0,0
ANDRE-DOME,1.0,0
FILIP-PELIWO,15.0,0.4065934065934066
JOHN-HARRISON-RICHMOND,2.0,0
DAVID-HOPKINS,1.0,0
AMOGH-PRABHAKAR,1.0,0
MITCHELL-KRUEGER,14.0,0.13186813186813187
MAREK-MICHALICKA,10.0,0.24444444444444444
JULIO-CESAR-CAMPOZANO,12.0,0.15151515151515152
ALEXIOS-HALEBIAN,1.0,0
UGO-NASTASI,2.0,0
LAURENT-MALOULI,1.0,0
GLEB-SAKHAROV,3.0,0
HUGO-SCHOTT,5.0,0
EMMANUEL-GREFF,2.0,0
SEBASTIEN-BOLTZ,1.0,0
JEAN-PASCAL-VERNET,2.0,0
NIKOLAI-FIDIRKO,4.0,0
NIKITA-GUDOZHNIKOV,2.0,0
VOLODOYMYR-UZHYLOVSKYI,3.0,0
EGOR-GERASIMOV,25.0,0.08333333333333333
VUGAR-ALIEV,1.0,0
ANTON-ZAITCEV,9.0,0.08333333333333333
TIMOFEY-SKRIPKIN,1.0,0
ASLAN-KARATSEV,42.0,0.15121951219512195
ARTUR-GUSEV,2.0,0
PRUCHYA-ISAROW,3.0,0
POL-WATTANAKUL,5.0,0
NUTTANON-KADCHAPANAN,3.0,0
NATTAN-BENJASUPAWAN,1.0,0
GRITTABOON-PRAHMANEE,1.0,0
TEERADON-TORTRAKUL,1.0,0
CHAYANON-KAEWSUTO,3.0,0
KOVIT-RATANAPHET,1.0,0
SYED-MOHD-AGIL-SYED-NAGUIB,5.0,0
MOHD-ASSRI-MERZUKI,3.0,0
COLIN-WEI-MING-WONG,1.0,0
KAICHI-UCHIDA,1.0,0
SHUICHI-SEKIGUCHI,12.0,0.24242424242424243
ZHIZHEN-ZHANG,11.0,0.21818181818181817
XIN-GAO,5.0,0.6
YU-CHENG-LI,1.0,0
ALEKSANDR-NEDOVYESOV,59.0,0.262987012987013
ALEXANDER-VASILENKO,8.0,0.10714285714285714
EVGENY-ELISTRATOV,5.0,0.1
ROBERTO-MARCORA,24.0,0.13043478260869565
JONATHAN-MRIDHA,8.0,0.07142857142857142
ELIAS-YMER,57.0,0.2997097242380261
CLAUDIO-GRASSI,1.0,0
CHRISTOFFER-SOLBERG,2.0,1.0
MARKUS-SCHULTZ,1.0,0
ANTE-TEPIC,1.0,0
ELLIOT-CARNELLO,1.0,0
ANTON-WAERN,1.0,0
PASCAL-BRUNNER,5.0,0.4
LUCAS-MIEDLER,8.0,0.17857142857142858
FILIP-HAVAJ,1.0,0
MARIO-VILELLA-MARTINEZ,4.0,0.3333333333333333
VIJAYANT-MALIK,2.0,0
SAKETH-MYNENI,27.0,0.13230769230769232
SIDHARTH-RAWAT,3.0,0
ARJUN-KADHE,1.0,0
ELWIN-ANTONY,1.0,0
ASHWIN-VIJAYRAGAVAN,1.0,0
ALI-AL-SAYGH,2.0,0
CAMERON-NORRIE,8.0,0.03571428571428571
SAM-MATHESON,1.0,0
ENRICO-BECUZZI,6.0,0
JAY-ANDRIJIC,3.0,1.0
SIMON-EDE,2.0,0
JORDAN-THOMPSON,25.0,0.42
JOHN-PEERS,9.0,0.05555555555555555
LUCAS-POUILLE,129.0,0.39350263097689314
JACOB-GRILLS,3.0,0
THANASI-KOKKINAKIS,78.0,0.3576300085251492
IVAN-ARENAS-GUALDA,2.0,0
JULES-MARIE,9.0,0.1111111111111111
TAK-KHUNN-WANG,3.0,0
DAVID-PEREZ-SANZ,4.0,0
ELIE-ROUSSET,5.0,0.1
YANNICK-JANKOVITS,9.0,0.1111111111111111
CHRISTIAN-GARIN,23.0,0.16883116883116883
NICOLAS-JARRY,17.0,0.22794117647058823
BASTIAN-MALLA,3.0,0
BORNA-CORIC,114.0,0.5567901234567901
DUJE-KEKEZ,13.0,0.1282051282051282
MLADEN-MITAK,4.0,0
FABIAN-VAN-DER-LANS,1.0,0
JASON-JUNG,20.0,0.18128654970760233
BORIS-NICOLA-BAKALOV,1.0,0
STEFANO-TRAVAGLIA,9.0,0.2222222222222222
JUAN-IGNACIO-GALARZA,4.0,0
MAXIME-CHAZAL,11.0,0.05454545454545454
CONNOR-GLENNON,3.0,0.3333333333333333
MIGUEL-ANGEL-REYES-VARELA,7.0,0.23809523809523808
NICOLAS-BARRIENTOS,9.0,0.08333333333333333
JARED-HILTZIK,1.0,0
JUAN-ROCHA,1.0,0
DEITON-BAUGHMAN,4.0,0.5
YOSHIHITO-NISHIOKA,73.0,0.26713286713286716
OMAR-EL-HIZAZ,1.0,0
MOHAMED-ALI-KRAIMI,1.0,0
YOUSSEF-TAMIMOUNT,1.0,0
MOHAMED-ADNAOUI,3.0,0
SOUFIANE-SAHLI,1.0,0
DAVID-WARREN,3.0,0
BAYO-PHILIPS,3.0,0
VULLNET-TASHI,1.0,0
CONNOR-CURRY,1.0,0
ROMAIN-ARNEODO,5.0,0.6
POL-TOLEDO-BAGUE,3.0,0
PATRICK-CIORCILA,2.0,0
MORITZ-BAUMANN,3.0,0
KEVIN-KACZYNSKI,1.0,0
MAXIMILIAN-DINSLAKEN,5.0,0
STEVEN-MONEKE,2.0,0
FELIPE-CUNHA-SILVA,4.0,0
ANDRE-GASPAR-MURTA,6.0,0.06666666666666667
RODOLFO-PEREIRA,1.0,0
RICHARD-BECKER,6.0,0.5333333333333333
IVAN-BJELICA,1.0,0
ARTHUR-DE-GREEF,15.0,0.09523809523809523
JOZEF-KOVALIK,56.0,0.16498316498316498
QUENTIN-HALYS,23.0,0.3246753246753247
JOHAN-TATLOT,6.0,0.06666666666666667
CALVIN-HEMERY,23.0,0.13438735177865613
HARRY-BOURCHIER,8.0,0.10714285714285714
OMAR-JASIKA,13.0,0.2692307692307692
BRADLEY-MOUSLEY,5.0,0
WESLEY-KOOLHOF,4.0,0
LENNART-ZYNGA,3.0,0
JAMES-IRELAND,1.0,0
PIOTR-GADOMSKI,2.0,1.0
ROBERT-CARTER,1.0,0
STEFAN-STERLAND-MARKOVIC,2.0,1.0
MILES-BUGBY,3.0,0.6666666666666666
ADAM-THORNTON-BROWN,3.0,0.3333333333333333
VITALII-SHCHERBA,3.0,0
STEPHAN-FRANSEN,3.0,0.3333333333333333
EVAN-HOYT,2.0,0
RICHARD-GABB,4.0,0
DANIEL-WINDAHL,5.0,0.2
JOACHIM-BJERKE,2.0,0
FILIP-KARLSSON,1.0,0
NIMA-MADANI,1.0,0
MORGAN-JOHANSSON,2.0,0
PHILIP-MOEBIUS,1.0,0
STEFAN-KOZLOV,22.0,0.3904761904761905
JARED-DONALDSON,76.0,0.28946178199909545
CHRISTO-SCHULTZ,1.0,0
TAKURA-HAPPY,4.0,0.16666666666666666
KRASIMIR-KOLEV,1.0,0
VICTOR-SCHMID,1.0,0
ALEXANDER-MANNAPOV,2.0,0
ADRIANO-QUINTI,1.0,0
LUKAS-WINKELMANN,1.0,0
NICOLAS-ERNST,1.0,0
EMILIO-GOMEZ,19.0,0.13071895424836602
EDUARDO-STRUVAY,12.0,0.16666666666666666
FELIPE-ROJAS,2.0,0
FELIPE-MANTILLA,1.0,0
MARCELO-AREVALO,12.0,0.045454545454545456
SERGIO-GALDOS,3.0,0
PEDRO-PABLO-RUIZ,1.0,0
MATEO-ANDRES-RUIZ-NARANJO,4.0,0
BARLAHAM-ZULUAGA-GAVIRIA,1.0,0
DANIEL-ELAHI-GALAN,5.0,0.2
FINN-MEINECKE,1.0,0
FLORIAN-BARTH,3.0,0.6666666666666666
FREDERIK-PRESS,1.0,0
NATHAN-RAKITT,2.0,0
WILSON-LEITE,9.0,0.07142857142857142
LOIC-PERRET,5.0,0.2
CARLOS-EDUARDO-SEVERINO,5.0,0
ALEJANDRO-MENDOZA,4.0,0
THIERRY-ROGGI,3.0,0
JACOB-KAHOUN,2.0,0
STEFAN-FIACAN,2.0,0
MIHA-MLAKAR,2.0,0
TOM-KOCEVAR-DESMAN,3.0,0
TOMISLAV-DRAGANJA,2.0,0
LUKA-ZANINOVIC,3.0,0
TILEN-ZITNIK,1.0,0
NINO-SERDARUSIC,4.0,0
ANDRES-ARCE,1.0,0
MATEJ-SVJETLICIC,1.0,0
TIHOMIR-GROZDANOV,6.0,0
LORENZO-GIUSTINO,42.0,0.1282051282051282
JOY-VIGANI,1.0,0
DOMINIC-WEIDINGER,1.0,0
MATTHIAS-HAIM,2.0,0
TOMMY-MYLNIKOV,1.0,0
MACKENZIE-MCDONALD,13.0,0.41025641025641024
ROMAIN-BOGAERTS,1.0,0
PEDRO-DUMONT,1.0,0
ADAM-LEE,3.0,0
KEITH-PATRICK-CROWLEY,1.0,0
AWS-LAARIBI,1.0,0
STRONG-KIRCHHEIMER,1.0,0
COLLIN-ALTAMIRANO,3.0,0.3333333333333333
TIM-PUETZ,24.0,0.2727272727272727
GAGE-BRYMER,1.0,0
NOAH-RUBIN,24.0,0.15151515151515152
SASCHA-MEIS,1.0,0
HUGO-PERRIN,1.0,0
KAREN-KHACHANOV,54.0,0.30017006802721086
KIRILL-SAPLIN,2.0,0
MIKHAIL-VAKS,2.0,0
FEDOR-CHERVYAKOV,6.0,0
ALEXANDER-IGOSHIN,6.0,0.06666666666666667
VLADIMIR-POLYAKOV,6.0,0.13333333333333333
DMITRII-DOSUZHEV,1.0,0
STEPAN-KHOTULEV,2.0,0
VLADIMIR-IVANOV,6.0,0
ARTUR-MADZHAR,1.0,0
PAVEL-ZELENKIN,1.0,0
TEIMOURAZ-METREVELI,1.0,0
VITALIY-KACHANOVSKIY,1.0,0
TIMUR-RAZMAITOV,1.0,0
LASLO-DJERE,20.0,0.14210526315789473
SUK-YOUNG-JEONG,1.0,0
JUI-CHEN-HUNG,2.0,0
PUNNAKRIT-KRITAKARA,2.0,0
WATCHARAPHONG-IAM-LA-OR,1.0,0
HUFU-WANG,1.0,0
HYEON-CHUNG,54.0,0.42641843971631205
JI-SUNG-NAM,2.0,0
MUHAMMAD-ASHAARI-BIN-ZAINAL-ABIDIN,4.0,0
ABDUL-HAZLI-ZAINUDDIN,1.0,0
BUMPEI-SATO,4.0,0
KEVIN-KUNG,1.0,0
BOWEN-OUYANG,6.0,0.26666666666666666
HAO-ZHANG,1.0,0
AORAN-WANG,3.0,0
SIYU-LIU,3.0,0.3333333333333333
ZHAO-CAI,1.0,0
ROMAN-JEBAVY,4.0,0.16666666666666666
ILYA-VASILYEV,5.0,0
ALEXEY-VATUTIN,16.0,0.1
DANIIL-MEDVEDEV,31.0,0.2064516129032258
ANDREY-RUBLEV,51.0,0.3265494912118409
NEAL-SKUPSKI,3.0,0
BORIS-POKOTILOV,1.0,0
CONSTANT-LESTIENNE,25.0,0.06719367588932806
HERKKO-POLLANEN,1.0,0
PHILIP-LANG,2.0,0
LUKAS-JASTRAUNIG,3.0,0
JAN-POSKOCIL,1.0,0
MARCO-PROCHAZKA,1.0,0
JOHANNES-SCHRETTER,1.0,0
DANIEL-EGER,1.0,0
MARIO-HAIDER-MAURER,1.0,0
OLIVER-CERANIC,1.0,0
MARIUS-PIMISHOFER,1.0,0
ERIK-CREPALDI,6.0,0.2
ANDREW-WHITTINGTON,10.0,0.3333333333333333
SASI-KUMAR-MUKUND,4.0,0.3333333333333333
SUMIT-NAGAL,2.0,1.0
KARIM-HOSSAM,1.0,0
TARO-DANIEL,91.0,0.25664556962025314
ABDULLA-AL-MOHAMOUD,1.0,0
ABDULLAH-SHANNAN-ALHARRASI,2.0,1.0
JASSEM-AL-ZEYARA,2.0,0
ABDULLA-AL-JUFAIRI,1.0,0
RHETT-PURCELL,3.0,0
ENZO-COUACAUD,17.0,0.16666666666666666
ALEXANDER-KLINTCHAROV,2.0,0
BEN-MCLACHLAN,2.0,0
DANIEL-BROWN,1.0,0
BLAZ-ROLA,55.0,0.3137755102040816
GERMAIN-GIGOUNON,14.0,0.25274725274725274
MARC-POLMANS,4.0,0.16666666666666666
LIANG-CHI-HUANG,4.0,0
AKIRA-SANTILLAN,6.0,0.3333333333333333
BLAKE-MOTT,5.0,0.1
LAURENT-LOKOLI,14.0,0.21978021978021978
RUDY-COCO,1.0,0
MAXIME-JANVIER,5.0,0.3
ALESSANDRO-BEGA,1.0,0
BASTIEN-FAVIER,1.0,0
KEVIN-BOUMLIL,1.0,0
DIEGO-VIVES,1.0,0
DAVID-FLEMING,1.0,0
JOAO-RIQUELME,1.0,0
FELIPE-GARCES,1.0,0
MYROHN-MIRANDA,1.0,0
STEFANO-NAPOLITANO,9.0,0.1388888888888889
GIANLUIGI-QUINZI,7.0,0.23809523809523808
ADRIAN-SIKORA,6.0,0.4
SALVATORE-CARUSO,10.0,0.2
DAVID-SOUTO,3.0,0.6666666666666666
HUGO-DELLIEN,4.0,0
JOAN-MARC-GRIMAL-FERRER,2.0,0
IAN-CHADWELL,1.0,0
CEDRIC-DE-ZUTTER,1.0,0
DAVID-OLEARY,1.0,0
PEDRO-SAKAMOTO,3.0,0
IVAN-ENDARA,5.0,0
ZACHARY-PELTS,1.0,0
DANIEL-KERZNERMAN,2.0,0
ALVARO-OCHOA,1.0,0
JAKUB-WOJCIK,1.0,0
CHIEH-FU-WANG,1.0,0
MARCELO-ZORMANN,1.0,0
TIGRE-HANK,5.0,0.5
ALEXANDRE-TSUCHIYA,3.0,0
JOAO-WALENDOWSKY,2.0,0
IDIO-ESCOBAR,1.0,0
CHARLES-COSTA,1.0,0
EDUARDO-DISCHINGER,1.0,0
MARCOS-VINICIUS--DIAS,1.0,0
OSNI-JUNIOR,1.0,0
VICTOR-HUGO-PORTUGAL-PEREIRA,1.0,0
NIZAR-BELMATI,1.0,0
SRIKAR-ALLA,2.0,0
ADAM-GUSTAVSSON,1.0,0
ANDREI-PATRUI,2.0,0
ANDRAS-SZEKELY,1.0,0
ADRIAN-OBERT,1.0,0
DUARTE-VALE,3.0,0
DAVID-VEGA-HERNANDEZ,7.0,0
ALESSANDRO-PETRONE,1.0,0
EDUARDO-LAMEIRAS,1.0,0
MATTEO-DONATI,26.0,0.2
MANUEL-PENA-LOPEZ,2.0,0
SCOTT-NICOLAS,1.0,0
PHILIPP-SCHOLZ,1.0,0
MATS-MORAING,9.0,0.1111111111111111
MATTHIAS-WUNNER,1.0,0
REMI-BOUTILLIER,11.0,0.16363636363636364
MYLES-ORTON,2.0,0
HARRY-SKINNER,1.0,0
ALEXANDER-JHUN,1.0,0
MICHAEL-GRANT,3.0,0
SANDER-GROEN,1.0,0
JATHAN-MALIK,2.0,0
SCOTT-CLAYTON,1.0,0
HENRIK-SILLANPAA,2.0,0
MIKAEL-YMER,6.0,0.3333333333333333
CARL-SODERLUND,6.0,0
GUSTAV-HANSSON,1.0,0
GERARDO-LOPEZ-VILLASENOR,2.0,0
SARVAR-IKRAMOV,1.0,0
SANDOR-NOSZALY,1.0,0
JAN-CHOINSKI,6.0,0.26666666666666666
JONAS-LUETJEN,1.0,0
JOAO-PEDRO-SORGI,2.0,0
ISA-MAMMETGULYYEV,1.0,0
SEBASTIAN-BUEHLER,1.0,0
JOSE-FERNANDO-CARVAJAL-TORRES,2.0,0
PABLO-TELLEZ,1.0,0
MANUEL-ARIAS,1.0,0
STEFFEN-ZORNOSA,1.0,0
SEBASTIAN-LOPEZ,1.0,0
JUAN-ESPINEL,1.0,0
JUAN-MONTES,3.0,0
TIM-NEKIC,1.0,0
NICO-MATIC,2.0,1.0
LUKAS-RUEPKE,1.0,0
DEMIAN-RAAB,2.0,0
FACUNDO-MENA,7.0,0
RYAN-SHANE,10.0,0.08888888888888889
BECKER-OSHAUGHNESSEY,2.0,0
FRANCES-TIAFOE,29.0,0.30484330484330485
KOREY-LOVETT,1.0,0
FEDERICO-ZEBALLOS,2.0,0
JESSY-KALAMBAY,3.0,0.3333333333333333
VADIM-ALEKSEENKO,5.0,0.2
DANIEL-VALENT,1.0,0
GLEB-ALEKSEENKO,4.0,0
SIMEON-ROSSIER,2.0,0
MATIJA-PECOTIC,6.0,0.13333333333333333
NIKOLAS-WALTERSCHEID-TUKIC,1.0,0
MILE-CILIC,1.0,0
TOMISLAV-TERNAR,1.0,0
STJEPAN-CAGALJ,2.0,0
DEKEL-BAR,1.0,0
ALEXANDER-ERLER,4.0,0.3333333333333333
JORDI-ARCONADA,3.0,0
JUSTIN-S-SHANE,1.0,0
BRAYDEN-SCHNUR,8.0,0.42857142857142855
ERIC-VEHOVEC,1.0,0
DAVID-VOLFSON,2.0,0
DEVIN-MCCARTHY,1.0,0
JONATHAN-HO,3.0,0
QUINNTON-VEGA,1.0,0
ANTHONY-DELCORE,1.0,0
MAKSIM-KAN,1.0,0
ERNESTO-ESCOBEDO,18.0,0.24183006535947713
TAYLOR-FRITZ,53.0,0.4166666666666667
CORENTIN-MOUTET,3.0,0.3333333333333333
GREGOIRE-BARRERE,13.0,0.21794871794871795
SAM-BARRY,4.0,0.16666666666666666
KARL-WEGNER,1.0,0
JAN-OLIVER-SADLOWSKI,1.0,0
TAKUTO-NIKI,10.0,0.13333333333333333
HAO-SHENG-KOAY,1.0,0
STEFAN-MERUNKA,4.0,0
JOE-COOPER,1.0,0
MITHUN-MURALI,1.0,0
RIGELE-TE,3.0,0
JIACHENG-ZHU,2.0,0
ZHUOYANG-QIU,4.0,0
ZHUO-ZHANG,1.0,0
YECONG-HE,5.0,0
ZHICHENG-ZHU,2.0,0
XIAO-GONG,1.0,0
ZHAO-TAI-LI,1.0,0
YUSUKE-WATANUKI,1.0,0
YUSUKE-TAKAHASHI,1.0,0
NAOKI-NAKAGAWA,1.0,0
ZHAOYI-CAO,1.0,0
YARASLAV-SHYLA,7.0,0.14285714285714285
ALEXANDER-BUBLIK,10.0,0.17777777777777778
CARLOS-GARCIA-VILLANUEVA,1.0,0
VINAYAK-SHARMA-KAZA,3.0,0.3333333333333333
RASWANT-RAVI,1.0,0
RAHUL-ROBINSON-MANOAH,1.0,0
FAHAD-MOHAMMED,1.0,0
LAKSHIT-SOOD,1.0,0
NIKI-KALIYANDA-POONACHA,1.0,0
SURAJ-R-PRABODH,1.0,0
CHANDRIL-SOOD,1.0,0
YAHOR-YATSYK,2.0,0
ISSA-SHANAN-AL-HARRASI,1.0,0
CHRISTOPHER-OCONNELL,1.0,0
ADAM-PAVLASEK,24.0,0.17391304347826086
THOMAS-LAURENT,1.0,0
GEOFFREY-BLANCANEAUX,3.0,0
CLAUDIO-FORTUNA,1.0,0
GONZALO-ESCOBAR,2.0,0
MAURICIO-ECHAZU,1.0,0
PEDRO-BERNARDI,1.0,0
RYUSEI-MAKIGUCHI,1.0,0
DOMAGOJ-BILJESKO,2.0,0
MICHAEL-MMOH,15.0,0.3619047619047619
DANIEL-NGUYEN,12.0,0.07575757575757576
JARRYD-WOOG,2.0,0
GUY-DEN-HEIJER,1.0,0
JELLE-SELS,2.0,1.0
NIELS-LOOTSMA,1.0,0
FABRICIO-NEIS,2.0,0
CAIO-SILVA,1.0,0
MARTIN-CUEVAS,1.0,0
NICOLAS-KICKER,16.0,0.13333333333333333
TEMUR-ISMAILOV,1.0,0
PATRICK-DACIEK,2.0,0
LANCE-COHEN,1.0,0
JAUME-PLA-MALFEITO,2.0,0
THALES-TURINI,1.0,0
ALAN-NUNEZ-AGUILERA,1.0,0
THEO-FOURNERIE,1.0,0
ANTONIONI-FASANO,1.0,0
AITOR-ARAMBURU,1.0,0
FRANCISCO-BAHAMONDE,2.0,0
LUCIANO-DORIA,1.0,0
FRANCO-FEITT,1.0,0
HERNAN-CASANOVA,2.0,0
MARTIN-RONDINA,1.0,0
MAURICIO-PEREZ-MOTA,1.0,0
JUAN-MANUEL-MATUTE,1.0,0
JUAN-IGNACIO-ILIEV,1.0,0
YOUNG-SEOK-KIM,1.0,0
PEDRO-CACHIN,17.0,0.058823529411764705
JUAN-PABLO-PAZ,3.0,0
MATIAS-RODOLFO-BUCHHASS,1.0,0
JEAN-MARC-WERNER,2.0,1.0
MEHDI-JDI,1.0,0
MAXIME-HAMOU,6.0,0
FLORENT-DIEP,1.0,0
TAHA-TIFNOUTI,2.0,0
LUCAS-CATARINA,2.0,1.0
JAUME-MUNAR,12.0,0.3939393939393939
EDUARD-GUELL-BARTRINA,1.0,0
VASILE-ANTONESCU,3.0,0
VICTOR-VLAD-CORNEA,2.0,0
BOGDAN-IONUT-APOSTOL,2.0,0
YANNICK-THIVANT,2.0,0
NUNO-DEUS,2.0,0
JORDI-MUNOZ-ABREU,2.0,0
GONCALO-ANDRADE,1.0,0
TIAGO-LOURENCO,1.0,0
JOAO-ANTONIO,1.0,0
MIGUEL-SEMEDO,1.0,0
CEM-ILKEL,6.0,0.6
EFE-YURTACAN,2.0,0
BARKIN-YALCINKALE,1.0,0
ALTUG-CELIKBILEK,1.0,0
TUNA-ALTUNA,1.0,0
SARP-AGABIGUN,2.0,0
ALEKSANDRE-METREVELI,2.0,0
DIMITAR-KUZMANOV,3.0,0
ROBERTO-AFFONSO,2.0,0
LOUIS-WESSELS,3.0,0.3333333333333333
ALEXANDER-BRAUN,1.0,0
JOHANNES-HAERTEIS,2.0,0
SEBASTIAN-PRECHTEL,1.0,0
GIANLUCA-MAGER,2.0,1.0
SEVAN-KELPETINDJIAN,1.0,0
GONCALO-OLIVEIRA,1.0,0
NICOLAS-DANIEL-OLGUIN,1.0,0
MAX-DE-VROOME,1.0,0
TOM-SCHONENBERG,3.0,0
CONNOR-SMITH,3.0,0.3333333333333333
ALEXANDER-SARKISSIAN,26.0,0.13333333333333333
DMITRO-KAMYNIN,1.0,0
ARTHUR-SURREAUX,1.0,0
NICHOLAS-S-HU,1.0,0
TOM-JOMBY,1.0,0
DRAGOS-NICOLAE-MADARAS,2.0,0
DANIEL-APPELGREN,2.0,0
ROBIN-STANEK,1.0,0
SAM-TAYLOR,1.0,0
ANDRE-GORANSSON,1.0,0
OSCAR-MESQUIDA-BERG,1.0,0
STEFAN-LINDMARK,1.0,0
ALEJANDRO-GOMEZ,5.0,0.1
JUAN-SEBASTIAN-GOMEZ,3.0,0
RICARDO-PABON-CUESTA,1.0,0
DANIEL-MORA,1.0,0
JOSE-DANIEL-BENDECK,1.0,0
JESUS-FRANCISCO-FELIX,1.0,0
JUAN-JOSE-MATEUS-RUBIANO,1.0,0
RODRIGO-ECHAVARRIA,1.0,0
CAMILO-ANDRES-ERAZO,1.0,0
DMITRY-SURCHENKO,3.0,0
FRAN-ZVONIMIR-ZGOMBIC,1.0,0
PIETRO-LICCIARDI,1.0,0
PATRIK-SUDIC,1.0,0
DENIS-BEJTULAHI,1.0,0
TRENT-BRYDE,3.0,0
EVAN-SONG,2.0,0
TOMMY-PAUL,24.0,0.23715415019762845
WALKER-DUNCAN,1.0,0
REILLY-OPELKA,18.0,0.40522875816993464
TOMAS-LIPOVSEK-PUCHES,6.0,0.06666666666666667
DANIEL-MASUR,3.0,0
LENNY-HAMPEL,4.0,0.16666666666666666
JANNIS-LINIGER,1.0,0
FRANCOIS-ARTHUR-VIBERT,1.0,0
ISADE-JUNEAU,1.0,0
SKANDER-MANSOURI,3.0,0
KEIVON-TABRIZI,1.0,0
CHRISTIAN-SERAPHIM,1.0,0
SAM-BLOOM,1.0,0
DAMON-GOOCH,1.0,0
JAN-SATRAL,16.0,0.14166666666666666
SADIO-DOUMBIA,2.0,0
GREGOIRE-JACQ,1.0,0
TERI-GROLL,2.0,0
EVGENY-TYURNEV,6.0,0.13333333333333333
KIRILL-KIVATTSEV,1.0,0
ALEXANDER-PERFILOV,2.0,1.0
ALEKSEI-KHOMICH,1.0,0
PAVEL-SHCHAYA-ZUBROV,1.0,0
ALEXANDER-OVCHAROV,1.0,0
VITALY-KOZYUKOV,1.0,0
PHILIPP-KLIMOV,1.0,0
CONGSUP-CONGCAR,1.0,0
CHEONG-EUI-KIM,1.0,0
CHRISTIAN-OLIVER-LEE,1.0,0
ZACH-ITZSTEIN,1.0,0
EDWARD-BOURCHIER,1.0,0
ROY-HOBBS,1.0,0
FAJING-SUN,4.0,0.16666666666666666
NICHOLAS-REYES,1.0,0
HAITONG-XIA,2.0,0
DUCKHEE-LEE,8.0,0.03571428571428571
LONG-CHEN,1.0,0
CHUNG-HYO-WOO,2.0,0
IVAN-DENISOV,1.0,0
FILIP-HORANSKY,2.0,0
BERNABE-ZAPATA-MIRALLES,3.0,0
MAGNUS-ERIKSSON,1.0,0
DMYTRO-BADANOV,1.0,0
ANTOINE-BELLIER,3.0,0.3333333333333333
CARLOS-TABERNER,2.0,0
IVAN-GAKHOV,1.0,0
NICOLA-KUHN,2.0,1.0
JORDAN-CORREIA,1.0,0
PEDRO-MARTINEZ,2.0,0
OLIVER-ANDERSON,5.0,0.1
MUBARAK-SHANNAN-ZAYID,1.0,0
ALEKSANDAR-VUKIC,2.0,0
MAYEZ-JUPITER-ELRICH,1.0,0
BLADE-FONG,1.0,0
ALEX-DE-MINAUR,1.0,0
DMITRY-POPKO,7.0,0.047619047619047616
ROBERTO-QUIROZ,2.0,1.0
ALEXANDAR-LAZAROV,1.0,0
TALLON-GRIEKSPOOR,1.0,0
TIM-VAN-RIJTHOVEN,4.0,0
EDOARDO-TESSARO,1.0,0
CLEMENT-LARRIERE,1.0,0
ORLANDO-LUZ,2.0,1.0
LUCAS-GOMEZ,2.0,0
HANS-HACH-VERDUGO,1.0,0
ANDRES-ZEPEDA,1.0,0
ROY-DE-VALK,1.0,0
CASPER-RUUD,2.0,0
AMINE-AHOUDA,1.0,0
FLORIAN-VALSOT,1.0,0
BOGDAN-BORZA,1.0,0
ALVARO-LOPEZ-SAN-MARTIN,1.0,0
GEORGI-RUMENOV-PAYAKOV,1.0,0
LORENZO-SONEGO,3.0,0
OMAR-GIACALONE,1.0,0
ANDREA-VAVASSORI,1.0,0
JOHAN-NIKLES,4.0,0
CORENTIN-DENOLLY,1.0,0
VIKTOR-DURASOVIC,1.0,0
RYAN-JAMES-STORRIE,1.0,0
JAY-CLARKE,1.0,0
LLOYD-GLASSPOOL,3.0,0.6666666666666666
ILYA-IVASHKA,6.0,0.2
MARKO-TEPAVAC,4.0,0
SCOTT-GRIEKSPOOR,2.0,0
MARCO-BORTOLOTTI,2.0,0
MARVIN-MOELLER,1.0,0
ROCCO-SAVIN,1.0,0
DENIS-SHAPOVALOV,3.0,0.6666666666666666
NIKITA-GIREY--DEMIR,1.0,0
ULISES-BLANCH,1.0,0
LEON-VESSELS,1.0,0
JACK-MINGJIE-LIN,1.0,0
CHRISTIAN-LAKOSELJAC,1.0,0
BENJAMIN-SIGOUIN,1.0,0
FELIX-AUGER-ALIASSIME,1.0,0
FERNANDO--CABRERA,1.0,0
CARLOS-RAMIREZ-UTERMANN,1.0,0
JUAN-IGNACIO-BATALLA,1.0,0
PETROS-CHRYSOCHOS,2.0,0
DENNIS-USPENSKY,1.0,0
YANNIK-REUTER,2.0,0
JORIS-DE-LOORE,3.0,0.3333333333333333
THAI-SON-KWIATKOWSKI,1.0,0
VASIL-KIRKOV,1.0,0
ADRIAN-ANDREEV,1.0,0
JULIEN-DUBAIL,1.0,0
MAXIM-KRAVTSOV,1.0,0
SOON-WOO-KWON,1.0,0
SU-HAO-ZHONG,1.0,0
MIKOLAJ-BORKOWSKI,1.0,0
YOSUKE-WATANUKI,1.0,0
YANNICK-MADEN,3.0,0.3333333333333333
ZIZOU-BERGS,1.0,0
VACLAV-SAFRANEK,1.0,0
STEFANOS-TSITSIPAS,2.0,0
SEBASTIAN-OFNER,2.0,0
