SCOTT-DRAPER,2.797
TODD-WOODBRIDGE,2.939
MIKAEL-TILLSTROM,2.852
JEFF-TARANGO,2.791
ALEX-OBRIEN,2.99
KAROL-KUCERA,2.767
JONAS-BJORKMAN,2.585
ANDREI-CHERKASOV,3.236
MARK-WOODFORDE,2.938
JIRI-NOVAK,2.673
THOMAS-JOHANSSON,2.634
DAVID-PRINOSIL,2.895
BOHDAN-ULIHRACH,2.677
JONATHAN-STARK,3.134
PATRICK-RAFTER,2.839
BYRON-BLACK,2.836
YEVGENY-KAFELNIKOV,2.798
RICHARD-FROMBERG,2.891
ANDREI-MEDVEDEV,2.841
DANIEL-VACEK,2.829
MARC-KEVIN-GOELLNER,2.859
SLAVA-DOSEDEL,2.891
RENZO-FURLAN,2.918
NICOLAS-PEREIRA,3.52
NICKLAS-KULTI,2.977
KENNETH-CARLSEN,2.607
ALEX-RADULESCU,3.038
GALO-BLANCO,2.701
SANDON-STOLLE,3.024
MICHAEL-TEBBUTT,3.013
JEFF-SALZENSTEIN,2.774
MARTIN-DAMM,2.875
TIM-HENMAN,2.671
JIM-COURIER,2.917
SERGI-BRUGUERA,2.789
HICHAM-ARAZI,2.731
THOMAS-MUSTER,2.895
MAGNUS-GUSTAFSSON,2.811
PETR-KORDA,3.01
MAGNUS-LARSSON,2.816
CHRISTIAN-RUUD,2.938
DOMINIK-HRBATY,2.528
MAGNUS-NORMAN,2.788
RAZVAN-SABAU,2.699
PATRICK-MCENROE,3.192
JAVIER-SANCHEZ,2.954
TAMER-EL-SAWY,3.491
PATRIK-FREDRIKSSON,3.162
HERNAN-GUMY,2.907
THOMAS-ENQVIST,2.751
JAN-SIEMERINK,2.871
MICHAEL-STICH,3.235
JORDI-BURILLO,3.001
STEPHANE-SIMIAN,3.21
PAUL-HAARHUIS,3.028
SJENG-SCHALKEN,2.647
LEANDER-PAES,2.842
KARIM-ALAMI,2.863
HERBERT-WILTSCHNIG,3.265
DINU-PESCARIU,3.074
JUAN-ALBERT-VILOCA-PUIG,2.893
SULTAN-KHALFAN,3.185
OLIVER-GROSS,2.938
GUILLAUME-RAOUX,2.948
MARCOS-ONDRUSKA,3.014
MARCELO-RIOS,2.754
JAN-MICHAEL-GAMBILL,2.627
ALBERTO-BERASATEGUI,2.915
CHRIS-WOODRUFF,2.821
CECIL-MAMIIT,2.704
ROBERTO-CARRETERO,3.171
ALEX-CORRETJA,2.804
TOMAS-CARBONELL,3.073
BERND-KARBACHER,3.029
GREG-RUSEDSKI,2.744
CARLOS-COSTA,3.008
ALISTAIR-HUNT,3.677
TODD-LARKHAM,3.035
BRETT-STEVEN,3.011
DAVID-CALDWELL,3.198
STEVEN-DOWNS,3.79
CARLOS-MOYA,2.57
GORAN-IVANISEVIC,2.825
ALBERT-COSTA,2.756
GRANT-STAFFORD,3.029
ADRIAN-VOINEA,2.772
WAYNE-FERREIRA,2.765
LIONEL-ROUX,2.92
FELIX-MANTILLA,2.698
MARC-ROSSET,2.748
SARGIS-SARGSIAN,2.696
GRANT-DOYLE,3.528
NEVILLE-GODWIN,2.854
PETE-SAMPRAS,2.809
MICHAEL-CHANG,2.802
MALIVAI-WASHINGTON,3.175
JENS-KNIPPSCHILD,2.857
GILBERT-SCHALLER,3.139
ARNAUD-BOETSCH,3.034
KARSTEN-BRAASCH,3.27
DENNIS-VAN-SCHEPPINGEN,2.727
RICHEY-RENEBERG,3.06
JAVIER-FRANA,3.293
MICHAEL-JOYCE,3.091
JAN-KROSLAK,2.909
FERNANDO-MELIGENI,2.783
FILIP-DEWULF,2.893
PETER-TRAMACCHI,3.207
GUSTAVO-KUERTEN,2.736
JEAN-PHILIPPE-FLEURIAN,3.453
EYAL-RAN,3.251
KRIS-GOOSSENS,3.792
BEN-ELLWOOD,3.494
GEOFF-GRANT,3.21
BORIS-BECKER,3.063
LLEYTON-HEWITT,2.488
TOBY-MITCHELL,3.716
FERNON-WIBIER,3.216
GUY-FORGET,3.269
PAT-CASH,3.389
ANDREI-CHESNOKOV,3.405
ORLIN-STANOYTCHEV,2.967
ANDREI-PAVEL,2.588
MARCOS-AURELIO-GORRIZ,3.443
SEBASTIEN-LAREAU,2.857
ANDREA-GAUDENZI,2.768
ANDREI-OLHOVSKIY,3.203
THIERRY-CHAMPION,3.181
LARS-JONSSON,3.504
JAYMON-CRABB,3.113
JUSTIN-GIMELSTOB,2.659
DANIEL-NESTOR,2.806
OSCAR-BURRIEZA-LOPEZ,3.043
ALEXANDER-REICHEL,3.199
BRYAN-SHELTON,3.357
JOHAN-VAN-HERCK,3.107
HENDRIK-DREEKMANN,2.924
JACCO-ELTINGH,3.396
MARK-KNOWLES,3.295
ALEXANDER-VOLKOV,3.289
JEROME-GOLMARD,2.791
DOUG-FLACH,3.108
GERARD-SOLVES,3.197
OLEG-OGORODOV,2.963
KEVIN-ULLYETT,3.065
TOMAS-NYDAHL,3.068
SHUZO-MATSUOKA,3.47
SATOSHI-IWABUCHI,2.929
FILIPPO-MESSORI,3.564
JIA-PING-XIA,3.826
MAX-MIRNYI,2.621
BING-PAN,3.79
MARTIN-SINNER,3.002
STEFANO-PESCOSOLIDO,3.003
GASTON-ETLIS,3.011
RADOMIR-VASEK,3.237
JOZSEF-KROCSKO,3.6
IVAN-LJUBICIC,2.531
SASA-HIRSZON,3.714
FRANCISCO-MONTANA,3.744
RICHARD-KRAJICEK,2.783
HENDRIK-JAN-DAVIDS,3.574
YOUNES-EL-AYNAOUI,2.66
JAMES-SEKULOV,3.035
DAVID-RIKL,3.26
FABRICE-SANTORO,2.574
ARNAUD-CLEMENT,2.52
CEDRIC-PIOLINE,2.959
FRANCISCO-ROIG,3.16
FRANCISCO-CLAVET,2.769
OLIVIER-DELAITRE,3.174
SEBASTIEN-GROSJEAN,2.591
TODD-MARTIN,2.794
ANDRE-AGASSI,2.705
JIM-GRABB,3.337
MASHISKA-WASHINGTON,3.177
STEVE-BRYAN,3.404
ALEJANDRO-HERNANDEZ,3.066
BRIAN-MACPHIE,3.207
RYAN-WOLTERS,3.806
NICOLAS-LAPENTTI,2.536
MARCELO-FILIPPINI,2.996
TOMMY-HO,3.273
DICK-NORMAN,2.649
CHRISTOPHE-VAN-GARSSE,3.309
NICOLAS-KIEFER,2.578
JASON-STOLTENBERG,2.944
MARK-PHILIPPOUSSIS,2.662
VINCENT-SPADEA,2.56
LUKE-JENSEN,3.392
JOHAN-HEDE,3.856
MARZIO-MARTELLI,3.164
CRISTIANO-CARATTI,3.042
DANIELE-MUSA,3.642
OMAR-CAMPORESE,3.404
LEONARDO-LAVALLE,3.577
TOMMY-HAAS,2.453
LARS-BURGSMULLER,2.593
FREDERIK-FETTERLEIN,3.255
NUNO-MARQUES,3.174
PATRIK-LANGVARDT,3.874
THOMAS-LARSEN,3.38
EYAL-ERLICH,3.588
EMILIO-BENFELE-ALVAREZ,2.998
MARIANO-ZABALETA,2.631
JULIAN-ALONSO,2.887
MARK-MERKLEIN,3.478
MARCELO-CHARPENTIER,3.07
LUCAS-ARNOLD-KER,2.995
LARS-REHMANN,3.55
ANDREI-STOLIAROV,2.814
ALEXEI-BELOV,4.173
JOOST-WINNINK,3.64
IGOR-TCHELYCHEV,4.21
GIANLUCA-POZZI,2.796
FRANCO-SQUILLARI,2.702
FERNANDO-VICENTE,2.565
MARCELLO-CRACA,3.168
DAVID-SKOCH,2.946
ALBERTO-MARTIN,2.492
BERNARDO-MOTA,3.186
JUAN-ANTONIO-MARIN,2.664
MOUNIR-EL-AAREJ,3.033
LARBI-RHARNIT,3.664
MEHDI-TAHIRI,3.136
RAINER-SCHUETTLER,2.485
MARCO-MENESCHINCHERI,3.253
SUSHEEL-NARLA,4.133
GOUICHI-MOTOMURA,2.818
MAHESH-BHUPATHI,3.295
ROBERTO-JABALI,3.445
FREDERIC-FONTANG,3.512
FRANCISCO-CABELLO,3.219
JACOBO-DIAZ,2.888
BRUNO-FRAGOSO,3.953
ALEX-LOPEZ-MORON,3.146
DANNY-SAPSFORD,3.449
CARSTEN-ARRIENS,3.698
MELVIN-TONG,3.518
JOSHUA-EAGLE,3.595
HENRIK-HOLM,3.537
CARL-CHANG,4.206
ALBERT-PORTAS,2.648
GERMAN-LOPEZ,3.858
DONALD-JOHNSON,3.368
EMILIO-SANCHEZ,3.446
DAVID-SALVADOR-ESTEPA,4.857
ANDREW-RICHARDSON,3.299
TAKAO-SUZUKI,2.72
HIDEKI-KANEKO,3.537
DAVID-ADAMS,3.92
YASUFUMI-YAMAMOTO,3.936
ROGER-SMITH,4.174
THOMAS-SHIMADA,3.633
ARNE-THOMS,3.719
DAVIDE-SANGUINETTI,2.564
ANDREI-MERINOV,3.306
MARTIN-RODRIGUEZ,2.985
WAYNE-BLACK,2.873
STEVE-CAMPBELL,3.027
JAIME-ONCINS,3.427
SCOTT-HUMPHRIES,3.327
JEROME-HANQUEZ,3.712
GUILLERMO-CANAS,2.552
DANIEL-ELSNER,2.901
MICHAL-TABARA,2.721
DAVID-WITT,3.477
IVAN-BARON,4.161
RAMON-DELGADO,2.598
DAVIDE-SCALA,3.125
DIEGO-NARGISO,2.98
GABRIEL-SILBERSTEIN,3.381
CLEMENS-TRIMMEL,3.319
PATRICK-BAUR,3.436
WOLFGANG-SCHRANZ,3.216
MARKUS-HIPFL,2.813
NICOLAS-ESCUDE,2.765
SALVADOR-NAVARRO,3.115
RODOLPHE-GILBERT,3.288
STEPHANE-HUET,2.963
MIGUEL-PASTURA,4.014
JOAQUIN-MUNOZ-HERNANDEZ,3.452
FRANZ-STAUDER,3.178
MARTIN-LEE,2.831
DAVID-NAINKIN,3.121
LUIS-HERRERA,3.326
CHRIS-HAGGARD,3.55
MARK-PETCHEY,3.331
CHRIS-WILKINSON,3.126
VLADIMIR-VOLTCHKOV,2.773
JOHN-VAN-LOTTUM,2.757
LUKE-MILLIGAN,3.324
JAMIE-DELGADO,2.828
WADE-MCGUIRE,3.591
SERGI-DURAN,3.517
NICK-WEAL,4.309
MARCUS-SARSTRAND,3.304
NICKLAS-TIMFJORD,3.581
JAN-APELL,3.314
HENRIK-ANDERSSON,3.598
BERTRAND-MADSEN,3.953
IVO-HEUBERGER,2.734
DAVID-WHEATON,3.014
DAVID-DILUCIA,3.275
MICHAEL-SHYJAN,4.391
MURPHY-JENSEN,3.915
LUKE-SMITH,3.252
MARCUS-HILPERT,3.483
OREN-MOTEVASSEL,3.477
REED-CORDISH,4.483
ALEX-KIM,2.861
STEFAN-KOUBEK,2.454
GERALD-MANDL,3.562
DANIEL-ORSANIC,3.703
SEBASTIAN-PRIETO,3.157
THOMAS-SCHIESSLING,3.164
WERNER-ESCHAUER,2.725
GLENN-WEINER,2.878
BOB-BRYAN,2.802
DAVID-CABALLERO,3.642
EMANUEL-RASBERGER,4.887
ANDREI-RYBALKO,3.53
ZELJKO-KRAJAN,2.922
GREGORY-CARRAZ,2.78
TOM-KEMPERS,3.953
LIBOR-NEMECEK,3.766
SEBASTIEN-LEBLANC,3.609
BOBBY-KOKAVEC,3.503
PIER-GAUTHIER,3.947
FREDERIC-NIEMEYER,2.727
JOCELYN-ROBICHAUD,3.571
LUIS-ADRIAN-MOREJON,3.37
ELIA-GROSSI,3.664
RAVIV-WEIDENFELD,3.47
MIKE-BRYAN,3.172
KENT-KINNEAR,4.25
NIR-WELGREEN,3.522
PETER-WESSELS,2.691
ALBERT-CHANG,3.606
MICHAEL-SELL,3.227
TUOMAS-KETOLA,2.857
JIMY-SZYMANSKI,3.462
RODOLFO-RAKE,3.676
LAURENCE-TIELEMAN,2.886
MILES-MACLAGAN,3.577
ION-MOLDOVAN,3.193
DIEGO-LOZANO,3.7
JULIEN-CHAUVIN,3.887
DAVID-SANCHEZ,2.722
SERGIO-GOMEZ-BARRIO,3.52
RUBEN-FERNANDEZ,4.028
VINCENZO-SANTOPADRE,2.992
DMITRI-TOMASHEVICH,3.382
ABDUL-HAMID-MAKHKAMOV,4.587
TOMAS-BEHREND,2.723
NICOLAS-THOMANN,2.883
REGIS-LAVERGNE,4.573
LORENZO-MANTA,3.031
MASSIMO-VALERI,3.379
PARADORN-SRICHAPHAN,2.646
OLIVIER-MUTIS,2.759
PETR-LUXA,3.053
PETR-KRALERT,3.385
RENE-HANAK,3.894
ANDRE-SA,2.568
MARCO-OSORIO,4.066
MIGUEL-TOBON,3.427
MARIO-RINCON,3.502
MAURICE-RUAH,3.543
EDUARDO-RINCON,3.559
MARAT-SAFIN,2.574
MARIANO-PUERTA,2.714
HERMES-GAMONAL,3.147
NICOLAS-MASSU,2.505
FREDRIK-JONSSON,3.034
FREDRIK-BERGH,3.81
DIRK-DIER,3.79
CHRISTIAN-VINCK,2.897
MARK-NIELSEN,3.093
TEO-SUSNJAK,4.01
ANDREW-ILIE,2.764
ALLEN-BELOBRAJDIC,3.439
ALEX-CALATRAVA,2.693
MARK-DRAPER,3.42
JUREK-STASIAK,3.39
ARNAUD-DI-PASQUALE,2.763
ALEKSANDAR-KITINOV,3.914
PIET-NORVAL,4.001
GEORGE-BASTL,2.472
JEAN-FRANCOIS-BACHELOT,3.107
ARTEMI-TCHERNENKO,3.747
KIRILL-IVANOV-SMOLENSKY,3.483
TJ-MIDDLETON,3.984
XAVIER-MALISSE,2.471
RAEMON-SLUITER,2.608
THOMAS-MESSMER,3.89
JONATHAN-PRINTZLAU,3.918
ATTILA-SAVOLT,2.758
CHARLES-AUFFRAY,3.413
WESLEY-WHITEHOUSE,2.943
BJORN-PHAU,2.435
JOSE-IMAZ-RUIZ,3.445
PETER-NYBORG,3.606
WAYNE-WONG,3.929
JUAN-LUIS-RASCON-LOPE,3.39
DIEGO-HIPPERDINGER,3.648
FELICIANO-LOPEZ,2.497
KOTARO-MIYACHI,3.621
KENTARO-MASUDA,3.852
TETSUYA-CHAEN,3.552
KALLE-FLYGT,3.367
MARCIO-CARLSSON,3.324
LUIS-HORNA,2.625
JARED-PALMER,3.162
TAPIO-NURMINEN,4.001
RONALD-AGENOR,3.02
GIORGIO-GALIMBERTI,2.87
DUSAN-VEMIC,2.616
OSCAR-SERRANO,3.054
JULIEN-BOUTTER,2.797
JORDI-MAS,4.041
MOSE-NAVARRA,3.25
JEAN-BAPTISTE-PERLANT,3.499
EMANUEL-COUTO,3.637
GABRIEL-TRIFU,3.161
BARRY-COWAN,3.023
DANIELE-BRACCIALI,2.702
ANDREAS-VINCIGUERRA,2.671
THIERRY-GUARDIOLA,3.182
ROGER-FEDERER,2.558
JAMES-BLAKE,2.509
STEVEN-RANDJELOVIC,3.979
MICHAEL-KOHLMANN,2.727
JIMMY-ARIAS,3.762
PAUL-HARSANYI,3.749
PAUL-GOLDSTEIN,2.638
MAURICIO-HADAD,3.268
WAYNE-ARTHURS,2.618
ANDRES-SCHNEITER,3.686
BORIS-BACHERT,3.484
TAYLOR-DENT,2.538
BORUT-URH,3.502
STEFANO-COBOLLI,3.695
TOMAS-CATAR,4.695
MARTIN-VERKERK,2.691
MICHAEL-RUSSELL,2.473
MARIANO-HOOD,3.111
PIETRO-ANGELINI,3.953
HAREL-LEVY,2.557
LIOR-MOR,3.402
NOAM-BEHR,3.168
YONG-IL-YOON,3.399
ANDREW-PARK,3.852
NICK-GOULD,3.914
FEDERICO-BROWNE,2.954
TOMAS-ZIB,2.587
NIKOS-ROVAS,3.997
FABIO-MAGGI,3.587
ROGIER-WASSEN,2.908
VADIM-KUTSENKO,3.121
TIMUR-GANIEV,3.573
MARKUS-HANTSCHK,2.975
LIONEL-BARTHEZ,3.534
AXEL-PRETZSCH,2.965
FEDERICO-LUZZI,2.741
YU-ZHANG,3.511
YU-ZHENG,3.92
RADEK-STEPANEK,2.44
JUAN-BALCELLS,2.842
RICARDO-SCHLACHTER,4.268
EDUARDO-MEDICA,3.311
EDWIN-KEMPES,2.996
JUSTIN-BOWER,3.296
JOSEPH-SIRIANNI,2.695
CYRIL-SAULNIER,2.689
IGOR-KORNIENKO,3.323
SERGEI-PETROUCHEVSKY,3.747
IGOR-KUNITSYN,2.489
MICHAEL-HILL,3.428
KRISTIAN-PLESS,2.621
JOHAN-LANDSBERG,3.368
JAN-FRODE-ANDERSEN,3.12
JUAN-CARLOS-FERRERO,2.578
GASTON-GAUDIO,2.595
TALAL-OUAHABI,3.226
ANDY-ZINGMAN,3.842
OTA-FUKAREK,3.093
PEDRO-LEAO,3.647
TOMMY-ROBREDO,2.506
GERMAN-PUENTES,2.986
FRANCISCO-COSTA,3.259
RODOLPHE-CADART,3.086
OLIVIER-MALCOR,3.338
IRAKLI-LABADZE,2.704
EDUARDO-NICOLAS,3.605
ANTONY-DUPUIS,2.635
RADOVAN-SVETLIK,3.535
DAVID-MIKETA,3.378
VILLE-LIUKKO,3.271
CHRISTOPHE-ROCHUS,2.51
AGUSTIN-CALLERI,2.605
HECTOR-MORETTI,3.523
JEAN-RENE-LISNARD,2.583
DIEGO-MOYANO,3.486
ARVIND-PARMAR,2.84
MARTIN-SPOTTL,3.471
FLORIAN-ALLGAUER,3.7
MARKUS-MENZLER,3.584
NENAD-ZIMONJIC,2.778
TOM-SPINKS,4.031
JOHAN-ORTEGREN,3.515
CEDRIC-KAUFFMANN,3.513
THOMAS-BLAKE,3.219
JUAN-IGNACIO-CHELA,2.498
ERIC-TAINO,2.948
PHILLIP-KING,2.78
LOVRO-ZOVKO,2.762
IVAN-BEROS,4.27
SIMON-LAROSE,2.996
PHILIP-GUBENCO,3.598
JAN-BORUSZEWSKI,3.737
IGOR-GAUDI,3.555
JEFF-MORRISON,2.733
NOAM-OKUN,2.598
FERNANDO-GONZALEZ,2.565
PATRICK-OSUNA,3.618
SOLON-PEPPAS,3.364
JIM-THOMAS,3.017
KEVIN-KIM,2.547
HYUNG-TAIK-LEE,2.576
ALEXANDER-SHVEC,3.499
ALEXANDER-POPP,2.703
YU-JR-WANG,3.128
BEN-QIANG-ZHU,3.19
JURGEN-MELZER,2.456
OLIVER-MARACH,2.551
ARTEM-DEREPASKO,3.561
MIKHAIL-YOUZHNY,2.483
ROBERT-LINDSTEDT,3.259
DEJAN-PETROVIC,3.283
PAUL-BACCANELLO,2.96
JIRI-VANEK,2.55
ANDY-RAM,3.027
SUNIL-KUMAR,4.019
PAUL-KILDERRY,3.655
YAOKI-ISHII,3.208
MICHAEL-LLODRA,2.514
MICHEL-KRATOCHVIL,2.741
ANDY-RODDICK,2.531
ADRIAN-GARCIA,2.727
PABLO-GONZALEZ,4.011
JAIME-CORTES,3.713
MARDY-FISH,2.506
DAVID-NALBANDIAN,2.517
LEVAR-HARPER-GRIFFITH,3.298
REGINALD-WILLEMS,3.496
NICOLAS-COUTELOT,2.91
GUILLERMO-CORIA,2.639
MARTIN-GARCIA,3.365
ANDY-FAHLKE,3.53
HUGO-ARMANDO,2.663
JUAN-GINER,3.339
NICOLAS-MAHUT,2.431
ERIC-PRODON,2.723
ALEX-WITT,3.856
OLIVIER-ROCHUS,2.442
JOACHIM-JOHANSSON,2.681
TIMO-FLEISCHFRESSER,3.937
NIKOLAY-DAVYDENKO,2.529
SERGIO-ROITMAN,2.707
KIM-TIILIKAINEN,3.493
JAN-HERNYCH,2.385
IVAN-VAJDA,3.5
DENNIS-PESCHEK,3.874
PAUL-HENRI-MATHIEU,2.466
ANDREAS-FASCHING,3.53
KRISTIAN-CAPALIK,3.13
ALEXANDRE-SIMONI,2.913
JAKUB-HERM-ZAHLAVA,3.617
JONATHAN-ERLICH,3.152
CHRISTOPHE-POGNON,3.735
DIEGO-CAMACHO,3.79
STEFANO-TARALLO,3.683
LEOS-FRIEDL,2.947
MICHIHISA-ONODA,3.555
JOJI-MIYAO,3.435
ZBYNEK-MLYNARIK,3.958
DENIS-GOLOVANOV,3.21
LEE-CHILDS,2.952
OLIVER-FREELOVE,3.979
JONAS-FROBERG,3.694
JARKKO-NIEMINEN,2.465
ALUN-JONES,2.793
FAZALUDDIN-SYED,3.771
YURI-SCHUKIN,2.635
MATTHEW-BREEN,3.703
TODD-PERRY,3.507
LADISLAV-SVARC,3.252
IGNACIO-HIRIGOYEN,3.292
JOHAN-SETTERGREN,3.239
HELGE-KOLL,3.635
PATRICIO-ARQUEZ,3.721
JOSE-ACASUSO,2.597
DMITRY-TURSUNOV,2.49
OMAR--ALAWADHI,3.04
FLAVIO-SARETTA,2.674
ROBBY-GINEPRI,2.466
CHEMSEDDINE-BELAL,3.656
JAN-VACEK,2.664
ALBERT-MONTANES,2.505
TIAGO-SOUSA,3.871
FRANTISEK-CERMAK,2.62
DANIEL-MELO,3.372
FILIPPO-VOLANDRI,2.485
IVAYLO-TRAYKOV,3.422
STEFANO-GALVANI,2.599
GILLES-ELSENEER,2.789
YVES-ALLEGRO,2.873
JULIAN-KNOWLE,2.769
MARK-HILTON,3.327
DMITRY-VLASOV,3.212
MARIO-RADIC,3.281
MARC-LOPEZ,2.62
MARKO-TKALEC,2.933
IZTOK-BOZIC,4.054
ALEXANDER-PEYA,2.545
CARLOS-CUADRADO,3.031
KRYSTIAN-PFEIFFER,3.505
ZACK-FLEISHMAN,2.739
JACK-BRASINGTON,3.089
SEBASTIEN-DE-CHAUNAC,2.6
ALEX-BOGOMOLOV-JR,2.475
RUBEN-RAMIREZ-HIDALGO,2.471
RICARDO-MELLO,2.489
THIAGO-ALVES,2.577
IVO-KARLOVIC,2.474
TAKAHIRO-TERACHI,3.06
SHAN-JIANG,3.768
ROBBIE-KOENIG,3.568
JOHN-HUI,3.573
JAVIER-GARCIA-SINTES,3.7
DANAI-UDOMCHOKE,2.534
HIROKI-KONDO,3.048
RADIM-ZITKO,3.518
JULIEN-BENNETEAU,2.495
MIKHAIL-ELGIN,2.636
ROBIN-SODERLING,2.615
THOMAS-DUPRE,3.703
NASSER-GHANIM-AL-KHULAIFI,3.962
DANIEL-WILLMAN,3.79
TODD-REID,2.858
OLIVIER-PATIENCE,2.575
DENIS-GREMELMAYR,2.525
MARC-GICQUEL,2.533
THIERRY-ASCIONE,2.61
JULIO-SILVA,2.679
MARCOS-DANIEL,2.674
GUILLERMO-HORMAZABAL,3.133
LEONARDO-OLGUIN,3.535
EDGARDO-MASSA,2.872
VASILIS-MAZARAKIS,3.098
MARIO-ANCIC,2.589
DAVID-FERRER,2.524
NUNO-MATIAS,3.505
FERNANDO-VERDASCO,2.495
RICHARD-GASQUET,2.5
DIDAC-PEREZ,3.09
RAFAEL-NADAL,2.514
MARIANO-ALBERT-FERRANDO,3.787
PHILIPP-KOHLSCHREIBER,2.509
JOHANNES-AGER,3.527
AMIR-HADAD,3.116
IVAN-MIRANDA,2.883
MARTIN-VASSALLO-ARGUELLO,2.644
JULIEN-VARLET,3.027
ALEX-BOGDANOVIC,2.602
WESLEY-MOODIE,2.592
JEFF-COETZEE,3.253
GILLES-MULLER,2.468
KAROL-BECK,2.517
ALEXANDER-WASKE,2.654
JUAN-PABLO-GUZMAN,2.799
ALAN-MACKIN,2.899
KONSTANTINOS-ECONOMIDIS,2.769
BRIAN-VAHALY,2.8
GORKA-FRAILE,2.866
FILIP-PRPIC,2.738
VICTOR-HANESCU,2.424
NICOLAS-TODERO,2.993
ADAM-KENNEDY,3.437
BARTLOMIEJ-DABROWSKI,3.363
RADOSLAW-NIJAKI,3.465
FRANK-DANCEVIC,2.486
EMIN-AGAEV,3.74
BRIAN-BAKER,2.663
RAJEEV-RAM,2.418
TREVOR-SPRACKLIN,3.546
PAUL-HANLEY,3.316
MATIAS-BOEKER,3.29
RADOSLAV-LUKAEV,3.528
BJORN-REHNQUIST,2.764
SLIMANE-SAOUDI,3.249
PRAKASH-AMRITRAJ,2.606
MAXIMILIAN-ABEL,3.014
DOUG-BOHABOY,3.726
KRISTOF-VLIEGEN,2.586
FLORENT-SERRA,2.479
ROHAN-BOPANNA,2.629
ROBERT-KENDRICK,2.553
SIMON-REA,3.403
RAPHAEL-DUREK,3.491
PETER-LUCZAK,2.529
RYAN-HENRY,3.768
JULIO-PERALTA,3.088
MIGUEL-GALLARDO-VALLES,3.107
FREDERIK-NIELSEN,2.632
MASSIMO-DELLACQUA,2.851
RASMUS-NORBY,3.549
GIOVANNI-LAPENTTI,2.595
JAY-GOODING,3.508
OSCAR-HERNANDEZ,2.588
HELDER-LOPES,3.465
DIOGO-ROCHA,3.348
GUILLERMO-GARCIA-LOPEZ,2.499
JAN-WEINZIERL,3.703
MARIANO-DELFINO,3.582
CHRISTOPHER-KODERISCH,3.48
JEAN-CLAUDE-SCHERRER,2.862
RIK-DE-VOEST,2.445
JONATHAN-MARRAY,2.894
PAUL-LOGTENS,3.477
PHILIPP-PETZSCHNER,2.467
FRANK-MOSER,2.81
FRED-HEMMES,3.259
MICHAL-MERTINAK,2.718
RICHARD-BLOOMFIELD,2.659
STAN-WAWRINKA,2.536
MICHAEL-LAMMER,2.622
CHRIS-GUCCIONE,2.562
DUSTIN-BROWN,2.501
JAROSLAV-LEVINSKY,3.266
POTITO-STARACE,2.503
SIMON-GREUL,2.534
AMER-DELIC,2.557
JANKO-TIPSAREVIC,2.553
BOBBY-REYNOLDS,2.517
IGOR-LEVINE,3.417
MATTHEW-BEHRMANN,3.689
DIEGO-AYALA,3.882
FLORIN-MERGEA,2.959
DANIEL-KOELLERER,2.636
INGO-NEUMULLER,3.465
ROBIN-VIK,2.667
ANDREAS-SEPPI,2.553
SASA-TUKSAR,2.975
ROKO-KARANUSIC,2.595
ROBERT-YIM,3.44
MARIUSZ-FYRSTENBERG,3.088
MARCIN-MATKOWSKI,3.266
FILIP-URBAN,3.502
ANDREW-CARLSON,4.171
TOMAS-BERDYCH,2.559
IGOR-ANDREEV,2.534
GABRIEL-MORARU,3.104
FRANCO-FERREIRO,2.866
MICHAEL-QUINTERO,3.183
PAUL-CAPDEVILLE,2.442
MARCO-CHIUDINELLI,2.46
SONCHAT-RATIWATANA,3.167
DIEGO-VERONELLI,3.092
NICOLAS-ALMAGRO,2.488
TOMAS-TENCONI,3.228
FRANCESCO-ALDI,2.857
ALESSIO-DI-MAURO,2.673
SHAO-XUAN-ZENG,3.061
PAVEL-SNOBEL,2.851
TASUKU-IWAMI,3.187
VADIM-DAVLETSHIN,3.387
HARSH-MANKAD,3.269
KARAN-RASTOGI,2.982
FLORIAN-MAYER,2.5
STEPHANE-BOHLI,2.59
KJ-HIPPENSTEEL,2.882
JUAN-MONACO,2.476
TOMAS-CAKL,2.802
PEDRO-BRAGA,3.625
MOHAMMAD-GHAREEB,2.911
TRIPP-PHILLIPS,3.465
GUSTAVO-MARCACCIO,2.975
BRENDAN-EVANS,2.68
LEONARDO-TAVARES,2.879
STEPHANE-ROBERT,2.531
WAYNE-ODESNIK,2.45
JEAN-CHRISTOPHE-FAUREL,2.838
ISRAEL-MATOS-GIL,3.354
GUILLEM-BURNIOL,3.207
NICOLAS-DEVILDER,2.582
UROS-VICO,2.952
BORIS-PASHANSKI,2.556
DIETER-KINDLMANN,2.666
SANTIAGO-VENTURA,2.561
SIMONE-VAGNOZZI,2.647
MEHDI-ZIADI,3.002
ANDREA-STOPPINI,2.68
JULIEN-JEANPIERRE,2.97
ALEJANDRO-FALLA,2.47
JEROME-HAEHNEL,2.804
MICHAEL-BERRER,2.435
IAN-FLANAGAN,3.219
YEN-HSUN-LU,2.443
AISAM-UL-HAQ-QURESHI,2.67
SEBASTIAN-FITZ,3.423
JIMMY-WANG,2.536
IVAN-NAVARRO,2.495
MATHIAS-HELLSTROM,3.703
ERVIN-ELESKOVIC,2.811
TEYMURAZ-GABASHVILI,2.434
MELLE-VAN-GEMERDEN,3.041
MICHAL-PRZYSIEZNY,2.476
NICK-VAN-DER-MEER,3.148
LESTER-COOK,2.906
ANDREAS-BECK,2.533
SEBASTIAN-RIESCHICK,2.915
EDOUARD-ROGER-VASSELIN,2.444
ALEX-KUZNETSOV,2.498
IVO-MINAR,2.539
DANIEL-GIMENO-TRAVER,2.497
NOVAK-DJOKOVIC,2.583
LUKASZ-KUBOT,2.465
MARCOS-BAGHDATIS,2.54
LAMINE-OUAHAB,2.737
DANIEL-YOO,3.062
SCOVILLE-JENKINS,2.69
HAO-LU,3.429
JO-WILFRIED-TSONGA,2.554
NATHAN-HEALEY,2.798
VICTOR-IONITA,3.003
ANDRES-PEDROSO,3.506
ADRIAN-BOHANE,3.508
TODD-WIDOM,2.785
IVO-KLEC,2.628
GAEL-MONFILS,2.529
GILLES-SIMON,2.53
SERGIY-STAKHOVSKY,2.454
KONSTANTIN-DON-GRUBER,3.538
MICHAEL-RYDERSTEDT,2.711
MARC-KIMMICH,3.319
MOHAMMED-ABDULLA,3.494
GD-JONES,3.218
LUKE-BOURGEOIS,3.427
PENG-SUN,3.248
ERIC-NUNEZ,3.047
FELIPE-PARADA,3.499
PHILLIP-HARBOE,3.56
DONALD-YOUNG,2.501
ZACH-DAILEY,3.465
HORIA-TECAU,3.167
FRANCISCO-FOGUES,3.303
ANDY-MURRAY,2.553
RUI-MACHADO,2.662
FRANK-CONDOR,3.563
TOBIAS-SUMMERER,2.926
MARCO-MIRNEGG,3.455
LUKAS-DLOUHY,2.532
DUDI-SELA,2.544
JUAN-PABLO-BRZEZICKI,2.706
JOSH-GOODALL,2.751
TRAVIS-RETTENMAIER,3.114
LARS-UEBEL,3.638
TOBIAS-KLEIN,3.478
DAVID-SHERWOOD,3.325
JAROSLAV-POSPISIL,2.703
SCOTT-OUDSEMA,2.951
BRIAN-WILSON,2.946
STEVEN-KORTELING,3.423
JESSE-WITTEN,2.667
CARLOS-BERLOCQ,2.5
ALJOSCHA-THRON,3.524
ILIJA-BOZOLJAC,2.542
MARIN-CILIC,2.517
ADAM-CHADAJ,3.157
PHILLIP-SIMMONDS,2.826
ROBERT-SMEETS,2.782
ALEX-CLAYTON,3.199
ROB-STECKLEY,3.606
PHILIP-BESTER,2.787
TOSHIHIDE-MATSUI,2.927
LUKA-GREGORC,2.661
VICTOR-CRIVOI,2.605
TI-CHEN,2.772
JOHN-PAUL-FRUTTERO,3.127
GO-SOEDA,2.484
MINH-QUAN-DO,3.434
JOSE-ANTONIO-SANCHEZ-DE-LUNA,3.029
FABIO-FOGNINI,2.477
GIANLUCA-NASO,2.603
TAKAHIRO-ITTOGI,3.535
EVGENY-KIRILLOV,2.818
MIKHAIL-LEDOVSKIKH,2.633
RAINER-EITZINGER,2.778
RAMEEZ-JUNAID,2.894
PAOLO-LORENZI,2.512
VISHAL-UPPAL,3.549
DANIEL-KING-TURNER,2.92
DENIS-ISTOMIN,2.49
JACOB-ADAKTUSSON,2.965
JUAN-MARTIN-DEL-POTRO,2.544
JORGE-AGUILAR,2.871
EVGENY-KOROLEV,2.487
ALEXANDRE-SIDORENKO,2.642
SAM-WARBURG,2.735
SAM-QUERREY,2.562
DOMINIK-MEFFERT,2.617
ANTAL-VAN-DER-DUIM,3.243
ANDRE-GHEM,2.657
SANTIAGO-GONZALEZ,2.682
BENJAMIN-BALLERET,2.702
BARTOLOME-SALVA-VIDAL,3.025
MARCEL-GRANOLLERS,2.452
TOMISLAV-PERIC,3.404
FRED-GIL,2.509
JEREMY-CHARDY,2.582
GASTAO-ELIAS,2.594
LEONARDO-AZZARO,3.024
DAVID-LUQUE-VELASCO,3.508
SIMONE-BOLELLI,2.417
TORSTEN-POPP,3.394
MATHIEU-MONTCOURT,2.785
DIEGO-HARTFIELD,2.676
BENJAMIN-BECKER,2.45
JAMIE-BAKER,2.736
MISCHA-ZVEREV,2.442
ROBIN-HAASE,2.461
SIMON-STADLER,2.615
BENEDIKT-DORSCH,2.776
ROBIN-ROSHARDT,3.211
ROMAN-VOGELI,3.349
JESSE-LEVINE,2.539
THIEMO-DE-BAKKER,2.498
IGOR-SIJSLING,2.529
STEVE-DARCIS,2.503
DIEGO-JUNQUEIRA,2.652
ANDREAS-HAIDER-MAURER,2.532
DAMIAN-PATRIARCA,3.531
ARMIN-SANDBICHLER,3.201
MICHAEL-YANI,2.57
STEFANO-IANNI,3.066
LUKA-BELIC,3.093
FLAVIO-CIPOLLA,2.467
GRZEGORZ-PANFIL,3.174
RYAN-SWEETING,2.546
SOMDEV-DEVVARMAN,2.492
MICHAEL-VENUS,2.808
PETER-POLANSKY,2.554
JAN-HAJEK,2.544
XIN-YUAN-YU,3.198
JUAN-MARTIN-ARANGUREN,2.882
ALEXANDR-DOLGOPOLOV,2.569
JAMES-AUCKLAND,3.068
AKASH-WAGH,3.132
JASPER-SMIT,3.228
TOBIAS-CLEMENS,2.952
VIKTOR-TROICKI,2.473
KONSTANTIN-KRAVCHUK,2.592
MARTIN-FISCHER,2.546
JULIAN-REISTER,2.561
JULIEN-MATHIEU,3.051
ERNESTS-GULBIS,2.533
SANTIAGO-GIRALDO,2.476
PAVEL-IVANOV,3.415
WOONG-SUN-JUN,2.717
RAVISHANKAR-PATHANJALI,3.416
ASHUTOSH-SINGH,3.525
VISHAL-PUNNA,4.078
PABLO-ANDUJAR,2.508
STEPHEN-AMRITRAJ,3.427
NSRIRAM-BALAJI,3.033
GUILLERMO-ALCAIDE,2.931
SERGEI-BUBKA,2.606
JAMIE-MURRAY,3.195
MUSAAD-AL-JAZZAF,3.446
DANIEL-MUNOZ-DE-LA-NAVA,2.539
KARIM-MAAMOUN,3.436
ABDULLA-HAJJI,3.191
ANDREY-GOLUBEV,2.425
DMITRI-SITAK,3.043
LUKAS-ROSOL,2.504
JOSE-STATHAM,2.901
LAURENT-RECOUDERC,2.644
KYU-TAE-IM,2.842
MATT-SIMPSON,3.374
ADAM-THOMPSON,3.271
MARTIN-COLENBRANDER,3.326
MIKAL-STATHAM,3.146
WILLIAM-WARD,3.501
AUSTEN-CHILDS,3.614
BRYDAN-KLEIN,2.718
LUKAS-LACKO,2.501
DAVID-GUEZ,2.571
NICOLAS-TOURTE,3.133
LEONARDO-MAYER,2.516
MATTHEW-EBDEN,2.486
NICHOLAS-MONROE,2.749
MARC-FORNELL-MESTRES,2.974
ALEXANDER-SATSCHKO,3.027
ANDREW-COELHO,3.036
PABLO-SANTOS,3.223
GREG-JONES,2.662
ADRIAN-UNGUR,2.563
ADAM-FEENEY,2.889
ROGERIO-DUTRA-SILVA,2.602
PAVOL-CERVENAK,2.666
NICK-LINDAHL,2.778
COLIN-EBELTHITE,2.917
JAN-MERTL,2.696
JOSHUA-CROWE,3.614
YOHNY-ROMERO,3.453
TEODOR-DACIAN-CRACIUN,2.982
JEAN-JULIEN-ROJER,3.18
OLIVIER-SAJOUS,2.939
ROMAN-BORVANOV,2.928
LADISLAV-CHRAMOSTA,3.264
PETAR-JELENIC,3.148
FARRUKH-DUSTOV,2.651
GREGA-ZEMLJA,2.527
IVAN-DODIG,2.51
ANTONIO-VEIC,2.558
FRANKO-SKUGOR,2.606
JESSE-HUTA-GALUNG,2.538
JONATHAN-EYSSERIC,2.74
THOMAS-OGER,2.962
OREST-TERESHCHUK,3.645
ILLYA-MARCHENKO,2.48
ANDIS-JUSKA,2.918
CHRIS-WETTENGEL,2.922
DAVID-MARTIN,2.943
MICHAEL-MCCLUNE,2.783
TRAVIS-PARROTT,3.152
DARRIN-COHEN,3.944
CHRISTOPH-PALMANSHOFER,3.779
BRAD-WESTON,3.457
JASON-ZIMMERMANN,3.526
TYLER-HOCHWALT,3.302
SCOTT-LIPSKY,2.745
JEFF-GAST,3.522
GEOFF-GEHRKE,3.482
RICK-KEPLER,3.619
PABLO-PIRES-DE-ALMEIDA,4.944
CONOR-NILAND,2.723
BRANDON-COUPE,3.782
JORDAN-KEPLER,4.778
TIN-DONG,4.017
DENNY-FAFEK,3.494
DEJAN-DJOKIC,4.526
EDUARDO-SCHWANK,2.571
DANIEL-DUTRA-DA-SILVA,3.022
CRISTIAN-VILLAGRAN,3.035
RICARDO-HOCEVAR,2.747
NICOLAS-SANTOS,3.647
HELIO-SILEMAN,3.798
TIAGO-LOPES,3.275
CAIO-ZAMPIERI,2.764
MARCELO-MICHELUCCI,3.424
JOAO-SOUZA,2.53
FERNANDO-ROMBOLI,2.97
MARCELO-MELO,2.974
PIER-MARCO-PIERACCIANI,4.034
GUIDO-PELLA,2.617
HORACIO-ZEBALLOS,2.494
LESLEY-JOSEPH,3.533
BRUNO-ECHAGARAY,2.918
ANTONIO-RUIZ-ROSALES,3.151
EDUARDO-PERALTA-TELLO,3.487
JOHNNY-HAMUI,3.452
AHMAD-RABEEA,3.484
HAMAD-ABBAS-ISMAIL,3.768
KARIM-ALAYLI,3.273
JONATHAN-SCHNEIDER,3.533
TYLER-CLEVELAND,3.611
ALEX-BARTLETT,3.559
PAVEL-CHEKHOV,2.958
PETRU-ALEXANDRU-LUNCANU,2.901
BRUNO-ROSA,3.339
LARS-POERSCHKE,2.971
JASON-MARSHALL,3.459
NIKITA-KRYVONOS,3.177
KEI-NISHIKORI,2.542
FRITZ-WOLMARANS,2.855
EVGHENII-CORDUNEANU,3.72
THERON-COLE,3.616
AUGUSTIN-GENSSE,2.804
JAMES-WARD,2.516
ROBERTO-BAUTISTA-AGUT,2.534
DAVID-ESTRUCH,3.186
HECTOR-RUIZ-CADENAS,3.296
ALBERT-RAMOS-VINOLAS,2.521
BRUNO-RODRIGUEZ,3.325
ALEN-BISEVAC,3.306
MIQUEL-PEREZ-PUIGDOMENECH,3.262
DAVID-MARRERO,2.682
ANTOINE-CHAMPAGNE,3.865
ADOLFO-GOMEZ-PINTER,3.619
CHRISTOPHER-DEKKER,4.185
JORDI-MARSE-VIDRI,3.803
VALERY-RUDNEV,2.851
ANTONI-GOMEZ,3.51
BENEDIKT-EGER,4.295
THOMAS-DROUET,3.351
JAVIER-GARRAPIZ-BORDERIAS,3.594
IGNACIO-COLL-RIUDAVETS,3.142
RABIE-CHAKI,3.396
CARLOS-SALAMANCA,2.814
BASTIAN-KNITTEL,2.796
YOUNES-RACHIDI,3.276
ANAS-FATTAR,3.519
MOHAMED-SABER,3.462
PEDRO-SOUSA,2.841
GERO-KRETSCHMER,3.366
TIAGO-GODINHO,3.425
MATTHIAS-BACHINGER,2.484
DANIEL-BRANDS,2.472
LOUK-SORENSEN,2.744
MARC-MEIGEL,3.515
MARCEL-ZIMMERMANN,3.365
TOBIAS-KAMKE,2.513
MARC-SIEBER,3.284
DAVID-THURNER,3.117
PATRICK-TAUBERT,3.338
PETER-GOJOWCZYK,2.575
MARTIN-VACEK,3.291
MICHAL-NAVRATIL,3.778
THOMAS-FABBIANO,2.585
PHILIPP-OSWALD,2.66
NICOLAS-REISSIG,2.987
PASCAL-BENZ,3.569
BRIAN-DABUL,2.625
PABLO-CUEVAS,2.515
MAXIMO-GONZALEZ,2.533
MARTIN-KLIZAN,2.556
ADRIAN-MANNARINO,2.489
JOSSELIN-OUANNA,2.55
GARY-LUGASSY,2.913
MARCO-CRUGNOLA,2.737
DANIEL-LENCINA-RIBES,3.587
PHILIPP-MARX,3.243
TRISTAN-FARRON-MAHON,3.461
PATRICK-EICHENBERGER,3.558
GUNNAR-HILDEBRANDT,4.586
IGOR-ZELENAY,3.446
JAN-HENRIK-LANGHORST,3.669
TOM-RUSHBY,3.473
JAMES-MAY,3.259
CHRIS-EATON,2.823
DAVID-RICE,3.077
NEIL-BAMFORD,3.633
DANIEL-COX,2.769
DAVID-BREWER,3.68
ALEXANDER-SLABINSKY,2.943
IAIN-ATKINSON,3.632
RICHARD-IRWIN,3.731
DANIEL-EVANS,2.625
MICHEL-KONING,2.993
JORDAN-KERR,3.227
ALEXANDER-NONNEKES,3.871
THOMAS-SCHOOREL,2.719
BART-BEKS,4.689
ROY-BRUGGELING,3.873
XANDER-SPONG,5.688
MARTIJN-VAN-HAASTEREN,3.788
SVEN-SWINNEN,4.486
WOUTER-STANDAART,3.719
KEN-SKUPSKI,3.155
SEAN-THORNLEY,3.266
DANIEL-SMETHURST,2.881
THOMAS-KNIGHTS,3.562
EDWARD-CORRIE,2.993
GRAEME-DYCE,3.735
JAMES-PRESCOTT,3.679
CHRIS-HARFIELD,3.894
ROBERT-CHAMBERS,3.663
BORIS-OBAMA,3.768
GEORGE-COUPLAND,3.306
LEWIS-BARNES,3.632
DANIEL-COTTIER,4.154
TOM-WILLIAMS,3.881
BEN-DUNBAR,4.265
GABRIEL-TRUJILLO-SOLER,2.955
JOSE-CHECA-CALVO,2.923
TIM-GORANSSON,3.157
ERLING-TVEIT,3.22
DANIEL-KUMLIN,3.476
ROBIN-FAHGEN,4.066
JUHO-PAUKKU,3.409
JONAS-BERG,3.474
JOHAN-BRUNSTROM,3.049
PABLO-FIGUEROA,3.327
MIKAEL-EKMAN,5.065
RASMUS-MOLLER,4.029
DENYS-MOLCHANOV,2.74
RICKARD-HOLMSTROM,3.385
PATRIK-ROSENHOLM,2.969
MARKUS-ERIKSSON,2.965
DAVID-NYLEN,3.56
OSKAR-PALLIN,3.505
THOMAS-KROMANN,4.474
PHIL-STOLT,4.049
OTTO-SAUER,6.064
ROBIN-BRAGE,3.594
DANIEL-BERTA,3.091
HENRIK-NORFELDT,3.492
CARL-BERGMAN,3.178
STIAN-BORETTI,4.22
FREDERIC-NUSSBAUM,3.368
MATHIEU-GUENAT,3.547
YANN-MARTI,2.786
WILLEM-HORNIKX,3.662
PATRICK-SCHNIDRIG,3.873
YANNICK-THOMET,3.248
JOCHEN-MATSCHKE,4.661
MAXIME-BONAMI,3.233
KIANTKI-THOMAS,3.377
PATRIK-FISCHER,4.368
DYLAN-SESSAGESIMI,3.946
JOHN-ISNER,2.578
NATHAN-THOMPSON,3.004
RYAN-HAVILAND,3.153
GREG-OUELLETTE,2.874
RODRIGO-ANTONIO-GRILLI,3.605
DOMINIC-PAGON,3.726
HARRY-CICMA,3.715
JUSTIN-DIAO-NATALE,3.512
DENIS-MATSUKEVICH,2.755
RALPH-GRAMBOW,3.588
BOY-WESTERHOF,2.969
SEBASTIAN-DECOUD,2.806
JAVIER-GENARO-MARTINEZ,3.351
MELVYN-OP-DER-HEIJDE,3.706
PHILIPP-HAMMER,3.282
ADRIAN-MENENDEZ-MACEIRAS,2.617
MARK-DE-JONG,3.533
MATWE-MIDDELKOOP,2.809
ALEJANDRO-FABBRI,3.305
CARSTEN-BALL,2.702
NIMA-ROSHAN,3.394
RYAN-THACHER,3.419
KAES-VANT-HOF,4.067
JEFFREY-DAS,3.471
DAVE-LINGMAN,3.58
NOAH-NEWMAN,3.78
DANILO-ZIVANOVIC,4.029
SAHR-TIMOTHY--KPULUN,3.288
ERIC-BASICA,3.942
RYLAN-RIZZA,4.393
NORMAN-TAM,3.947
JARED-DRUCKER,4.272
CHRISTIAN-HAND,5.066
GARY-SACKS,3.769
VAHID-MIRZADEH,3.468
SUNIL-KUMAR-SIPAEYA,3.232
JOE-EPKEY,3.487
JUSTIN-KRONAUGE,3.327
RYAN-PRESTON,3.689
JONATHAN-TRAGARDH,3.414
PAUL-ROSE,4.487
DAN-LEMPA,3.973
TROY-HAHN,4.231
TAYLOR-FOGLEMAN,3.461
GIANCARLO-PETRAZZUOLO,3.107
PERE-RIBA,2.504
PREDRAG-RUSEVSKI,3.335
GORAN-TOSIC,2.964
MAREK-SEMJAN,3.173
ENRICO-BURZI,3.248
DAVID-SAVIC,3.35
NIKOLA-MEKTIC,2.732
MARKO-DJOKOVIC,2.978
ROK-JARC,3.473
KRESIMIR-RITZ,3.421
DARKO-MADJAROVSKI,3.929
VLADIMIR-OBRADOVIC,3.088
PATRICK-GAMAUF,3.509
PATRICK-SCHMOLZER,4.304
MARTIN-SLANAR,2.99
MAX-RADITSCHNIGG,3.173
IVAN-ZOVKO,4.349
ALEKSANDAR-MARIC,4.172
MARIN-BRADARIC,3.59
TIBOR-SIMIC,3.964
TREAT-HUEY,3.01
KAMIL-CAPKOVIC,2.883
MARCUS-FUGATE,3.703
DAWID-OLEJNICZAK,2.972
KACPER-OWSIAN,3.594
PIOTR-CIALKOWSKI,3.509
JAKUB-PITER,3.501
MARCIN-GAWRON,3.056
MAREK-MROZEK,3.706
PAWEL-DILAJ,3.574
PAWEL-GLODKOWSKI,3.594
ARTUR-ROMANOWSKI,3.361
PAWEL-SYREWICZ,3.502
DAVID-KUCZER,3.634
BOJAN-SZUMANSKI,3.404
TOMASZ-KRZYSZKOWSKI,4.156
ANDRZEJ-GRUSIECKI,4.509
PIOTR-DILAJ,4.055
MICHAL-SEKULA,4.501
PIERRE-LUDOVIC-DUCLOS,2.794
ERIK-CHVOJKA,2.819
KEVIN-ANDERSON,2.534
ROY-KALMANOVICH,3.448
KABELO-MALEKA,3.873
LUIS-MANUEL-FLORES,3.113
TODD-PAUL,3.34
STEFAN-WAUTERS,3.418
RYLER-DEHEART,2.778
JAN-MINAR,2.791
MATT-BRUCH,3.47
DUSAN-LOJDA,2.806
STEPHEN-BASS,3.23
BRYAN-KONIECKO,3.403
THOMAZ-BELLUCCI,2.509
SANCHAI-RATIWATANA,3.084
HYUN-WOO-NAM,3.133
WAN-GAO,3.526
PENG-GAO,3.779
JUN-CHAO-XU,3.32
ASHLEY-FISHER,3.407
YUICHI-SUGITA,2.527
YU-CHANG,3.184
SHUANG-QIANG-LIANG,3.78
ZHE-LI,2.886
GREGORY-HOWE,3.306
NORIKAZU-SUGIYAMA,3.352
MAO-XIN-GONG,2.923
LEI-GAO,4.778
YAN-BAI,2.974
HUI-ZHANG,4.083
MING-LI,4.127
CATALIN-IONUT-GARD,2.957
ARTEMON-APOSTU-EFREMOV,3.24
ALIN-MIHAI-CONSTANTIN,3.633
VICTOR-STANICA,3.871
ALEXANDRU-DANIEL-CARPEN,3.162
HIDEKAZU-INA,4.239
ALEXANDRU-RAUL-LAZAR,3.463
ADRIAN-GAVRILA,3.551
MARIUS-COPIL,2.507
THOMAS-CRISTIAN-HODEL,4.633
MARCEL-IOAN-MIRON,3.479
VIOREL-CATALIN-CIOBANU,3.9
LAURENTIU-ERLIC,3.812
COSTIN-PAVAL,3.544
KITTIPONG-WACHIRAMANOWONG,3.131
PEERAKIAT-SIRILUETHAIWATTANA,3.205
WEERAPAT-DOAKMAIKLEE,3.228
TATSUMA-ITO,2.551
PONGSIRI-NIROJ,3.17
PEERAKIT-SIRIBUTWONG,3.357
PITICHART-CHOKCHAIJAROEN,3.777
PONGPHUN-CHIMDEE,4.252
HARSHANA-GODAMANNA,4.227
NIWAT-WEAWBOOT,3.551
ERIC-BUTORAC,2.991
SORNSAKOL-SUPAKIT,3.744
KATSUSHI-FUKUDA,4.204
NAVDEEP-SINGH,3.279
PURAV-RAJA,3.275
ROHAN-GAJJAR,3.327
YUKI-BHAMBRI,2.781
TUSHAR-LIBERHAN,3.735
SUDANWA-SITARAM,3.78
VIJAY-KANNAN,3.697
VIVEK-SHOKEEN,3.585
VIGNESH-PERANAMALLUR,3.331
NEISHIT-VAKIL,4.327
AKASH-GUJRATI,4.274
CHRISTOPHER-MARQUIS,4.278
VINOD-SRIDHAR,3.702
ROMAN-VALENT,2.934
PIERRICK-YSERN,3.372
JULIEN-MAES,3.352
ROMAIN-JOUAN,2.768
OLIVIER-CHARROIN,3.153
HERVE-KARCHER,3.547
ANTOINE-FERET,3.4
WHIT-LIVINGSTON,4.352
GREGORIO-ESPINOSA-MULLER,3.453
GAEL-PARTICELLI,4.371
JONATHAN-LAUBUT,3.762
JAE-SUNG-AN,3.526
OH-HEE-KWON,3.772
TOSHIHARU-KATO,3.862
GUILHERME-OCHIAI,4.059
YUICHI-ITO,3.4
MILOS-SEKULIC,3.175
MARTIN-PEDERSEN,3.589
MIKHAIL-KUKUSHKIN,2.515
ALEXEY-KEDRYUK,3.197
ANDREI-GORBAN,3.065
SYRYM-ABDUKHALIKOV,3.718
ARTUR-CHERNOV,3.354
MIKHAIL-LIFSHITS,3.469
IVAN-SERGEYEV,2.743
VICTOR-KOZIN,3.374
EVGENY-DONSKOY,2.546
ALEXANDER-KUDRYAVTSEV,2.54
ALEXANDER-YARMOLA,3.749
PHILIPP-DAVYDENKO,2.873
CARLOS-GOMEZ-HERRERA,2.965
GUILLERMO-ALCORTA-OLARRA,3.478
MOHAMMED-FETOV,3.627
FABIAN-ROETSCHI,3.501
BASTIAN-GRUNDLER,3.604
FRANK-WINTERMANTEL,3.548
SLOBODAN-MAVRENSKI,4.626
IBRAHIM-FETOV,3.806
RIAD-SAWAS,3.862
JEAN-MICHEL-PEQUERY,3.933
VLADIMIR-KARUSEVICH,3.437
IVAN-NEDELKO,3.074
IGOR-RUD,3.488
VISHNU-VARDHAN,3.07
MUSTAFA-GHOUSE,3.481
KAMALA-KANNAN,3.464
KARUNUDAY-SINGH,3.198
AJAI-SELVARAJ,3.44
RANJEET-VIRALI-MURUGESAN,3.198
DIVIJ-SHARAN,3.228
ARTEM-SITAK,2.767
ALBERTO-BRIZZI,2.954
AHMED-ABDRABUH,3.57
TOM-KRUG,3.622
KHALID-AL-NABHANI,4.039
ALEKSANDR-MITYAEV,3.619
CHRISTOPHER-KAS,2.893
MOHAMMED-AL-NABHANI,3.512
SIMON-ASPELIN,3.778
MIGUEL-ANGEL-LOPEZ-JAEN,2.913
ADAM-VEJMELKA,3.182
SAM-GOULD,3.912
SAM-GROTH,2.587
BERNARD-TOMIC,2.591
ADRIAN-CRUCIAT,2.947
MILES-ARMSTRONG,3.437
ANDREW-THOMAS,3.497
HANS-PODLIPNIK-CASTILLO,2.865
GUILLERMO-RIVERA-ARANGUIZ,3.231
LUIS-IGNACIO-MORALES,3.497
BORJA-MALO,3.735
MARTIN-ALUND,2.714
VICTOR-MORALES,3.802
RICARDO-URZUA-RIVERA,3.453
CLINT-BOWLES,3.441
DANIEL-LUSTIG,3.376
ALBERTO-FRANCIS,3.235
FILIP-KRAJINOVIC,2.602
RICARDAS-BERANKIS,2.537
CHASE-BUCHANAN,2.822
TY-TROMBETTA,3.536
BENOIT-PAIRE,2.515
VINCENT-MILLOT,2.606
FREDERIC-JEANCLAUDE,3.232
SEBASTIEN-LAMI,3.425
ALEXANDRE-PENAUD,3.241
LAURENT-VIGNE,3.635
FLORENT-SCACCIANOCE,3.477
ARNAUD-AGNIEL,3.606
HENRIQUE-CUNHA,2.971
ANDRE-BARAN,3.551
JUAN-PABLO-VILLAR,3.351
LEANDRO-MIGANI,3.293
TIM-SMYCZEK,2.499
JOSE-DE-ARMAS,3.154
BIJAN-HEJAZI,3.775
CHRISTOPHER-LAM,3.95
DANIEL-CHU,4.087
CESAR-RAMIREZ,3.08
JOSE-GERARDO-MEZA,3.367
BLAZ-KAVCIC,2.549
LUCA-VANNI,2.743
DENI-ZMAK,3.403
ANTE-PAVIC,2.693
TIMO-NIEMINEN,3.051
VILIM-VISAK,3.599
VJEKOSLAV-SKENDEROVIC,3.717
ANTONIO-SANCIC,3.042
JOSKO-TOPIC,2.998
NIKOLA-MARTINOVIC,3.557
MAHMOUD-NADER-AL-BALOUSHI,3.19
HASHIM-ABDAL,3.633
TROY-GILLHAM,4.273
SHANE-LA-PORTE,3.394
JONATHAN-RIBASTE,3.726
RYAN-HARRISON,2.513
JOAO-SOUSA,2.57
MIGUEL-ALMEIDA,3.55
HUGO-ANAO,3.536
JOSE-MANUEL-GARCIA-RODRIGUEZ,3.505
JUAN-PABLO-YUNIS,3.761
VASCO-PASCOAL,3.353
CARLOS-CALDERON-RODRIGUEZ,3.52
PEDRO-CLAR-ROSSELLO,3.138
JOAO-FERREIRA,4.549
JOSE-PEDRO-SILVA,3.494
FRANCISCO-DIAS,3.401
MARTIN-TRUEVA,3.573
GONCALO-FALCAO,3.32
JOSE-RICARDO-NUNES,3.208
MATIAS-SAENZ,4.76
SYDNEY-JIM,3.605
PATRICK-BRIAUD,3.922
HARRY-FOWLER,3.53
ANDONI-VIVANCO-GUZMAN,3.448
MARCELO-PALACIOS-SIEGENTHALE,3.68
GUILLERMO-OLASO,2.73
SERGIO-PEREZ-PEREZ,3.616
MORGAN-PHILLIPS,3.036
JUAN-LOPEZ-VICO,3.534
IGNACIO-CARBONELL,4.185
JAVIER-PERIS,4.68
VITOR-REQUIAO,3.455
KOMLAVI-LOGLO,3.518
AMADOR-ROMERO-TORRES,4.447
MATTEO-MARRAI,3.129
GRIGOR-DIMITROV,2.613
CARLOS-POCH-GRADIN,2.994
STEVEN-DIEZ,2.836
MANUEL-JORQUERA,3.503
GERARD-GRANOLLERS,2.799
STEFAN-SEIFERT,3.027
SASCHA-KLOER,3.092
NAVID-JOHANNIGMANN,3.641
TOBIAS-SIMON,3.248
DENNIS-BLOEMKE,3.367
CHRISTIAN-MAGG,3.654
MANUEL-SANCHEZ,3.135
MATTEO-TREVISAN,3.055
ANDREA-ARNABOLDI,2.706
JAAN-FREDERIK-BRUNKEN,2.949
IVAN-CEROVIC,3.439
SAAD-BENKIRANE,3.527
BRUNO-SOARES,3.13
REDA-KARAKHI,3.273
BADR-BOUABDELLAH,4.049
AHMED-MOUMNI,4.461
OMAR-ERRAMY,3.728
OMAR-ABOUSHALAM,4.129
FRANCESCO-PICCARI,3.06
JURGEN-GUNDERA,3.704
MARC-RATH,3.134
KEVIN-SORENSEN,3.444
MARCIO-TORRES,4.704
ULADZIMIR-IGNATIK,2.822
STEPHANE-PIRO,3.508
GUILLAUME-RUFIN,2.67
MATHIEU-RODRIGUES,2.848
JONATHAN-DASNIERES-DE-VEIGY,2.718
NILS-LANGER,2.818
LUDOVIC-WALTER,3.128
ALEXANDRE-RENARD,3.324
SADIK-KADIR,3.035
JOSIP-BRKIC,3.545
JIRI-KOSLER,3.85
JERZY-JANOWICZ,2.584
BLAZEJ-KONIUSZ,3.355
MICHAL-WLODARCZYK,4.354
JEDRZEJ-ZARSKI,3.717
DAWID-CELT,4.354
ROBERT-GODLEWSKI,3.718
WOJCIECH-STARAKIEWICZ,3.969
SLAWOMIR-SZEREMETA,3.537
DARIUSZ-LIPKA,3.946
MATEUSZ-KOWALCZYK,3.783
FILIP-RAMS,5.353
MATEUSZ-SZMIGIEL,4.716
ANDRIEJ-KAPAS,3.419
ANDREA-AGAZZI,3.565
KEVIN-LIETAR,4.157
THOMAS-SCHOECK,4.087
GEORGE-MORGAN,3.114
IZAK-VAN-DER-MERWE,2.73
MARSEL-ILHAN,2.466
EDWARD-SEATOR,3.744
DAVID-NORD,3.425
HENRIK-SODERBERG,3.764
ARVID-PURANEN,3.475
ROBERT-GUSTAFSSON,3.714
PATRIK-BRYDOLF,3.329
ROBERT-LINDBERG,4.177
ALEXANDER-SADECKY,2.867
JUSTIN-ONEAL,3.205
BRIAN-BATTISTONE,3.637
DANIEL-KRAJNOVIC,3.483
RAFAEL-AREVALO,3.289
GEERT-JAN-VAN-DIJKEN,3.719
TOMASZ-BEDNAREK,3.461
BRAD-POMEROY,4.229
ARMIN-HIRNER,3.483
MARKO-BOSKOVIC,3.599
MIRZA-BASIC,2.664
MARCO-GUALDI,3.65
VASEK-POSPISIL,2.567
DEVIN-BRITTON,2.95
MILAN-POKRAJAC,3.35
MILOS-RAONIC,2.605
VICTOR-ESTRELLA-BURGOS,2.671
RHYNE-WILLIAMS,2.649
DENES-LUKACS,3.392
DEVIN-MULLINGS,3.604
TIGRAN-MARTIROSYAN,3.099
CHRIS-KLINGEMANN,3.282
PATRICK-FRANDJI,3.538
WILLIAM-BOE-WIEGAARD,3.26
ARTHUR-BEAVIS,3.474
ADRIANO-BIASELLA,3.818
ANTHONY-ASSAL,3.78
AUSTIN-KRAJICEK,2.657
JEAN-YVES-AUBONE,3.241
ANDRE-MIELE,3.213
TRAVIS-HELGESON,3.763
VALENTIN-MIHAI,3.481
ILIE-AURELIAN-GIURGIU,3.393
ROBERT-VARGA,3.484
BOGDAN-ANDRII,3.348
JEROEN-MASSON,4.392
AMIR-WEINTRAUB,2.713
YA-NAN-MA,3.088
SA-CHEN,3.551
YE-DU,4.132
TSUNG-HUA-YANG,2.739
ANDRE-WIESLER,3.478
PIERRE-HUGUES-HERBERT,2.604
HOLGER-FISCHER,3.3
JUNN-MITSUHASHI,3.368
KENTO-TAKEUCHI,3.295
HIROKI-MORIYA,2.651
ILIA-STARKOV,3.365
ILYA-BELYAEV,2.946
ANDREY-KUZNETSOV,2.563
STANISLAV-VOVK,3.003
ALEXEI-FILENKOV,3.514
SERGEI-KROTIOUK,3.301
SERGEI-DEMEKHINE,3.946
DANILA-ARSENOV,3.498
ANTON-MANEGIN,3.888
SERGEY-BETOV,3.021
ANDREI-KARATCHENIA,3.323
ARTEM-SMIRNOV,3.014
TOBIAS-BLOMGREN,3.157
NIMA-MADAMI,3.464
NIKOLAUS-MOSER,3.149
YANNICK-MERTENS,2.696
KARLIS-LEJNIEKS,3.335
FILIP-POLASEK,3.089
MIKHAIL-BALMASHEV,3.362
VLADYSLAV-KLYMENKO,4.064
ANDREI-PLOTNIY,4.322
DZMITRY-ZHYRMONT,3.034
MARK-VERRYTH,3.135
SANAM-SINGH,2.83
ROHAN-GIDE,3.435
N-VIJAY-SUNDAR-PRASHANTH,2.979
NAVEEN-SAAI,3.841
RONAK-MANUJA,4.033
ABHIJEET-TIWARI,3.438
VIKRAM-REDDY-B,4.197
ALI-GHAREEB,3.912
MOUSSA-SHANAN,4.106
ABDULLAH-MAQDES,3.142
AMER-MEZRI,3.647
JABER-NOUH,3.778
RUBEN-BEMELMANS,2.531
ALEXANDER-FLOCK,2.991
FINN-TEARNEY,3.225
NIELS-DESEIN,2.737
MARCUS-DANIELL,2.954
STEVEN-GOH,3.533
DANE-PROPOGGIA,3.162
BRENDAN-MCKENZIE,3.346
RICCARDO-GHEDIN,2.799
JOHN-MILLMAN,2.644
MARINKO-MATOSEVIC,2.564
DIEGO-ALVAREZ,3.256
MATT-REID,2.749
RAVEN-KLAASEN,2.879
ROSS-HUTCHINS,3.17
ANDREW-ANDERSON,3.03
NICOLAAS-SCHOLTZ,3.132
GRANT-IVE,3.599
JEAN-ANDERSEN,3.459
BENJAMIN-JANSE-VAN-RENSBURG,3.352
HENDRIK-COERTZEN,4.12
MBONISI-NDIMANDE,3.472
FRANCISCO-OLIVARES,3.512
ANGEL-TORRES,3.705
DAVID-VELIZ-LEPE,3.673
VICTOR-NUNEZ,3.476
IGNACIO-LEHYT,4.704
EMILIANO-GARCIA-BLANKSMAN,4.453
SILVIO-DADIC,3.483
KRISTIJAN-MESAROS,2.94
JUSTIN-ELEVELD,3.301
JOHN-LAMBLE,3.5
JOSE-PEREIRA,3.15
PEDRO-FEITOSA,3.912
THOMAS-JUN-FACCHINI-TAKEMOTO,3.551
GABRIEL-DIAS,4.149
JUAN-PABLO-AMADO,3.222
ANDREA-COLLARINI,3.001
LIONEL-NOVISKI,3.258
MARCEL-FELDER,2.979
MARCO-TRUNGELLITI,2.763
PIERRE-METENIER,3.593
ROMAIN-HARDY,3.35
NICOLAS-RENAVAND,2.878
JORGE-VAZQUEZ-CATOIRA,3.552
BLAKE-STRODE,3.002
JUAN-MANUEL-ELIZONDO,3.394
SEBASTIAN-RIVERA,3.39
EVAN-KING,3.17
ADRIANS-ZGUNS,3.397
JONATHAN-DAVID,3.449
MATT-BOCKO,3.373
ALEXANDER-DOMIJAN,3.084
COLT-GASTON,3.679
REDA-EL-AMRANI,2.932
RAFAEL-MAZON-HERNANDEZ,3.467
SERGIO-GUTIERREZ-FERROL,2.75
ALI-EL-ALAOUI,3.95
EL-MEHDI-WASFY,4.466
BRETT-JOELSON,3.5
BEN-CHEN,4.499
DANIEL-WHITEHEAD,3.826
ANTONIO-COMPORTO,3.384
RODRIGO-CARVALHO,3.514
PABLO-MARTIN-ADALIA,3.175
LAURENT-ROCHETTE,2.842
VASCO-MENSURADO,3.321
JOAO-MAIO,4.513
JOAO-SILVERIO,4.174
ANDRE-CAIADO,4.353
GONCALO-PEREIRA,3.192
CEDRIK-MARCEL-STEBE,2.642
JANEZ-SEMRAJC,3.212
TRISTAN-SAMUEL-WEISSBORN,3.314
DOMINIK-SCHULZ,3.353
PHILIPP-SCHNEIDER,3.659
DENISS-PAVLOVS,3.129
ARSENIJE-ZLATANOVIC,3.3
ATTILA-BALAZS,2.871
DUSAN-LAJOVIC,2.594
VLADIMIR-PAVICEVIC,3.593
NIKOLA-CIRIC,2.929
GERALD-KAMITZ,3.739
GERALD-MELZER,2.726
AXEL-MICHON,2.811
JULIEN-OBRY,3.17
TOMISLAV-BRKIC,2.938
MARKO-LENZ,3.937
JAN-LENNARD-STRUFF,2.591
COLIN-FLEMING,2.939
LIAM-BROADY,2.872
JOSHUA-MILTON,2.886
DAVID-THOMSON,3.872
AHMED-EL-MENSHAWY,3.625
JARRYD-BANT,3.694
OLIVER-GOLDING,2.97
JACK-CARPENTER,3.732
MAIT-KUNNAP,3.55
JULIEN-CASSAIGNE,3.732
HOLGER-ZUEHLSDORFF-PAVLOVIC,3.744
PETER-TOREBKO,2.817
JUAN-FRANCISCO-SPINA,3.804
PHILIPPE-BRAND,4.743
MARCUS-WILLIS,2.896
CHRISTIAN-W-SCHULTZ,3.488
DAMAR-JOHNSON,3.777
JAMIE-GRESH,3.766
CHRISTIAN-LINDELL,2.798
JEFFREY-MIRA-SVENSSON,3.692
ANDERS-LINDSTROM,3.924
JONAS-PONTUS-NORBERG,3.475
JESPER-BRUNSTROM,3.545
CHRISTIAN-MOHS,3.464
INIGO-CERVANTES,2.633
KEVIN-KRAWIETZ,2.866
DENNIS-NEVOLO,3.36
MICHAEL-RUBIN,3.312
MATTHEW-ALLARE,3.444
ASHWIN-KUMAR,4.443
PEDRO-AST,3.703
JAVIER-HERRERA-EGUILUZ,4.36
JOE-BATES,3.669
RUBEN-GONZALES,4.312
FEDERICO-DELBONIS,2.518
DEJAN-KATIC,3.526
ISRAEL-SEVILLA-MARUHENDA,3.942
YANN-DUPUY,4.338
ROBERT-KHOURY,3.543
THOMAS-LIVERSAGE,3.497
JAMES-LUDLOW,3.473
STEVE-JOHNSON,2.601
RICHARD-JOHNSON,3.545
JT-SUNDLING,3.601
AUSTIN-KAROSI,3.52
ILIJA-VUCIC,3.331
DANIEL-DANILOVIC,3.815
BORUT-PUC,3.128
NIKOLA-CACIC,2.982
ALBERT-LONCARIC,3.726
MILJAN-ZEKIC,3.055
TONI-ANDROIC,3.018
VEDRAN-SILJEGOVIC,4.445
MITCHELL-FRANK,3.097
JUNIOR-A-ORE,3.443
DENIS-KUDLA,2.543
BRUNO-AGOSTINELLI,3.553
PAVEL-KRAINIK,3.01
MARC-POWERS,3.35
JORDAN-COX,3.073
ADAM-EL-MIHDAWY,3.344
LUIGI-DAGORD,3.59
TENNYS-SANDGREN,2.912
RYAN-LIPMAN,3.479
ERIC-GOMES,3.729
ROBERT-COMAN,3.209
ANDREI-SAVULESCU,3.352
TUDOR-DUMITRESCU,3.481
PAUL-MIHAI-PUSCASU,3.614
VALENTIN-PALAS,3.464
DANIELE-GIORGINI,3.384
ADRIAN-MARIN-DANCESCU,3.529
IOAN-FARCAS,4.208
VLAD-CRISTIAN-SMIGHELSCHI,3.982
MIHAI-BADESCU,3.543
CATALIN-PETRE-NEDELESCU,3.543
ADNAN-AL-MAHMOUD,4.449
SERGIU-MARGARIT,3.698
JEAN-NOEL-INSAUSTI,3.471
MARC-STEGER,4.47
VALENTIN-SANON,3.633
OLIVIER-BORSOS,3.933
VORACHIT-RUNGLERTMANEEPONG,3.459
DEIVIDS-JUKSA,3.481
WARUT-KORKIATTHAWORN,3.248
PITCHAYA-LIMPIMPRORH,4.186
KIRATI-SIRIBUTWONG,3.544
REWAT-KITPRASERTSAKUL,4.357
PONGSATORN-BENJAMAS,3.614
MOHAMMED-FAIZAL-BIN-OTHMAN,3.679
ABDUL-HAZLI-BIN-ZAINUDDIN,3.514
STEPHEN-HUSS,3.569
KANAGARAJ-BALAKRISHNAN,3.628
MOHAMED-NAZIM-KHAN,4.716
KHEVAN-SOMASUNDRAM,3.669
YEW-MING-SI,3.583
ADAM-JAYA,3.744
ZE-ZHANG,2.707
HIROYASU-EHARA,3.101
DI-WU,2.749
MIKHAIL-BIRYUKOV,3.089
ANDREY-KUMANTSOV,2.958
ALEXANDER-LOBKOV,3.051
MIKHAIL-FUFYGIN,3.283
ROMAN-KISLYANSKIY,4.064
VAJA-UZAKOV,3.487
ALEXEY-IREMASHVILI,3.964
HENRI-KONTINEN,2.973
ERIK-MOBERG,3.519
JURGEN-ZOPP,2.595
ANDREAS-SILJESTROM,3.231
MATTIA-LIVRAGHI,4.518
JESPER-CEDERLIND,3.738
ALEXANDER-ZHURBIN,3.298
SERGEY-STRELKOV,3.422
ANDREY-YAKOVLEV,3.562
VITALI-RESHETNIKOV,3.377
ALEKSANDER-VASIN,3.85
ANDREI-CIUMAC,3.365
SANDRO-EHRAT,3.024
PABLO-GARCIA-GAITAN,3.552
ARNAU-SANZ-SANZ,3.509
JAVIER-MARTI,2.693
PEDRO-RICO,3.492
KADEN-HENSEL,3.219
MATHESON-KLEIN,3.297
JOEL-LINDNER,3.671
MAVERICK-BANES,3.183
ISAAC-FROST,3.434
JARRYD-CHAPLIN,3.586
ANDREW-MCLEOD,4.218
MARK-RICHARDS,4.297
BENJAMIN-MITCHELL,2.83
JASON-KUBLER,2.969
MOHIT-MAYUR-JAYAPRAKASH,3.228
AMIR-EL-BAYOUMY,3.643
MALEK-JAZIRI,2.599
HAMAD-AL-MULLA,3.475
JAMES-LEMKE,2.961
LOGAN-MACKENZIE,3.619
SEBASTIAN-LAVIE,3.095
JAMES-DUCKWORTH,2.654
DAYNE-KELLY,3.261
ANDRE-BEGEMANN,2.811
SEAN-BERMAN,3.596
LUKE-SAVILLE,2.824
RUAN-ROELOFSE,3.37
JAMES-CERRETANI,3.376
CRISTOBAL-SAAVEDRA-CORVALAN,3.273
FACUNDO-BAGNIS,2.645
TOMISLAV-JOTOVSKI,3.621
RODRIGO-PEREZ,3.324
GONZALO-URRUTICOECHEA,3.681
MATIAS-SBOROWITZ,3.343
ALEX-THEILER,3.564
IVAN-TURUDIC,3.545
ANTONIO-LUPIERI,3.467
JANNICK-LUPESCU,3.213
NIKOLOZ-BASILASHVILI,2.691
ALEJANDRO-GONZALEZ,2.65
HARRI-HELIOVAARA,2.989
DANIEL-MCCALL,3.649
NICHOLAS-EDLEFSEN,3.409
BRADLEY-KLAHN,2.736
LEONARDO-KIRCHE,3.107
ALEXANDRE-SCHNITMAN,3.386
ELADIO-RIBEIRO-NETO,3.492
BRUNO-SEMENZATO,3.492
TIAGO-FERNANDES,3.206
MARCELO-DEMOLINER,2.998
AGUSTIN-VELOTTI,2.901
FACUNDO-ARGUELLO,2.744
ANDRES-DELLATORRE,3.466
THIBAULT-VENTURINO,3.444
JEROME-INZERILLO,3.399
JONATHAN-HILAIRE,3.505
DAMIEN-SPIZZO,3.552
VICTOR-ROMERO,3.57
MAURICIO-ASTORGA,3.286
LUIS-DIAZ-BARRIGA,3.354
ERIC-HECHTMAN,3.36
JACK-SOCK,2.596
JULIEN-CARSUZAA,3.739
MEHDI-BENHAMMOU,3.404
HAMZA-AGLAIB,3.453
MOHCINE-ROUDAMI,3.557
JOHN-VALENTI,3.317
DANIEL-GARZA,3.089
PIERO-LUISI,4.153
ALESSANDRO-MOTTI,3.553
DANIEL-VALLVERDU,4.316
HAYDN-LEWIS,3.161
PABLO-CARRENO-BUSTA,2.632
FEDERICO-GAIO,2.934
ALESSANDRO-GIANNESSI,2.731
OSCAR-SABATE-BRETOS,3.171
JULIAN-LENZ,3.265
KEVIN-DEDEN,4.299
ROBIN-KERN,2.972
YANNICK-HANFMANN,3.149
DENIS-ZIVKOVIC,3.155
ALEKSANDER-SLOVIC,3.546
SASA-STOJISAVLJEVIC,3.407
AGUSTIN-BOJE-ORDONEZ,3.449
JOAO-FERNANDES,3.475
RENATO-ASSAD,3.53
DIOGO-SOARES,3.492
FRANCISCO-RAMOS,3.681
JOAO-DOMINGUES,3.164
FREDERICO-FERREIRA-SILVA,3.128
ALVARO-CAJIGAL,3.533
ARNAU-BRUGUES-DAVI,2.772
GIANNI-MINA,3.159
CHARLES-ANTOINE-BREZAC,2.992
ADRIEN-BOSSEL,2.811
MARTON-FUCSOVICS,2.707
EMANUEL-FRAITZL,3.693
NEIL-PAUFFLEY,3.288
JAMES-MARSALEK,3.266
MARTIN-EMMRICH,3.15
LEWIS-BURTON,3.134
NICK-CAVADAY,3.52
DOMINIC-INGLOT,3.036
SCOTT-SEARS,3.497
MATTHEW-SHORT,3.469
FABRICE-MARTIN,2.84
DOMINIK-PFEIFFER,3.661
CLINTON-THOMSON,3.248
ALJAZ-BEDENE,2.57
ANDREJ-MARTIN,2.715
ALEXANDER-WARD,2.829
ERIC-QUIGLEY,2.816
LUCAS-RENARD,3.096
CLAUDIO-RIVERA,4.089
STEFAN-BORG,3.372
FILIP-BERGEVI,3.369
SEBASTIAN-SACHS,3.199
ELMAR-EJUPOVIC,3.426
TASSILO-SCHMID,3.795
FLORIAN-FALLERT,3.462
MARKO-ZELCH,3.59
MICHAEL-SHABAZ,2.992
DRAKE-BERNSTEIN,3.399
NIKO-KARAGIANNIS,4.16
MARIUS-ZAY,3.322
MATTHIAS-WOLF,3.633
BAPTISTE-DUPUY,3.786
QUENTIN-ROBERT,3.89
CLEMENT-REIX,2.932
HUGO-NYS,3.137
RAPHAEL-LUSTENBERGER,4.633
DANIEL-KOSAKOWSKI,2.874
KORNEL-BARDOCZKY,3.438
MARIN-DRAGANJA,3.282
DINO-MARCAN,2.966
CHRISTOPH-LESSIAK,3.539
MARCEL-RUZIC,3.536
ANDRAZ-BEDENE,3.707
ZACHARY-WHITE,3.465
KIRILL-KASYANOV,3.39
JONATHAN-PASTEL,3.628
ROBERT-FARAH,2.706
MATTEO-VIOLA,2.658
JUAN-SEBASTIAN-CABAL,2.822
JARMERE-JENKINS,2.893
JOHANNES-ROBERT-VAN-OVERBEEK,3.732
VICTOR-MUGUREL-ANAGNASTOPOL,3.484
RADU-ALBOT,2.672
ANDREI-MLENDEA,3.576
SEBASTIAN-PADURE,3.641
MICHAL-SCHMID,3.341
SIMON-CAUVARD,3.466
DANE-CHUNTRARUK,3.272
PHASSAWIT-BURAPHARITTA,3.563
ADIREK-KHUNDARNPINITVON,3.531
KONG-POP-LERTCHAI,3.768
CHRISTOPHER-RUNGKAT,3.069
ARIEZ-ELYAAS-DEEN-HESHAAM,3.367
CHUHAN-WANG,2.97
RICHARD-MUZAEV,3.027
ERVAND-GASPARYAN,3.355
DMITRI-MARFINSKY,3.401
ARTEM-PUDOVKIN,3.429
SHALVA-DZHANASHIA,3.439
ROMAN-TUDOREANU,4.364
MICKE-KONTINEN,3.149
LAURYNAS-GRIGELIS,2.868
DAVID-GOFFIN,2.594
FLORIAN-REYNET,3.117
DORIAN-DESCLOIX,3.196
SAMI-REINWEIN,3.381
DANILO-PETROVIC,3.173
SVYATOSLAV-KNYAZEV,3.632
ALEKSANDR-AGAFONOV,3.635
ANDREI-VASILEVSKI,3.251
BEKA-KOMAKHIDZE,3.596
IRAKLI-MARUTIAN,4.631
DOMINIC-THIEM,2.643
MARC-GINER,3.13
MOHAMED-SAFWAT,2.986
RUPESH-ROY,3.578
DANIEL-PUTTKAMMER,3.483
SHAHBAAZ-KHAN,3.444
ALDIN-SETKIC,2.809
ANDREAS-GREMELMAYR,4.197
SHERIF-SABRY,3.533
MOHAMMED-REDA,3.928
JOHN-EL-KHOURY,4.049
MUBARAK-ZAID,3.619
ABDULRAHMAN-AL-HARIB,3.892
FILIPPO-SASSI,3.696
RAMY-LABNA,3.614
GREGOIRE-BURQUIER,2.907
MARK-FYNN,3.417
STEFFEN-SOLOMON,3.556
FELIPE-RIOS,3.661
JUAN-SEBASTIAN-VIVANCO,3.704
GONZALO-LAMA,3.05
JUAN-CARLOS-SAEZ,3.294
NICOLAS-GUSTAVO-KAUER,3.439
GONZALO-DE-URRUTICOECHEA,3.746
MICHEL-VERNIER,3.619
OSVALDO-AGUIRRE,4.049
JAVIER-MUNOZ,3.51
RAFAEL-CAMILO,3.315
MARKO-MIJACEVIC,3.574
DAMIR-DZUMHUR,2.652
IVAN-BLAZEVIC,3.87
GYORGY-BALAZS,3.663
ANTE-BILIC,3.937
MARKO-LOVRINOVIC,3.892
TOMISLAV-GREGUROVIC,3.555
ANTUN-PEHAR,3.964
DAVID-DE-GOEDE,3.612
RUDOLF-SIWY,3.262
ERIC-JOHNSON,3.772
IVAN-ANIKANOV,4.072
BRIAN-BROGAN,3.782
PEDRO-ZERBINI,3.256
GUILHERME-CLEZAR,2.803
FABIANO-DE-PAULA,2.994
KARUE-SELL,3.539
AUGUSTO-LARANJA,3.354
THIAGO-MONTEIRO,2.845
BRUNO-SANTANNA,3.29
PABLO-GALDON,2.978
DIEGO-SCHWARTZMAN,2.649
FACUNDO-LUGONES,3.441
GONZALO-TUR,3.495
RENZO-OLIVO,2.736
JUAN-IGNACIO-LONDERO,2.939
GUIDO-ANDREOZZI,2.818
GUILLERMO-DURAN,3.141
MAXIME-TEIXEIRA,2.752
MATHIAS-BOURGUE,2.974
ANTOINE-ESCOFFIER,3.841
JOE-SALISBURY,3.186
ALEXIS-CARLOS,3.533
LUIS-PATINO,3.153
BJORN-FRATANGELO,2.772
HICHAM-KHADDARI,3.302
YASSINE-IDMBAREK,3.09
ASHOK-NARAYANA,3.5
STUART-KENYON,3.473
JUAN-LIZARITURRY,3.145
PETER-HELLER,3.347
KENNY-DE-SCHEPPER,2.538
STEPHAN-HOISS,3.197
NORBERT-GOMBOS,2.734
MARTIN-RMUS,3.946
NIKOLA-MILOJEVIC,3.227
DANIEL-GLANCY,3.324
BARRY-KING,3.72
FILIPPO-LEONARDI,3.477
ROBERTO-ORTEGA-OLMEDO,3.046
ALBERT-ALCARAZ-IVORRA,3.421
ANDRES-MOLTENI,2.927
ALBANO-OLIVETTI,2.779
FILIP-VEGER,2.964
MICHAEL-LOOK,3.227
JAMES-FEAVER,3.757
TOBY-MARTIN,4.266
MILOSLAV-MECIR,2.845
RICHARD-WAITE,3.381
ALEXANDAR-LAZOV,2.982
ROMANO-FRANTZEN,4.247
MICHAEL-LUX,4.117
ADAM-KELLNER,3.359
SEKOU-BANGOURA,2.9
ANDREW-DZULYNSKY,3.794
HENRY-STEER,3.488
ANTOINE-BENNETEAU,3.392
FRED-SIMONSSON,3.248
JACOB-JOHANSSON,3.602
ROBIN-OLIN,3.364
ZIAD-SULTAN,4.371
SIMON-NORENIUS,4.247
NEVEN-KRIVOKUCA,3.757
JOCHEN-NUFER,3.384
FABIAN-SCHMID,3.531
JAN-BLECHA,4.425
REMKO-DE-RIJKE,4.462
MAXIMILIAN-MARTERER,2.957
MAC-STYSLINGER,3.364
GABRIEL-TOWNES,3.494
AUSTIN-SMITH,3.488
WIL-SPENCER,3.241
KEVIN-KING,2.895
ALFREDO-KRYWACZ,3.939
GUILLERMO-GOMEZ-DIAZ,3.826
NATHANIEL-SCHNUGG,4.488
JACK-ANTON,3.516
ERIK-GRAVES,3.527
TOBIAS-HINZMANN,3.304
HENRI-LAAKSONEN,2.689
MARC-AURADOU,3.529
LUCA-SCHENA,3.929
MARTIN-PRIKRYL,4.318
YANN-MINSTER,4.529
JOSS-ESPASANDIN,3.772
JENS-HAUSER,4.085
RAPHAEL-MORI,3.523
MARCIN-KOSAKOWSKI,3.563
CLAY-THOMPSON,3.163
LUIS-ANTONIO-PEREZ-PEREZ,3.702
HAREL-SRUGO,3.505
AARON-YOVAN,3.931
MARCOS-GIRON,3.08
MATE-DELIC,2.864
MATE-PAVIC,2.701
MARIN-FRANJICEVIC,3.451
MIKE-URBANIJA,3.413
AGUSTIN-GONZALEZ,3.416
NILS-MUSCHIOL,3.471
JASMIN-ADEMOVIC,3.647
BJORN-PROPST,3.437
THEODOROS-ANGELINOS,3.011
VIKTOR-GALOVIC,3.07
JADEN-GRINTER,3.264
BASTIAN-TRINKER,2.868
DANIEL-GEIB,3.553
RICCARDO-BELLOTTI,3.04
MAXIMILIAN-NEUCHRIST,3.042
PETER-STEINBERGER,3.583
MICHAEL-EIBL,3.812
DENNIS-NOVAK,2.911
GIBRIL-DIARRA,3.148
PATRICK-OFNER,3.694
ANDREW-ADAMS,3.766
JOSE-HERNANDEZ-FERNANDEZ,3.322
CHRISTIAN-HARRISON,2.913
MITCHELL-J-POLNET,3.472
HUNTER-HARRINGTON,3.444
ANDREW-CARTER,3.013
CHRISTIAN-WELTE,4.072
DIMITAR-KUTROVSKY,3.15
ROBBYE-POOLE,3.538
LUCA-GEORGE-TATOMIR,3.488
LLAURENTIU-ADY-GAVRILA,3.478
ALEXANDRU-CATALIN-MARASIN,3.47
DARIUS-FLORIN-BRAGUSI,3.602
ANDREI-COCIASU,3.739
CIPRIAN-ALEXANDRU-PORUMB,3.817
TUDOR-SULEA,3.344
MIHAITA-DANIEL-DAMIAN,4.162
TEODOR-NICOLAE-MARIN,4.698
PATRICK-GRIGORIU,4.487
ALEXANDER-ZVEREV,2.683
ADIL-SHAMASDIN,3.48
KEVIN-BOTTI,3.848
TRISTAN-LAMASINE,2.868
TRISTAN-GABRIEL,3.715
WARIT-SORNBUTNARK,3.622
AVIRUTH-PHAPHUI,3.371
WISHAYA-TRONGCHAROENCHAIKUL,3.558
KELSEY-STEVENSON,3.337
STANISLAV-POPLAVSKYY,3.328
WAN-ABDUL-MUIZ-WAN-ABDUL-AZIZ,3.981
KOKI-MATSUNAGA,3.582
AHMED-DEEDAT-ABDUL-RAZAK,3.317
HE-FENG,3.325
YASUTAKA-UCHIYAMA,2.916
ALEXANDER-RUMYANTSEV,3.416
ILIA-SHATSKIY,3.436
MURAD-INOYATOV,3.68
ALIAKSANDR-BURY,3.172
ASHOT-KHACHARYAN,3.739
VICTOR-BALUDA,3.073
SAAR-STEELE,3.605
EVGENY-KARLOVSKIY,3.423
MAXIME-AUTHOM,2.804
ANDRES-ARTUNEDO-MARTINAVARRO,3.208
GAVIN-VAN-PEPERZEEL,3.404
SCOTT-PUODZIUNAS,3.512
JOHN-PATRICK-SMITH,2.698
ALEX-BOLT,2.905
EMILIEN-FIRMIN,4.403
PRAJNESH-GUNNESWARAN,3.333
JEEVAN-NEDUNCHEZHIYAN,3.196
NEERAJ-ELANGOVAN,3.758
RAMKUMAR-RAMANATHAN,2.847
JABOR-AL-MUTAWA,3.197
MOUSA-SHANAN-ZAYED,3.227
ANTON-BETTINK,3.497
MATTHEW-BARTON,2.773
JIRI-VESELY,2.665
ANDREW-HARRIS,3.176
NICK-KYRGIOS,2.683
CLEMENT-MAAS,3.606
NICOLAS-PASTOR,3.31
FRANKO-MIOCIC,3.437
MISLAV-HIZAK,3.865
ALBAN-MEUFFELS,3.128
LENNERT-VAN-DER-LINDEN,3.543
DENNIS-LAJOLA,3.021
CLAYTON-ALMEIDA,3.887
DENNIS-NOVIKOV,2.786
TAKANYI-GARANGANGA,2.881
MAXIMILIANO-ESTEVEZ,3.482
KEVIN-KONFEDERAK,4.309
MAXIME-TCHOUTAKIAN,3.421
MARTIN-VAISSE,3.322
DAVID-OHARE,3.48
MARCO-AURELIO-NUNEZ,3.534
CHRISTOPHER-DIAZ-FIGUEROA,3.302
DARIAN-KING,3.086
PATRICK-DAVIDSON,3.274
REID-CARLETON,3.595
HAMAD-ABBAS-JANAHI,3.24
HAYTHEM-ABID,3.33
ABDELKADER-BENABDELLAH,3.514
ERIC-SCHERER,3.534
AYOUB-CHAKROUNI,3.461
KHALID-ALLOUCH,3.391
MILIAAN-NIESTEN,3.732
NICHOLAS-NAUMANN,3.488
AMRIT-NARASIMHAN,4.391
JOSHUA-ZAVALA,3.553
SEBASTIEN-COUBERES,3.502
GUILLAUME-COUILLARD,3.562
JORDI-SAMPER-MONTANA,2.923
ORIOL-ROCA-BATALLA,3.101
ROBERTO-CARBALLES-BAENA,2.72
VASILE-ALEXANDRU-GHILEA,3.666
DRAGOS-DIMA,3.102
MICHAL-KONECNY,3.174
SEBASTIAN-KRAILA,3.87
CHRISTIAN-MARIAN,3.736
ANDREI-STEFAN-APOSTOL,3.528
MICHAEL-LINZER,2.94
MIKI-JANKOVIC,3.173
MARKO-RAJIC,3.557
MATEJ-SABANOV,3.57
DJORDJE-DJOKOVIC,3.318
BORIS-CONKIC,3.964
PEDJA-KRSTIN,2.943
IVAN-SABANOV,4.104
JAMES-MCGEE,2.764
ENRIQUE-LOPEZ-PEREZ,2.947
JOAO-BARRA,3.383
HENRIQUE-SOUSA,3.678
ROMAIN-BARBOSA,3.394
GONCALO-LOUREIRO,5.163
ARTUR-COMPLETO,3.756
ALEXANDER-RITSCHARD,3.271
LADO-CHIKHLADZE,3.574
MAXIMILIAN-KOLLERITSCH,3.706
VALENTINO-PEST,4.27
ADAM-SANJURJO-HERMIDA,3.237
HASIER-PASTOR,3.47
MARCO-CECCHINATO,2.745
ANDREW-FITZPATRICK,3.26
KEELAN-OAKLEY,3.587
JAMIE-WHITEFORD,4.258
MATTHEW-PIEROT,3.794
KIMMER-COPPEJANS,2.87
DAVID-PEL,3.892
KIRILL-DMITRIEV,3.33
JOSHUA-WARD-HIBBERT,3.234
JONNY-OMARA,3.638
KYLE-EDMUND,2.706
LUKE-BAMBRIDGE,3.175
ISAK-ARVIDSSON,3.073
KALLE-AVERFALK,3.538
IGOR-TUBIC,3.365
PHOTOS-KALLIAS,3.688
GIORGIO-PORTALURI,4.504
JOHAN-BACKSTROM,3.928
BRANDON-BURKE,3.488
RISHABH-MEHRA,3.498
BLAZ-SERIC,3.335
JEREMY-JAHN,3.387
CHRISTIAN-WICKENHAUSER,3.821
PASCAL-MEIS,3.352
YANNICK-OFFERMANS,3.568
IVAN-GOMEZ-MANTILLA,4.334
WALTER-TRUSENDI,3.316
IVO-MIJIC,3.57
JOSE-ANTONIO-SALAZAR-MARTIN,3.752
MATIAS-CASTRO,3.759
SASO-BENDE,3.937
ALEXANDR-KUSHAKOV,3.561
FILIP-SERDARUSIC,3.867
LUCA-MARGAROLI,3.38
IGNACIO-TABOADA,3.537
NATHAN-PASHA,3.288
JUDD-MOTZ,3.498
DEAN-OBRIEN,3.288
BRADLEY-COX,4.399
LUIZ-INAIMO,4.152
CHRISTOPHER-EUBANKS,3.251
JUAN-CARLOS-SPIR,3.541
ERIC-SOCK,4.111
DAVID-SPAN,4.471
FRANCESCO-VILARDO,3.493
ALEXANDROS-JAKUPOVIC,3.382
DIMITRI-BRETTING,3.545
FEDERICO-VALSANGIACOMO,3.706
DAMIANO-DI-IENNO,3.589
CLAUDE-BENZ,3.495
MAXIM-DUBARENCO,3.298
JAN-SUBOTA,3.635
NICOLAS-MEISTER,3.006
JEFF-DADAMO,3.194
RAYMOND-SARMIENTO,3.271
EGOR-PUNTUS,3.546
ANDRE-DOME,3.535
FILIP-PELIWO,2.941
JOHN-HARRISON-RICHMOND,3.452
DAVID-HOPKINS,3.485
AMOGH-PRABHAKAR,4.452
MITCHELL-KRUEGER,2.996
MAREK-MICHALICKA,3.068
JULIO-CESAR-CAMPOZANO,3.055
ALEXIOS-HALEBIAN,3.718
UGO-NASTASI,3.424
LAURENT-MALOULI,3.549
GLEB-SAKHAROV,3.335
HUGO-SCHOTT,3.525
EMMANUEL-GREFF,3.54
SEBASTIEN-BOLTZ,3.603
JEAN-PASCAL-VERNET,3.57
NIKOLAI-FIDIRKO,3.368
NIKITA-GUDOZHNIKOV,3.963
VOLODOYMYR-UZHYLOVSKYI,3.522
EGOR-GERASIMOV,2.97
VUGAR-ALIEV,4.035
ANTON-ZAITCEV,3.128
TIMOFEY-SKRIPKIN,4.368
ASLAN-KARATSEV,2.826
ARTUR-GUSEV,3.849
PRUCHYA-ISAROW,3.431
POL-WATTANAKUL,3.314
NUTTANON-KADCHAPANAN,3.66
NATTAN-BENJASUPAWAN,3.916
GRITTABOON-PRAHMANEE,3.919
TEERADON-TORTRAKUL,4.659
CHAYANON-KAEWSUTO,3.574
KOVIT-RATANAPHET,4.18
SYED-MOHD-AGIL-SYED-NAGUIB,3.323
MOHD-ASSRI-MERZUKI,3.828
COLIN-WEI-MING-WONG,4.583
KAICHI-UCHIDA,3.49
SHUICHI-SEKIGUCHI,3.004
ZHIZHEN-ZHANG,3.064
XIN-GAO,3.137
YU-CHENG-LI,3.474
ALEKSANDR-NEDOVYESOV,2.711
ALEXANDER-VASILENKO,3.148
EVGENY-ELISTRATOV,3.368
ROBERTO-MARCORA,2.973
JONATHAN-MRIDHA,3.367
ELIAS-YMER,2.745
CLAUDIO-GRASSI,3.818
CHRISTOFFER-SOLBERG,3.352
MARKUS-SCHULTZ,4.073
ANTE-TEPIC,3.817
ELLIOT-CARNELLO,4.366
ANTON-WAERN,4.174
PASCAL-BRUNNER,3.196
LUCAS-MIEDLER,3.162
FILIP-HAVAJ,3.628
MARIO-VILELLA-MARTINEZ,3.249
VIJAYANT-MALIK,3.599
SAKETH-MYNENI,2.947
SIDHARTH-RAWAT,3.518
ARJUN-KADHE,3.538
ELWIN-ANTONY,4.033
ASHWIN-VIJAYRAGAVAN,4.227
ALI-AL-SAYGH,3.373
CAMERON-NORRIE,3.145
SAM-MATHESON,3.423
ENRICO-BECUZZI,3.719
JAY-ANDRIJIC,3.22
SIMON-EDE,3.659
JORDAN-THOMPSON,2.868
JOHN-PEERS,3.115
LUCAS-POUILLE,2.686
JACOB-GRILLS,3.407
THANASI-KOKKINAKIS,2.675
IVAN-ARENAS-GUALDA,3.481
JULES-MARIE,3.156
TAK-KHUNN-WANG,3.472
DAVID-PEREZ-SANZ,3.609
ELIE-ROUSSET,3.315
YANNICK-JANKOVITS,3.175
CHRISTIAN-GARIN,2.927
NICOLAS-JARRY,2.945
BASTIAN-MALLA,3.526
BORNA-CORIC,2.701
DUJE-KEKEZ,3.042
MLADEN-MITAK,3.527
FABIAN-VAN-DER-LANS,3.417
JASON-JUNG,3.014
BORIS-NICOLA-BAKALOV,3.479
STEFANO-TRAVAGLIA,3.026
JUAN-IGNACIO-GALARZA,3.518
MAXIME-CHAZAL,3.133
CONNOR-GLENNON,3.318
MIGUEL-ANGEL-REYES-VARELA,3.141
NICOLAS-BARRIENTOS,3.137
JARED-HILTZIK,3.425
JUAN-ROCHA,4.155
DEITON-BAUGHMAN,3.301
YOSHIHITO-NISHIOKA,2.717
OMAR-EL-HIZAZ,3.484
MOHAMED-ALI-KRAIMI,3.532
YOUSSEF-TAMIMOUNT,3.434
MOHAMED-ADNAOUI,3.343
SOUFIANE-SAHLI,3.659
DAVID-WARREN,3.4
BAYO-PHILIPS,3.261
VULLNET-TASHI,3.66
CONNOR-CURRY,3.873
ROMAIN-ARNEODO,3.125
POL-TOLEDO-BAGUE,3.374
PATRICK-CIORCILA,4.452
MORITZ-BAUMANN,3.45
KEVIN-KACZYNSKI,4.197
MAXIMILIAN-DINSLAKEN,3.31
STEVEN-MONEKE,3.63
FELIPE-CUNHA-SILVA,3.61
ANDRE-GASPAR-MURTA,3.23
RODOLFO-PEREIRA,4.23
RICHARD-BECKER,3.084
IVAN-BJELICA,3.569
ARTHUR-DE-GREEF,3.025
JOZEF-KOVALIK,2.733
QUENTIN-HALYS,2.887
JOHAN-TATLOT,3.342
CALVIN-HEMERY,2.908
HARRY-BOURCHIER,3.197
OMAR-JASIKA,2.991
BRADLEY-MOUSLEY,3.421
WESLEY-KOOLHOF,3.276
LENNART-ZYNGA,3.448
JAMES-IRELAND,3.697
PIOTR-GADOMSKI,3.597
ROBERT-CARTER,3.628
STEFAN-STERLAND-MARKOVIC,3.476
MILES-BUGBY,3.533
ADAM-THORNTON-BROWN,3.41
VITALII-SHCHERBA,3.38
STEPHAN-FRANSEN,3.204
EVAN-HOYT,3.5
RICHARD-GABB,3.465
DANIEL-WINDAHL,3.256
JOACHIM-BJERKE,3.494
FILIP-KARLSSON,3.688
NIMA-MADANI,4.366
MORGAN-JOHANSSON,3.486
PHILIP-MOEBIUS,4.364
STEFAN-KOZLOV,2.927
JARED-DONALDSON,2.736
CHRISTO-SCHULTZ,3.818
TAKURA-HAPPY,3.283
KRASIMIR-KOLEV,3.693
VICTOR-SCHMID,3.501
ALEXANDER-MANNAPOV,3.408
ADRIANO-QUINTI,3.538
LUKAS-WINKELMANN,4.174
NICOLAS-ERNST,4.334
EMILIO-GOMEZ,2.997
EDUARDO-STRUVAY,3.106
FELIPE-ROJAS,3.928
FELIPE-MANTILLA,3.9
MARCELO-AREVALO,3.072
SERGIO-GALDOS,3.715
PEDRO-PABLO-RUIZ,4.376
MATEO-ANDRES-RUIZ-NARANJO,3.923
BARLAHAM-ZULUAGA-GAVIRIA,3.996
DANIEL-ELAHI-GALAN,3.269
FINN-MEINECKE,3.548
FLORIAN-BARTH,3.395
FREDERIK-PRESS,3.425
NATHAN-RAKITT,3.426
WILSON-LEITE,3.131
LOIC-PERRET,3.262
CARLOS-EDUARDO-SEVERINO,3.292
ALEJANDRO-MENDOZA,3.79
THIERRY-ROGGI,3.831
JACOB-KAHOUN,3.753
STEFAN-FIACAN,3.635
MIHA-MLAKAR,3.547
TOM-KOCEVAR-DESMAN,3.463
TOMISLAV-DRAGANJA,4.017
LUKA-ZANINOVIC,3.802
TILEN-ZITNIK,3.968
NINO-SERDARUSIC,3.261
ANDRES-ARCE,3.732
MATEJ-SVJETLICIC,4.547
TIHOMIR-GROZDANOV,3.706
LORENZO-GIUSTINO,2.842
JOY-VIGANI,4.705
DOMINIC-WEIDINGER,3.726
MATTHIAS-HAIM,3.818
TOMMY-MYLNIKOV,3.474
MACKENZIE-MCDONALD,2.916
ROMAIN-BOGAERTS,3.442
PEDRO-DUMONT,3.57
ADAM-LEE,3.446
KEITH-PATRICK-CROWLEY,3.632
AWS-LAARIBI,3.992
STRONG-KIRCHHEIMER,3.666
COLLIN-ALTAMIRANO,3.32
TIM-PUETZ,2.867
GAGE-BRYMER,3.466
NOAH-RUBIN,2.933
SASCHA-MEIS,3.606
HUGO-PERRIN,3.568
KAREN-KHACHANOV,2.768
KIRILL-SAPLIN,3.591
MIKHAIL-VAKS,3.586
FEDOR-CHERVYAKOV,3.368
ALEXANDER-IGOSHIN,3.375
VLADIMIR-POLYAKOV,3.529
DMITRII-DOSUZHEV,4.073
STEPAN-KHOTULEV,5.088
VLADIMIR-IVANOV,3.308
ARTUR-MADZHAR,4.367
PAVEL-ZELENKIN,4.368
TEIMOURAZ-METREVELI,4.59
VITALIY-KACHANOVSKIY,4.585
TIMUR-RAZMAITOV,4.128
LASLO-DJERE,2.935
SUK-YOUNG-JEONG,3.49
JUI-CHEN-HUNG,3.458
PUNNAKRIT-KRITAKARA,3.483
WATCHARAPHONG-IAM-LA-OR,4.573
HUFU-WANG,4.482
HYEON-CHUNG,2.772
JI-SUNG-NAM,3.353
MUHAMMAD-ASHAARI-BIN-ZAINAL-ABIDIN,3.526
ABDUL-HAZLI-ZAINUDDIN,3.441
BUMPEI-SATO,3.538
KEVIN-KUNG,3.661
BOWEN-OUYANG,3.146
HAO-ZHANG,3.464
AORAN-WANG,3.442
SIYU-LIU,3.312
ZHAO-CAI,3.513
ROMAN-JEBAVY,3.473
ILYA-VASILYEV,3.553
ALEXEY-VATUTIN,3.04
DANIIL-MEDVEDEV,2.848
ANDREY-RUBLEV,2.763
NEAL-SKUPSKI,3.422
BORIS-POKOTILOV,3.718
CONSTANT-LESTIENNE,3.122
HERKKO-POLLANEN,4.073
PHILIP-LANG,3.662
LUKAS-JASTRAUNIG,3.517
JAN-POSKOCIL,3.663
MARCO-PROCHAZKA,3.541
JOHANNES-SCHRETTER,4.298
DANIEL-EGER,4.516
MARIO-HAIDER-MAURER,3.865
OLIVER-CERANIC,4.133
MARIUS-PIMISHOFER,3.808
ERIK-CREPALDI,3.214
ANDREW-WHITTINGTON,3.044
SASI-KUMAR-MUKUND,3.389
SUMIT-NAGAL,3.517
KARIM-HOSSAM,3.5
TARO-DANIEL,2.689
ABDULLA-AL-MOHAMOUD,3.548
ABDULLAH-SHANNAN-ALHARRASI,3.433
JASSEM-AL-ZEYARA,3.535
ABDULLA-AL-JUFAIRI,3.574
RHETT-PURCELL,3.645
ENZO-COUACAUD,2.995
ALEXANDER-KLINTCHAROV,3.403
BEN-MCLACHLAN,4.02
DANIEL-BROWN,3.682
BLAZ-ROLA,2.76
GERMAIN-GIGOUNON,2.987
MARC-POLMANS,3.26
LIANG-CHI-HUANG,3.38
AKIRA-SANTILLAN,3.139
BLAKE-MOTT,3.227
LAURENT-LOKOLI,3.05
RUDY-COCO,3.532
MAXIME-JANVIER,3.295
ALESSANDRO-BEGA,4.207
BASTIEN-FAVIER,4.121
KEVIN-BOUMLIL,4.05
DIEGO-VIVES,3.645
DAVID-FLEMING,3.713
JOAO-RIQUELME,3.892
FELIPE-GARCES,4.525
MYROHN-MIRANDA,3.471
STEFANO-NAPOLITANO,3.143
GIANLUIGI-QUINZI,3.178
ADRIAN-SIKORA,3.224
SALVATORE-CARUSO,3.065
DAVID-SOUTO,3.329
HUGO-DELLIEN,3.416
JOAN-MARC-GRIMAL-FERRER,3.326
IAN-CHADWELL,3.497
CEDRIC-DE-ZUTTER,3.465
DAVID-OLEARY,4.317
PEDRO-SAKAMOTO,3.602
IVAN-ENDARA,3.354
ZACHARY-PELTS,3.441
DANIEL-KERZNERMAN,3.432
ALVARO-OCHOA,4.353
JAKUB-WOJCIK,4.389
CHIEH-FU-WANG,3.81
MARCELO-ZORMANN,3.53
TIGRE-HANK,3.196
ALEXANDRE-TSUCHIYA,3.526
JOAO-WALENDOWSKY,3.593
IDIO-ESCOBAR,3.503
CHARLES-COSTA,3.892
EDUARDO-DISCHINGER,4.131
MARCOS-VINICIUS--DIAS,3.844
OSNI-JUNIOR,4.592
VICTOR-HUGO-PORTUGAL-PEREIRA,3.763
NIZAR-BELMATI,3.503
SRIKAR-ALLA,3.53
ADAM-GUSTAVSSON,4.529
ANDREI-PATRUI,3.424
ANDRAS-SZEKELY,3.465
ADRIAN-OBERT,3.521
DUARTE-VALE,3.345
DAVID-VEGA-HERNANDEZ,3.329
ALESSANDRO-PETRONE,3.497
EDUARDO-LAMEIRAS,3.671
MATTEO-DONATI,2.886
MANUEL-PENA-LOPEZ,3.451
SCOTT-NICOLAS,3.863
PHILIPP-SCHOLZ,3.904
MATS-MORAING,3.198
MATTHIAS-WUNNER,3.981
REMI-BOUTILLIER,3.065
MYLES-ORTON,3.443
HARRY-SKINNER,3.465
ALEXANDER-JHUN,3.83
MICHAEL-GRANT,3.464
SANDER-GROEN,3.81
JATHAN-MALIK,3.589
SCOTT-CLAYTON,3.562
HENRIK-SILLANPAA,3.612
MIKAEL-YMER,3.143
CARL-SODERLUND,3.407
GUSTAV-HANSSON,4.148
GERARDO-LOPEZ-VILLASENOR,3.48
SARVAR-IKRAMOV,3.823
SANDOR-NOSZALY,3.88
JAN-CHOINSKI,3.153
JONAS-LUETJEN,3.465
JOAO-PEDRO-SORGI,3.703
ISA-MAMMETGULYYEV,3.688
SEBASTIAN-BUEHLER,4.051
JOSE-FERNANDO-CARVAJAL-TORRES,3.969
PABLO-TELLEZ,4.072
MANUEL-ARIAS,4.054
STEFFEN-ZORNOSA,4.268
SEBASTIAN-LOPEZ,4.183
JUAN-ESPINEL,4.922
JUAN-MONTES,3.885
TIM-NEKIC,3.509
NICO-MATIC,3.44
LUKAS-RUEPKE,3.744
DEMIAN-RAAB,3.425
FACUNDO-MENA,3.374
RYAN-SHANE,3.152
BECKER-OSHAUGHNESSEY,3.614
FRANCES-TIAFOE,2.895
KOREY-LOVETT,4.373
FEDERICO-ZEBALLOS,3.735
JESSY-KALAMBAY,3.58
VADIM-ALEKSEENKO,3.269
DANIEL-VALENT,3.632
GLEB-ALEKSEENKO,3.464
SIMEON-ROSSIER,3.89
MATIJA-PECOTIC,3.385
NIKOLAS-WALTERSCHEID-TUKIC,3.514
MILE-CILIC,4.017
TOMISLAV-TERNAR,3.966
STJEPAN-CAGALJ,3.566
DEKEL-BAR,3.733
ALEXANDER-ERLER,3.515
JORDI-ARCONADA,3.264
JUSTIN-S-SHANE,4.012
BRAYDEN-SCHNUR,3.06
ERIC-VEHOVEC,3.498
DAVID-VOLFSON,3.365
DEVIN-MCCARTHY,3.465
JONATHAN-HO,3.882
QUINNTON-VEGA,4.881
ANTHONY-DELCORE,4.006
MAKSIM-KAN,3.749
ERNESTO-ESCOBEDO,2.954
TAYLOR-FRITZ,2.765
CORENTIN-MOUTET,3.332
GREGOIRE-BARRERE,3.015
SAM-BARRY,3.254
KARL-WEGNER,4.323
JAN-OLIVER-SADLOWSKI,3.568
TAKUTO-NIKI,3.115
HAO-SHENG-KOAY,3.515
STEFAN-MERUNKA,3.897
JOE-COOPER,4.897
MITHUN-MURALI,4.314
RIGELE-TE,3.415
JIACHENG-ZHU,3.645
ZHUOYANG-QIU,3.374
ZHUO-ZHANG,3.808
YECONG-HE,3.364
ZHICHENG-ZHU,3.412
XIAO-GONG,4.374
ZHAO-TAI-LI,4.441
YUSUKE-WATANUKI,3.475
YUSUKE-TAKAHASHI,3.417
NAOKI-NAKAGAWA,3.916
ZHAOYI-CAO,3.59
YARASLAV-SHYLA,3.298
ALEXANDER-BUBLIK,3.201
CARLOS-GARCIA-VILLANUEVA,3.515
VINAYAK-SHARMA-KAZA,3.264
RASWANT-RAVI,3.742
RAHUL-ROBINSON-MANOAH,3.584
FAHAD-MOHAMMED,4.388
LAKSHIT-SOOD,4.195
NIKI-KALIYANDA-POONACHA,3.979
SURAJ-R-PRABODH,4.069
CHANDRIL-SOOD,3.808
YAHOR-YATSYK,3.722
ISSA-SHANAN-AL-HARRASI,3.766
CHRISTOPHER-OCONNELL,3.514
ADAM-PAVLASEK,2.909
THOMAS-LAURENT,3.682
GEOFFREY-BLANCANEAUX,3.442
CLAUDIO-FORTUNA,3.478
GONZALO-ESCOBAR,3.486
MAURICIO-ECHAZU,3.993
PEDRO-BERNARDI,4.049
RYUSEI-MAKIGUCHI,3.802
DOMAGOJ-BILJESKO,3.82
MICHAEL-MMOH,2.96
DANIEL-NGUYEN,3.059
JARRYD-WOOG,3.465
GUY-DEN-HEIJER,3.563
JELLE-SELS,3.339
NIELS-LOOTSMA,3.512
FABRICIO-NEIS,3.621
CAIO-SILVA,3.645
MARTIN-CUEVAS,3.601
NICOLAS-KICKER,3.028
TEMUR-ISMAILOV,3.569
PATRICK-DACIEK,3.651
LANCE-COHEN,3.821
JAUME-PLA-MALFEITO,3.447
THALES-TURINI,4.01
ALAN-NUNEZ-AGUILERA,3.932
THEO-FOURNERIE,3.538
ANTONIONI-FASANO,3.562
AITOR-ARAMBURU,3.649
FRANCISCO-BAHAMONDE,4.139
LUCIANO-DORIA,3.645
FRANCO-FEITT,3.744
HERNAN-CASANOVA,3.608
MARTIN-RONDINA,3.744
MAURICIO-PEREZ-MOTA,4.049
JUAN-MANUEL-MATUTE,5.139
JUAN-IGNACIO-ILIEV,3.802
YOUNG-SEOK-KIM,4.416
PEDRO-CACHIN,3.091
JUAN-PABLO-PAZ,3.757
MATIAS-RODOLFO-BUCHHASS,3.484
JEAN-MARC-WERNER,3.327
MEHDI-JDI,4.025
MAXIME-HAMOU,3.426
FLORENT-DIEP,4.09
TAHA-TIFNOUTI,3.729
LUCAS-CATARINA,3.376
JAUME-MUNAR,2.974
EDUARD-GUELL-BARTRINA,3.515
VASILE-ANTONESCU,3.472
VICTOR-VLAD-CORNEA,3.558
BOGDAN-IONUT-APOSTOL,3.698
YANNICK-THIVANT,3.719
NUNO-DEUS,3.526
JORDI-MUNOZ-ABREU,4.328
GONCALO-ANDRADE,4.329
TIAGO-LOURENCO,3.681
JOAO-ANTONIO,5.327
MIGUEL-SEMEDO,4.718
CEM-ILKEL,3.071
EFE-YURTACAN,3.541
BARKIN-YALCINKALE,3.674
ALTUG-CELIKBILEK,3.671
TUNA-ALTUNA,3.706
SARP-AGABIGUN,3.752
ALEKSANDRE-METREVELI,3.393
DIMITAR-KUZMANOV,3.325
ROBERTO-AFFONSO,3.733
LOUIS-WESSELS,3.329
ALEXANDER-BRAUN,4.732
JOHANNES-HAERTEIS,3.429
SEBASTIAN-PRECHTEL,3.441
GIANLUCA-MAGER,3.36
SEVAN-KELPETINDJIAN,3.5
GONCALO-OLIVEIRA,3.471
NICOLAS-DANIEL-OLGUIN,3.659
MAX-DE-VROOME,3.669
TOM-SCHONENBERG,3.514
CONNOR-SMITH,3.673
ALEXANDER-SARKISSIAN,2.951
DMITRO-KAMYNIN,3.904
ARTHUR-SURREAUX,3.693
NICHOLAS-S-HU,4.384
TOM-JOMBY,4.043
DRAGOS-NICOLAE-MADARAS,3.498
DANIEL-APPELGREN,3.7
ROBIN-STANEK,3.595
SAM-TAYLOR,4.298
ANDRE-GORANSSON,4.073
OSCAR-MESQUIDA-BERG,4.023
STEFAN-LINDMARK,3.528
ALEJANDRO-GOMEZ,3.32
JUAN-SEBASTIAN-GOMEZ,3.474
RICARDO-PABON-CUESTA,3.459
DANIEL-MORA,4.106
JOSE-DANIEL-BENDECK,3.895
JESUS-FRANCISCO-FELIX,3.997
JUAN-JOSE-MATEUS-RUBIANO,4.473
RODRIGO-ECHAVARRIA,4.885
CAMILO-ANDRES-ERAZO,4.183
DMITRY-SURCHENKO,3.668
FRAN-ZVONIMIR-ZGOMBIC,3.605
PIETRO-LICCIARDI,3.732
PATRIK-SUDIC,4.527
DENIS-BEJTULAHI,3.9
TRENT-BRYDE,3.472
EVAN-SONG,3.554
TOMMY-PAUL,2.936
WALKER-DUNCAN,3.935
REILLY-OPELKA,2.946
TOMAS-LIPOVSEK-PUCHES,3.304
DANIEL-MASUR,3.609
LENNY-HAMPEL,3.307
JANNIS-LINIGER,3.505
FRANCOIS-ARTHUR-VIBERT,4.195
ISADE-JUNEAU,3.431
SKANDER-MANSOURI,3.734
KEIVON-TABRIZI,3.671
CHRISTIAN-SERAPHIM,4.3
SAM-BLOOM,3.895
DAMON-GOOCH,4.733
JAN-SATRAL,3.07
SADIO-DOUMBIA,3.329
GREGOIRE-JACQ,4.121
TERI-GROLL,3.435
EVGENY-TYURNEV,3.259
KIRILL-KIVATTSEV,3.425
ALEXANDER-PERFILOV,3.497
ALEKSEI-KHOMICH,4.307
PAVEL-SHCHAYA-ZUBROV,4.368
ALEXANDER-OVCHAROV,4.374
VITALY-KOZYUKOV,4.026
PHILIPP-KLIMOV,4.148
CONGSUP-CONGCAR,3.526
CHEONG-EUI-KIM,3.584
CHRISTIAN-OLIVER-LEE,3.916
ZACH-ITZSTEIN,4.316
EDWARD-BOURCHIER,4.196
ROY-HOBBS,3.682
FAJING-SUN,3.344
NICHOLAS-REYES,3.485
HAITONG-XIA,3.644
DUCKHEE-LEE,3.185
LONG-CHEN,4.114
CHUNG-HYO-WOO,4.053
IVAN-DENISOV,3.592
FILIP-HORANSKY,3.686
BERNABE-ZAPATA-MIRALLES,3.41
MAGNUS-ERIKSSON,3.693
DMYTRO-BADANOV,4.406
ANTOINE-BELLIER,3.282
CARLOS-TABERNER,3.474
IVAN-GAKHOV,3.512
NICOLA-KUHN,3.458
JORDAN-CORREIA,4.474
PEDRO-MARTINEZ,3.586
OLIVER-ANDERSON,3.242
MUBARAK-SHANNAN-ZAYID,3.582
ALEKSANDAR-VUKIC,3.429
MAYEZ-JUPITER-ELRICH,3.593
BLADE-FONG,3.464
ALEX-DE-MINAUR,3.869
DMITRY-POPKO,3.225
ROBERTO-QUIROZ,3.489
ALEXANDAR-LAZAROV,3.506
TALLON-GRIEKSPOOR,3.431
TIM-VAN-RIJTHOVEN,3.364
EDOARDO-TESSARO,3.771
CLEMENT-LARRIERE,3.465
ORLANDO-LUZ,3.58
LUCAS-GOMEZ,3.405
HANS-HACH-VERDUGO,3.513
ANDRES-ZEPEDA,3.95
ROY-DE-VALK,3.685
CASPER-RUUD,3.334
AMINE-AHOUDA,3.497
FLORIAN-VALSOT,3.671
BOGDAN-BORZA,3.705
ALVARO-LOPEZ-SAN-MARTIN,3.461
GEORGI-RUMENOV-PAYAKOV,3.603
LORENZO-SONEGO,3.509
OMAR-GIACALONE,3.569
ANDREA-VAVASSORI,3.651
JOHAN-NIKLES,3.29
CORENTIN-DENOLLY,3.942
VIKTOR-DURASOVIC,3.657
RYAN-JAMES-STORRIE,3.53
JAY-CLARKE,3.772
LLOYD-GLASSPOOL,3.575
ILYA-IVASHKA,3.23
MARKO-TEPAVAC,3.31
SCOTT-GRIEKSPOOR,3.684
MARCO-BORTOLOTTI,3.704
MARVIN-MOELLER,3.526
ROCCO-SAVIN,4.173
DENIS-SHAPOVALOV,3.366
NIKITA-GIREY--DEMIR,3.772
ULISES-BLANCH,3.653
LEON-VESSELS,3.953
JACK-MINGJIE-LIN,3.498
CHRISTIAN-LAKOSELJAC,3.735
BENJAMIN-SIGOUIN,3.649
FELIX-AUGER-ALIASSIME,3.653
FERNANDO--CABRERA,3.932
CARLOS-RAMIREZ-UTERMANN,3.938
JUAN-IGNACIO-BATALLA,4.134
PETROS-CHRYSOCHOS,3.383
DENNIS-USPENSKY,3.872
YANNIK-REUTER,3.584
JORIS-DE-LOORE,3.427
THAI-SON-KWIATKOWSKI,3.688
VASIL-KIRKOV,4.583
ADRIAN-ANDREEV,3.435
JULIEN-DUBAIL,3.574
MAXIM-KRAVTSOV,3.441
SOON-WOO-KWON,3.567
SU-HAO-ZHONG,3.885
MIKOLAJ-BORKOWSKI,3.742
YOSUKE-WATANUKI,3.439
YANNICK-MADEN,3.368
ZIZOU-BERGS,3.603
VACLAV-SAFRANEK,3.506
STEFANOS-TSITSIPAS,3.266
SEBASTIAN-OFNER,3.466
