ROGER-FEDERER,0.005355349
DAVID-FERRER,0.004415887
RAFAEL-NADAL,0.004170835
MIKHAIL-YOUZHNY,0.003964673
TOMMY-ROBREDO,0.003890269
NOVAK-DJOKOVIC,0.003811031
TOMAS-BERDYCH,0.003785285
TOMMY-HAAS,0.003770348
FELICIANO-LOPEZ,0.003746931
FERNANDO-VERDASCO,0.003600317
NIKOLAY-DAVYDENKO,0.003573815
LLEYTON-HEWITT,0.003497419
JARKKO-NIEMINEN,0.00346503
ANDY-MURRAY,0.003431877
PAUL-HENRI-MATHIEU,0.003355857
CARLOS-MOYA,0.00335436
ANDY-RODDICK,0.003319471
RICHARD-GASQUET,0.003286812
RADEK-STEPANEK,0.003278076
PHILIPP-KOHLSCHREIBER,0.003248538
RAINER-SCHUETTLER,0.003211439
JURGEN-MELZER,0.003198073
GILLES-SIMON,0.003180496
IVAN-LJUBICIC,0.003116067
JUAN-CARLOS-FERRERO,0.003089081
IVO-KARLOVIC,0.003060289
GUILLERMO-GARCIA-LOPEZ,0.003027051
NICOLAS-ALMAGRO,0.00301405
ARNAUD-CLEMENT,0.00300041
STAN-WAWRINKA,0.002990992
DOMINIK-HRBATY,0.002954732
ANDREAS-SEPPI,0.002943922
ALBERT-MONTANES,0.002888315
MARIN-CILIC,0.00288149
MARAT-SAFIN,0.002866886
MISCHA-ZVEREV,0.002857495
JUAN-MONACO,0.002827149
JAMES-BLAKE,0.002773848
GAEL-MONFILS,0.00276785
TIM-HENMAN,0.002738089
JUAN-IGNACIO-CHELA,0.002703338
SERGIY-STAKHOVSKY,0.002698632
XAVIER-MALISSE,0.002683069
VIKTOR-TROICKI,0.002676704
FABRICE-SANTORO,0.002657829
FABIO-FOGNINI,0.002651098
ALBERTO-MARTIN,0.002622298
NICOLAS-LAPENTTI,0.002616751
VINCENT-SPADEA,0.002609964
MICHAEL-BERRER,0.002594412
NICOLAS-KIEFER,0.002589049
JONAS-BJORKMAN,0.002564617
JO-WILFRIED-TSONGA,0.002547069
JULIEN-BENNETEAU,0.002520705
TEYMURAZ-GABASHVILI,0.002514501
KEVIN-ANDERSON,0.002505189
MARCOS-BAGHDATIS,0.002496841
OLIVIER-ROCHUS,0.002474394
KEI-NISHIKORI,0.002472851
SAM-QUERREY,0.002468717
VICTOR-HANESCU,0.002455196
SEBASTIEN-GROSJEAN,0.002441205
THOMAS-JOHANSSON,0.002439332
MARCEL-GRANOLLERS,0.002437227
JOHN-ISNER,0.002418324
BENJAMIN-BECKER,0.002408555
NICOLAS-MASSU,0.002398615
IGOR-ANDREEV,0.002396672
DMITRY-TURSUNOV,0.002376802
FERNANDO-GONZALEZ,0.002373295
ALEJANDRO-FALLA,0.002369871
DAVID-NALBANDIAN,0.00236821
ANDREI-PAVEL,0.002362068
MARDY-FISH,0.002348753
YEVGENY-KAFELNIKOV,0.002347378
FILIPPO-VOLANDRI,0.002345326
RAJEEV-RAM,0.002336014
JEREMY-CHARDY,0.002323513
NICOLAS-MAHUT,0.002323441
ROBBY-GINEPRI,0.002297208
DONALD-YOUNG,0.002294418
JANKO-TIPSAREVIC,0.00225711
SANTIAGO-GIRALDO,0.002244879
STEFAN-KOUBEK,0.002239045
DANIEL-GIMENO-TRAVER,0.0022021
ANDRE-AGASSI,0.002187081
FLORENT-SERRA,0.002183688
DENIS-ISTOMIN,0.002181933
ALBERT-RAMOS-VINOLAS,0.002172577
FLORIAN-MAYER,0.002170421
EDOUARD-ROGER-VASSELIN,0.002167945
JAN-HERNYCH,0.002164822
JUAN-MARTIN-DEL-POTRO,0.002156258
ERNESTS-GULBIS,0.002150174
GUSTAVO-KUERTEN,0.002149287
LUKASZ-KUBOT,0.002145057
JIRI-NOVAK,0.002133113
ROBIN-HAASE,0.002132481
THOMAZ-BELLUCCI,0.00212813
GASTON-GAUDIO,0.002114881
GREG-RUSEDSKI,0.002106495
SIMONE-BOLELLI,0.002106341
ALEXANDR-DOLGOPOLOV,0.002092341
ANDREY-GOLUBEV,0.00206098
YEN-HSUN-LU,0.002020878
GUILLERMO-CANAS,0.002016403
MAX-MIRNYI,0.002014363
PABLO-ANDUJAR,0.002009638
MICHAEL-LLODRA,0.002005967
PABLO-CUEVAS,0.00199373
ROBIN-SODERLING,0.00198988
MIKHAIL-KUKUSHKIN,0.001986334
ROBERTO-BAUTISTA-AGUT,0.001985809
ALBERT-COSTA,0.00198359
FELIX-MANTILLA,0.001952351
TOBIAS-KAMKE,0.001947428
POTITO-STARACE,0.001943306
GILLES-MULLER,0.001923933
DAVIDE-SANGUINETTI,0.001915595
IVAN-DODIG,0.00191141
SJENG-SCHALKEN,0.001902933
ADRIAN-MANNARINO,0.001896971
ALEX-CORRETJA,0.001889129
MILOS-RAONIC,0.001875613
GRIGOR-DIMITROV,0.001872819
MICHAEL-RUSSELL,0.001870641
RYAN-HARRISON,0.001868497
THOMAS-ENQVIST,0.00185644
ALEX-BOGOMOLOV-JR,0.001849136
LUKAS-ROSOL,0.001842521
MICHAL-PRZYSIEZNY,0.001838174
MARIANO-ZABALETA,0.001806178
DANIEL-BRANDS,0.001800546
BJORN-PHAU,0.001800358
RUBEN-RAMIREZ-HIDALGO,0.001798274
JAN-MICHAEL-GAMBILL,0.001798178
CHRISTOPHE-ROCHUS,0.001789216
MARSEL-ILHAN,0.001784413
ILLYA-MARCHENKO,0.001778752
KENNETH-CARLSEN,0.001775448
AGUSTIN-CALLERI,0.001775018
TIM-SMYCZEK,0.001774365
MATTHIAS-BACHINGER,0.001766005
FERNANDO-VICENTE,0.001757353
PARADORN-SRICHAPHAN,0.001753369
MARCO-CHIUDINELLI,0.001743061
JOSE-ACASUSO,0.001722797
MAGNUS-NORMAN,0.001719492
ALBERT-PORTAS,0.001717924
RICARDAS-BERANKIS,0.001701457
MARK-PHILIPPOUSSIS,0.001691172
BENOIT-PAIRE,0.001675568
JOAO-SOUSA,0.001674542
FLAVIO-CIPOLLA,0.001661667
DUSAN-LAJOVIC,0.001661606
MARCELO-RIOS,0.001659263
IGOR-KUNITSYN,0.001655683
CARLOS-BERLOCQ,0.001652679
EVGENY-KOROLEV,0.001648686
WAYNE-FERREIRA,0.001643964
HICHAM-ARAZI,0.001642465
DAVID-GOFFIN,0.001642185
BERNARD-TOMIC,0.001626966
MARINKO-MATOSEVIC,0.001621507
KAROL-KUCERA,0.001618627
MARC-GICQUEL,0.001598738
DUSTIN-BROWN,0.001595644
YOUNES-EL-AYNAOUI,0.001578752
RIK-DE-VOEST,0.001576197
PHILIPP-PETZSCHNER,0.001567515
GO-SOEDA,0.001565847
LEONARDO-MAYER,0.001553046
FRANCISCO-CLAVET,0.001552863
BOHDAN-ULIHRACH,0.001547161
RUBEN-BEMELMANS,0.001516163
SARGIS-SARGSIAN,0.0015157
MATTHEW-EBDEN,0.001511773
DUDI-SELA,0.001506146
FRANK-DANCEVIC,0.001506039
MARIO-ANCIC,0.00150106
STEVE-DARCIS,0.00149517
GEORGE-BASTL,0.001492544
SOMDEV-DEVVARMAN,0.001488656
FEDERICO-DELBONIS,0.001478019
KENNY-DE-SCHEPPER,0.001474249
MARC-ROSSET,0.00145986
TATSUMA-ITO,0.001458418
LUKAS-LACKO,0.001447162
THIEMO-DE-BAKKER,0.001446935
MICHAEL-CHANG,0.001438838
GUILLERMO-CORIA,0.001430822
MARTIN-KLIZAN,0.001425752
TAYLOR-DENT,0.001423467
ALJAZ-BEDENE,0.001422425
PAOLO-LORENZI,0.001420381
PETE-SAMPRAS,0.001414965
PAUL-CAPDEVILLE,0.001408768
VASEK-POSPISIL,0.001390769
PATRICK-RAFTER,0.001383339
HORACIO-ZEBALLOS,0.001382153
ALEX-KUZNETSOV,0.001371187
ANDREY-KUZNETSOV,0.001366058
YUICHI-SUGITA,0.001362
CEDRIC-PIOLINE,0.001356073
IVAN-NAVARRO,0.001355384
WAYNE-ARTHURS,0.001354971
EVGENY-DONSKOY,0.001352027
DENIS-KUDLA,0.001349658
IGOR-SIJSLING,0.001325118
GALO-BLANCO,0.001307957
GORAN-IVANISEVIC,0.001294597
FRANCO-SQUILLARI,0.001283869
BLAZ-KAVCIC,0.001278361
JAMES-WARD,0.001276085
LUIS-HORNA,0.001272202
STEVE-JOHNSON,0.001269933
KEVIN-KIM,0.001268485
MAXIMO-GONZALEZ,0.001266984
DANIEL-MUNOZ-DE-LA-NAVA,0.001262714
RICARDO-MELLO,0.001260883
MARTIN-FISCHER,0.001247659
JEROME-GOLMARD,0.001244024
JUSTIN-GIMELSTOB,0.001240224
FRED-GIL,0.001239469
MARIUS-COPIL,0.001239384
JAN-LENNARD-STRUFF,0.001239222
TODD-MARTIN,0.001232619
STEPHANE-ROBERT,0.001228101
HYUNG-TAIK-LEE,0.001222302
JACK-SOCK,0.001220605
JOAO-SOUZA,0.001214368
JERZY-JANOWICZ,0.001210152
PIERRE-HUGUES-HERBERT,0.001209166
RYAN-SWEETING,0.00120816
BOBBY-REYNOLDS,0.001198234
FERNANDO-MELIGENI,0.001185335
NICOLAS-ESCUDE,0.001184954
PERE-RIBA,0.001184949
CHRIS-GUCCIONE,0.001183675
OSCAR-HERNANDEZ,0.001180279
WAYNE-ODESNIK,0.001179883
ANDRE-SA,0.001169894
DOMINIC-THIEM,0.00116894
FACUNDO-BAGNIS,0.00116656
LARS-BURGSMULLER,0.00115775
JESSE-LEVINE,0.001153375
THOMAS-FABBIANO,0.001140466
ANTONIO-VEIC,0.00113871
GREGA-ZEMLJA,0.001137208
VINCENT-MILLOT,0.001135113
PABLO-CARRENO-BUSTA,0.001133275
JIRI-VANEK,0.001128431
RICHARD-KRAJICEK,0.001127447
KAROL-BECK,0.001112208
PETER-POLANSKY,0.001104148
RADU-ALBOT,0.00110222
IVO-MINAR,0.001099638
ALEXANDER-KUDRYAVTSEV,0.00109939
MARIANO-PUERTA,0.001093064
ROBERT-KENDRICK,0.001091092
PETER-LUCZAK,0.001090346
ANTONY-DUPUIS,0.00108606
RAMON-DELGADO,0.001080749
INIGO-CERVANTES,0.001075783
KONSTANTIN-KRAVCHUK,0.00107549
BYRON-BLACK,0.001075445
JUAN-ANTONIO-MARIN,0.001075356
KRISTOF-VLIEGEN,0.001073353
OLIVER-MARACH,0.001071618
JEFF-TARANGO,0.001064361
ANDREAS-HAIDER-MAURER,0.001058852
ANDREAS-BECK,0.0010501
ALEXANDER-PEYA,0.001042133
SAM-GROTH,0.001041383
JULIAN-REISTER,0.001031903
RAEMON-SLUITER,0.00102551
HAREL-LEVY,0.001017686
ILIJA-BOZOLJAC,0.001016995
MIKHAIL-LEDOVSKIKH,0.001014335
PETER-GOJOWCZYK,0.00101398
JIMMY-WANG,0.001005868
DAVID-PRINOSIL,0.001004918
ANDREA-GAUDENZI,0.00100443
SIMON-STADLER,0.000999367
GASTAO-ELIAS,0.000998196
SIMON-GREUL,0.000989743
EDUARDO-SCHWANK,0.000982765
ADRIAN-UNGUR,0.000978532
JAN-SIEMERINK,0.000975703
KARIM-ALAMI,0.000975437
CECIL-MAMIIT,0.000973635
HENRI-LAAKSONEN,0.000971616
ADRIAN-VOINEA,0.000971392
MAGNUS-GUSTAFSSON,0.000971063
ANDREI-MEDVEDEV,0.000968982
JAN-HAJEK,0.000967378
MALEK-JAZIRI,0.000960631
VICTOR-CRIVOI,0.000958582
DAVID-SANCHEZ,0.000942716
FRANTISEK-CERMAK,0.00092759
PAUL-GOLDSTEIN,0.000922623
ROGERIO-DUTRA-SILVA,0.000918555
SERGEI-BUBKA,0.000911028
JAMES-DUCKWORTH,0.000901058
GIANLUCA-NASO,0.000899184
ALBERTO-BERASATEGUI,0.000898474
DANAI-UDOMCHOKE,0.000896003
LUKAS-DLOUHY,0.000893177
OLIVIER-PATIENCE,0.000890792
CYRIL-SAULNIER,0.000886388
ALEXANDER-ZVEREV,0.000885044
AMER-DELIC,0.00088348
DENIS-GREMELMAYR,0.000876733
FRANKO-SKUGOR,0.000876579
BORIS-PASHANSKI,0.000876297
DAMIR-DZUMHUR,0.000875614
JESSE-HUTA-GALUNG,0.000872327
JOSSELIN-OUANNA,0.000871375
NIKOLA-MEKTIC,0.000867376
ADRIAN-MENENDEZ-MACEIRAS,0.000867132
TOMAS-ZIB,0.000865234
ANDREA-ARNABOLDI,0.000864176
ANDREW-ILIE,0.000863295
LUCAS-POUILLE,0.000862384
SERGI-BRUGUERA,0.000861814
MARCO-CECCHINATO,0.00086171
JEAN-RENE-LISNARD,0.000859385
RICHARD-FROMBERG,0.000858474
JURGEN-ZOPP,0.000857581
ALEX-CALATRAVA,0.000854584
JIRI-VESELY,0.000851077
FARRUKH-DUSTOV,0.000848921
YURI-SCHUKIN,0.000847437
ANDREAS-VINCIGUERRA,0.000842743
SANTIAGO-VENTURA,0.000842094
ALEJANDRO-GONZALEZ,0.000840884
DANIEL-VACEK,0.000833371
DUSAN-VEMIC,0.000828159
DIEGO-SCHWARTZMAN,0.000826606
NICOLAS-DEVILDER,0.000824796
WESLEY-MOODIE,0.000820594
MICHAEL-YANI,0.000816323
FILIP-KRAJINOVIC,0.000815927
MAGNUS-LARSSON,0.000814055
MARTIN-DAMM,0.000813694
GIANLUCA-POZZI,0.000808631
VICTOR-ESTRELLA-BURGOS,0.000805774
JASON-STOLTENBERG,0.000803096
MIKAEL-TILLSTROM,0.000800756
GUIDO-PELLA,0.000798548
DAVID-GUEZ,0.000794537
MIKHAIL-ELGIN,0.000780074
MICHEL-KRATOCHVIL,0.000778787
GERALD-MELZER,0.000778334
SLAVA-DOSEDEL,0.000777127
NOAM-OKUN,0.000776873
GIOVANNI-LAPENTTI,0.000768618
CHRIS-WOODRUFF,0.000766534
SIMONE-VAGNOZZI,0.000761588
IVO-KLEC,0.000761576
MATTEO-VIOLA,0.000759503
ALEXANDRE-SIDORENKO,0.00075712
LUKA-GREGORC,0.000755889
SCOTT-DRAPER,0.000752972
BRENDAN-EVANS,0.000752553
ARNAUD-DI-PASQUALE,0.000749796
DAVID-MARRERO,0.000746318
ROHAN-BOPANNA,0.000744438
ANTE-PAVIC,0.000742191
FLAVIO-SARETTA,0.000741057
MARTON-FUCSOVICS,0.000738651
SEBASTIEN-DE-CHAUNAC,0.000729672
PHILIPP-OSWALD,0.000729608
KRISTIAN-PLESS,0.000727695
WOONG-SUN-JUN,0.00072639
DIEGO-JUNQUEIRA,0.00072549
THIERRY-ASCIONE,0.000723562
MIRZA-BASIC,0.000716952
MARTIN-VASSALLO-ARGUELLO,0.000716565
JOHN-PATRICK-SMITH,0.000716002
JOHN-MILLMAN,0.000713034
JUAN-PABLO-BRZEZICKI,0.000712408
TARO-DANIEL,0.000712324
JOHN-VAN-LOTTUM,0.000710971
IRAKLI-LABADZE,0.000709031
AUSTIN-KRAJICEK,0.000708288
FREDERIK-NIELSEN,0.000701488
STEPHANE-BOHLI,0.000696793
ALEX-BOGDANOVIC,0.000693819
PETR-KORDA,0.00068858
SCOTT-LIPSKY,0.000684182
NIKOLOZ-BASILASHVILI,0.000683859
DANIEL-EVANS,0.000682187
ROKO-KARANUSIC,0.000681936
JAVIER-SANCHEZ,0.000679315
CHRISTIAN-RUUD,0.000673098
MICHAEL-LAMMER,0.00067304
JIM-COURIER,0.000665895
GUILLAUME-RAOUX,0.000663574
DOMINIK-MEFFERT,0.000663161
TODD-WOODBRIDGE,0.000661942
MARK-WOODFORDE,0.000657556
FACUNDO-ARGUELLO,0.000655764
NICK-KYRGIOS,0.000655674
JULIEN-BOUTTER,0.000654729
LAURENT-RECOUDERC,0.000653923
RUI-MACHADO,0.000653046
MICHAL-MERTINAK,0.000651198
MARC-KEVIN-GOELLNER,0.000650735
BORNA-CORIC,0.000639913
PRAKASH-AMRITRAJ,0.000639866
AISAM-UL-HAQ-QURESHI,0.000637952
GUILLAUME-RUFIN,0.000637458
PETER-WESSELS,0.000635235
THANASI-KOKKINAKIS,0.000633897
RENZO-OLIVO,0.00063262
SEBASTIEN-LAREAU,0.000626893
THOMAS-MUSTER,0.000622878
THOMAS-SCHOOREL,0.000622383
HIROKI-MORIYA,0.000621815
SANTIAGO-GONZALEZ,0.000614004
GREG-JONES,0.000612156
MARKUS-HIPFL,0.000609552
NIELS-DESEIN,0.000608695
DANIEL-NESTOR,0.000607678
MARCO-TRUNGELLITI,0.000606331
LUCA-VANNI,0.000603845
JOACHIM-JOHANSSON,0.000602033
ANDRE-GHEM,0.000601583
JARED-DONALDSON,0.000600207
JAN-MERTL,0.000598011
ALEXANDER-WASKE,0.0005968
JENS-KNIPPSCHILD,0.000592183
JAMIE-BAKER,0.000588617
TOMAS-BEHREND,0.000586992
THIAGO-ALVES,0.00058423
MARC-LOPEZ,0.000581046
PHILLIP-KING,0.000580382
CEDRIK-MARCEL-STEBE,0.000578627
STEFANO-GALVANI,0.000577305
JAN-KROSLAK,0.000575729
MARTIN-VERKERK,0.000575186
FRANK-MOSER,0.000574939
JULIAN-ALONSO,0.000574404
NORBERT-GOMBOS,0.00057135
IZAK-VAN-DER-MERWE,0.000569715
HERNAN-GUMY,0.000568841
JOSEPH-SIRIANNI,0.000568725
YOSHIHITO-NISHIOKA,0.000567644
ADRIEN-BOSSEL,0.000567475
IVO-HEUBERGER,0.000567467
LOUK-SORENSEN,0.000566816
DENYS-MOLCHANOV,0.000566787
VLADIMIR-VOLTCHKOV,0.000566735
YANNICK-MERTENS,0.000564728
JOZEF-KOVALIK,0.000562729
YANN-MARTI,0.000560899
ARTEM-SITAK,0.000560602
MICHAEL-KOHLMANN,0.000555601
JAN-VACEK,0.000551389
GUILHERME-CLEZAR,0.000550975
JESSE-WITTEN,0.000540831
DIETER-KINDLMANN,0.000538421
MICHAEL-VENUS,0.000537118
DICK-NORMAN,0.000536034
ALEXANDER-POPP,0.000534627
AMIR-WEINTRAUB,0.000534323
ALESSANDRO-GIANNESSI,0.000534059
RICARDO-HOCEVAR,0.000531531
CARLOS-COSTA,0.000529984
PAVOL-CERVENAK,0.000528885
WAYNE-BLACK,0.000528227
HUGO-ARMANDO,0.000525976
ROBERT-FARAH,0.000521965
MARCOS-DANIEL,0.000521876
MARTIN-ALUND,0.000518914
ROBERTO-CARBALLES-BAENA,0.000513618
ALESSIO-DI-MAURO,0.000511551
DENNIS-VAN-SCHEPPINGEN,0.000511526
PAUL-HAARHUIS,0.000506051
DANIEL-KOELLERER,0.000504967
BRETT-STEVEN,0.000502466
ZE-ZHANG,0.000501575
VALERY-RUDNEV,0.00050068
FILIP-PRPIC,0.000500092
JAVIER-MARTI,0.000499452
NENAD-ZIMONJIC,0.000496754
YUKI-BHAMBRI,0.000495446
ERIK-CHVOJKA,0.000489586
JAMES-MCGEE,0.000488793
TSUNG-HUA-YANG,0.000487863
MATE-PAVIC,0.000486802
KYLE-EDMUND,0.000485846
LIONEL-ROUX,0.000485749
TI-CHEN,0.000484305
ALEKSANDR-NEDOVYESOV,0.000482951
MAXIME-TEIXEIRA,0.000478996
ANDREJ-MARTIN,0.000477623
JUAN-ALBERT-VILOCA-PUIG,0.000476349
JULIO-SILVA,0.000475699
FEDERICO-LUZZI,0.000475162
SERGIO-ROITMAN,0.000474717
MATWE-MIDDELKOOP,0.000473897
HENDRIK-DREEKMANN,0.000472518
LOVRO-ZOVKO,0.00047237
MARCO-CRUGNOLA,0.000472361
LEANDER-PAES,0.00047116
CHRISTOPHER-KAS,0.000469413
DENNIS-NOVIKOV,0.000467921
BRIAN-DABUL,0.000467129
LUKE-SAVILLE,0.00046649
CARSTEN-BALL,0.000465628
JACOBO-DIAZ,0.000465325
RENZO-FURLAN,0.000465257
MIGUEL-ANGEL-LOPEZ-JAEN,0.000463397
ALEX-OBRIEN,0.000461847
ALDIN-SETKIC,0.000461542
RAZVAN-SABAU,0.000459059
TAKAO-SUZUKI,0.000458781
PIERRE-LUDOVIC-DUCLOS,0.000454215
MICHAEL-MCCLUNE,0.000452822
MATT-REID,0.000452593
FILIP-DEWULF,0.00045204
CHRISTIAN-LINDELL,0.000451742
DENIS-MATSUKEVICH,0.000450985
DANIELE-BRACCIALI,0.000449779
RHYNE-WILLIAMS,0.000449432
LAURENCE-TIELEMAN,0.000447822
LAMINE-OUAHAB,0.000447124
GUIDO-ANDREOZZI,0.000446853
ANDREI-STOLIAROV,0.000445504
NICK-LINDAHL,0.000445085
MARCELO-FILIPPINI,0.000444746
IVAN-SERGEYEV,0.000440126
GREGORY-CARRAZ,0.000436263
EMILIO-BENFELE-ALVAREZ,0.00043451
BRYDAN-KLEIN,0.000433863
AGUSTIN-VELOTTI,0.000432943
NICHOLAS-MONROE,0.000432317
ELIAS-YMER,0.000432094
JAROSLAV-POSPISIL,0.000431728
BLAZ-ROLA,0.000431524
ASLAN-KARATSEV,0.000430714
JEFF-MORRISON,0.000429758
CONOR-NILAND,0.000428894
ANDREY-RUBLEV,0.000428813
BJORN-FRATANGELO,0.000427532
JUAN-IGNACIO-LONDERO,0.000425156
TAKANYI-GARANGANGA,0.000424779
ROBIN-VIK,0.00042458
MATTHEW-BARTON,0.000422778
BENJAMIN-BALLERET,0.000421781
NILS-LANGER,0.000420966
MICHAL-TABARA,0.000420255
BASTIAN-KNITTEL,0.000420254
LORENZO-GIUSTINO,0.000419251
GRANT-STAFFORD,0.000419019
JOHAN-BRUNSTROM,0.000418686
BJORN-REHNQUIST,0.000417357
JONATHAN-DASNIERES-DE-VEIGY,0.00041621
PEDJA-KRSTIN,0.00041596
PETER-TOREBKO,0.000412435
THIAGO-MONTEIRO,0.000410717
CAIO-ZAMPIERI,0.000410007
JUAN-BALCELLS,0.000407674
KAREN-KHACHANOV,0.000406431
BRADLEY-KLAHN,0.000405136
RICHARD-BLOOMFIELD,0.00040481
OLIVER-GROSS,0.000404531
DANIEL-COX,0.000404439
YASUTAKA-UCHIYAMA,0.000402099
CONSTANT-LESTIENNE,0.000399029
BENEDIKT-DORSCH,0.000398963
TAYLOR-FRITZ,0.000397132
DAVID-MARTIN,0.000396915
SCOVILLE-JENKINS,0.000396674
ALBANO-OLIVETTI,0.000395466
RICHEY-RENEBERG,0.000395427
JAN-MINAR,0.000392327
ATTILA-SAVOLT,0.000390861
BRIAN-BAKER,0.000390175
TOMISLAV-BRKIC,0.000389825
JONATHAN-EYSSERIC,0.000383757
BASTIAN-TRINKER,0.000383212
DIEGO-HARTFIELD,0.000382004
MAXIME-AUTHOM,0.000379749
GREG-OUELLETTE,0.000377774
JOSH-GOODALL,0.0003756
BORIS-BECKER,0.000374735
JONATHAN-STARK,0.000374136
PHILLIP-SIMMONDS,0.000372226
FRITZ-WOLMARANS,0.000368995
ROMAIN-JOUAN,0.000368799
FREDERIC-NIEMEYER,0.000366067
JUAN-SEBASTIAN-CABAL,0.000364382
DI-WU,0.000363086
HYEON-CHUNG,0.00036184
SANDON-STOLLE,0.000360754
BERND-KARBACHER,0.000360222
STEVEN-DIEZ,0.000359689
MARKUS-HANTSCHK,0.000359584
KIMMER-COPPEJANS,0.000359182
NEVILLE-GODWIN,0.000356822
JEFF-SALZENSTEIN,0.000356271
ALEX-BOLT,0.000355611
JOHAN-VAN-HERCK,0.000355585
PETRU-ALEXANDRU-LUNCANU,0.000355067
MILOS-SEKULIC,0.000353481
ALEXANDER-SARKISSIAN,0.000352733
CHRISTIAN-VINCK,0.000352057
STEVE-CAMPBELL,0.000350382
KEVIN-KRAWIETZ,0.000350104
TRISTAN-LAMASINE,0.000348317
BRIAN-VAHALY,0.000345948
ZACK-FLEISHMAN,0.000345605
GUILLERMO-OLASO,0.000345041
ISAK-ARVIDSSON,0.000343428
ULADZIMIR-IGNATIK,0.000342356
ARNAU-BRUGUES-DAVI,0.000341081
BENJAMIN-MITCHELL,0.000340757
DAVID-SKOCH,0.000338253
ORLIN-STANOYTCHEV,0.000337963
MARTIN-SINNER,0.000336161
GASTON-ETLIS,0.000332723
KONSTANTINOS-ECONOMIDIS,0.000332347
MICHAEL-RYDERSTEDT,0.00033091
TOSHIHIDE-MATSUI,0.000330496
KEVIN-KING,0.000330202
NOAH-RUBIN,0.000328926
SAM-WARBURG,0.000328316
MATE-DELIC,0.000325953
OLIVIER-MUTIS,0.000324307
PHILIPP-DAVYDENKO,0.000322854
WERNER-ESCHAUER,0.000321974
YVES-ALLEGRO,0.000321276
FABIANO-DE-PAULA,0.000321204
ERIC-PRODON,0.000321154
CARLOS-SALAMANCA,0.000319475
PEDRO-SOUSA,0.000318259
JULIAN-KNOWLE,0.000317936
MARTIN-LEE,0.000316525
LIAM-BROADY,0.00031535
MICHAEL-TEBBUTT,0.000315149
SERGIO-GUTIERREZ-FERROL,0.000315104
ERVIN-ELESKOVIC,0.000314798
ANDRE-BEGEMANN,0.000314085
ANDREA-STOPPINI,0.000313168
MARCOS-ONDRUSKA,0.000313153
MATTEO-DONATI,0.000313082
DANIIL-MEDVEDEV,0.000313001
ALEX-RADULESCU,0.000312859
EVGENY-KIRILLOV,0.000307439
TONI-ANDROIC,0.000307177
TEODOR-DACIAN-CRACIUN,0.000302389
ALEXANDER-LOBKOV,0.000302086
GOUICHI-MOTOMURA,0.000301696
DENNIS-NOVAK,0.000300604
BOY-WESTERHOF,0.000299882
ATTILA-BALAZS,0.000298724
ANDREI-GORBAN,0.000298568
GILLES-ELSENEER,0.000298255
TODD-WIDOM,0.000297769
RAINER-EITZINGER,0.000296199
N-VIJAY-SUNDAR-PRASHANTH,0.000294385
MAXIM-DUBARENCO,0.000292646
OLIVIER-DELAITRE,0.000292544
LUCAS-ARNOLD-KER,0.000292296
FRANCESCO-ALDI,0.000291657
MICHAEL-QUINTERO,0.000291515
GORAN-TOSIC,0.000290285
PATRIK-ROSENHOLM,0.000289829
MATHIAS-BOURGUE,0.000289745
JUAN-PABLO-GUZMAN,0.000289429
RICCARDO-GHEDIN,0.000289064
ADRIAN-GARCIA,0.000288357
ALEXANDAR-LAZOV,0.000288139
AUGUSTIN-GENSSE,0.000287662
SEKOU-BANGOURA,0.000287608
DANIEL-SMETHURST,0.000287475
NIKOLA-CIRIC,0.000286757
AXEL-MICHON,0.000285895
MILOSLAV-MECIR,0.000284536
DINU-PESCARIU,0.000284527
ROBERTO-MARCORA,0.00028442
BOB-BRYAN,0.000284214
NICKLAS-KULTI,0.000283149
SAKETH-MYNENI,0.000282981
CHRIS-WETTENGEL,0.000282908
MATHIEU-RODRIGUES,0.000281556
JORGE-AGUILAR,0.000281155
ALEXANDER-SADECKY,0.000280324
JEROME-HAEHNEL,0.000279957
DUSAN-LOJDA,0.00027977
MATHIEU-MONTCOURT,0.00027956
NATHAN-HEALEY,0.00027712
ILYA-BELYAEV,0.000276501
MARTIN-RODRIGUEZ,0.000276234
LAURENT-ROCHETTE,0.000276217
ROBERT-SMEETS,0.000275971
SANAM-SINGH,0.000275409
HANS-PODLIPNIK-CASTILLO,0.00027455
JORDI-BURILLO,0.000273919
SEBASTIAN-DECOUD,0.00027379
JEAN-CLAUDE-SCHERRER,0.00027343
LAURYNAS-GRIGELIS,0.000273111
EGOR-GERASIMOV,0.000272646
ROBIN-KERN,0.000271834
CHASE-BUCHANAN,0.000271635
PEDRO-CACHIN,0.000269616
ERLING-TVEIT,0.000269538
GREGOIRE-BURQUIER,0.000269301
STEPHANE-HUET,0.000268783
BRIAN-MACPHIE,0.000268318
GORKA-FRAILE,0.000268014
RONALD-AGENOR,0.000265527
ENRIQUE-LOPEZ-PEREZ,0.000265514
TOMMY-PAUL,0.000265348
ROGIER-WASSEN,0.000264801
KYU-TAE-IM,0.000264583
EMILIO-GOMEZ,0.000264373
GONZALO-LAMA,0.000263938
CHRIS-EATON,0.000263937
RICHARD-MUZAEV,0.000263822
GERARD-GRANOLLERS,0.000263812
JOSHUA-MILTON,0.000262755
JORDI-SAMPER-MONTANA,0.000262527
DANIEL-KOSAKOWSKI,0.000262492
PHILIP-BESTER,0.000262049
ERIC-BUTORAC,0.000261152
JORDAN-COX,0.000260563
FABRICE-MARTIN,0.000259818
RYLER-DEHEART,0.000259497
ARNAUD-BOETSCH,0.000259045
NICOLAS-THOMANN,0.000258662
CLEMENT-REIX,0.000258066
JAMES-AUCKLAND,0.000257519
VINCENZO-SANTOPADRE,0.000256934
RAMKUMAR-RAMANATHAN,0.000256901
PAVEL-SNOBEL,0.000256756
LEONARDO-TAVARES,0.00025664
ADRIAN-CRUCIAT,0.000256637
FRANCES-TIAFOE,0.000256433
CHRISTIAN-GARIN,0.000256372
JASON-JUNG,0.000255325
ANDREY-KUMANTSOV,0.000255082
MARZIO-MARTELLI,0.000254183
JUAN-MARTIN-ARANGUREN,0.000252041
JOAO-DOMINGUES,0.000251098
WESLEY-WHITEHOUSE,0.000250292
BLAZEJ-KONIUSZ,0.000249767
MAREK-SEMJAN,0.000249326
ERIC-TAINO,0.000249132
ANDREI-CHERKASOV,0.000249003
CALVIN-HEMERY,0.000248951
ADAM-PAVLASEK,0.000248902
COLIN-FLEMING,0.000248865
JIM-THOMAS,0.000246916
JONATHAN-MARRAY,0.000246352
OLEG-OGORODOV,0.000245003
MICHAEL-LINZER,0.000244773
NIKOLA-CACIC,0.000243929
DAVID-VEGA-HERNANDEZ,0.000243144
ROMAN-BORVANOV,0.00024293
RAVEN-KLAASEN,0.000242479
JAMIE-DELGADO,0.000242404
MARC-RATH,0.000240919
JOSKO-TOPIC,0.000240892
SEBASTIAN-LAVIE,0.000239676
CARL-BERGMAN,0.000239536
JEAN-CHRISTOPHE-FAUREL,0.000237071
DOMINIC-INGLOT,0.000236758
GILBERT-SCHALLER,0.000236465
THEODOROS-ANGELINOS,0.000236253
EVGENY-ELISTRATOV,0.00023557
DIEGO-NARGISO,0.000235394
DAVID-WHEATON,0.000235245
FILIP-VEGER,0.000234705
TOMAS-NYDAHL,0.000234617
FEDERICO-GAIO,0.000233576
TIM-PUETZ,0.000232643
MIKAEL-EKMAN,0.000231553
TOMAS-CAKL,0.000231005
MICHAL-WLODARCZYK,0.000230315
DAVID-ESTRUCH,0.00023017
GUILLERMO-ALCAIDE,0.000229993
NSRIRAM-BALAJI,0.000229243
KRISTIJAN-MESAROS,0.00022919
DIVIJ-SHARAN,0.000228131
JONATHAN-MRIDHA,0.000227331
MARKO-TKALEC,0.000226734
MARCELO-MELO,0.000226478
DINO-MARCAN,0.000224432
BLAZ-SERIC,0.000224229
KEVIN-ULLYETT,0.000224075
ANDRES-MOLTENI,0.000223341
ALEX-KIM,0.000223225
RAMEEZ-JUNAID,0.000223059
ARVIND-PARMAR,0.000221963
BRIAN-WILSON,0.000221685
DANIEL-KING-TURNER,0.000221571
EDUARDO-STRUVAY,0.000221393
JOSE-STATHAM,0.000221222
ALEXEY-VATUTIN,0.000219328
STEPHANE-SIMIAN,0.000219107
KAMIL-CAPKOVIC,0.000219061
LEOS-FRIEDL,0.000217647
GLENN-WEINER,0.000217295
TREAT-HUEY,0.00021689
PATRIK-FREDRIKSSON,0.000216778
ERNESTO-ESCOBEDO,0.000216775
LORENZO-MANTA,0.000216756
ROHAN-GAJJAR,0.00021659
MICHAEL-SHABAZ,0.000216
FRED-SIMONSSON,0.000215241
TUOMAS-KETOLA,0.000215206
MAXIMILIAN-MARTERER,0.000214999
FEDOR-CHERVYAKOV,0.000213576
FACUNDO-MENA,0.000213225
MAXIMILIAN-NEUCHRIST,0.000212636
MICHAL-KONECNY,0.000212406
MALIVAI-WASHINGTON,0.000212175
ARTHUR-DE-GREEF,0.000210844
NICOLAS-REISSIG,0.000210651
EYAL-RAN,0.000209887
MARCELLO-CRACA,0.000209794
MARTIN-SLANAR,0.000209688
OLIVIER-SAJOUS,0.000209285
MARCELO-AREVALO,0.000209052
MARCELO-DEMOLINER,0.000208744
LASLO-DJERE,0.000208019
HUGO-NYS,0.000207399
GABRIEL-TRUJILLO-SOLER,0.000207308
LUCAS-RENARD,0.000207015
TOMAS-CARBONELL,0.00020692
FREDRIK-JONSSON,0.000205692
RYAN-HAVILAND,0.00020568
ALEXANDER-WARD,0.000205146
PAVEL-CHEKHOV,0.000204876
TRAVIS-PARROTT,0.000204122
GUILLERMO-DURAN,0.000203954
DZMITRY-ZHYRMONT,0.000203859
ALEXANDRE-SIMONI,0.0002038
JAMES-MARSALEK,0.000203608
NICOLAS-JARRY,0.000203373
TAKUTO-NIKI,0.000203327
ALEXANDER-RITSCHARD,0.000202436
ANTON-ZAITCEV,0.000202348
MOHAMMAD-GHAREEB,0.000202303
VICTOR-BALUDA,0.000201678
GUSTAVO-MARCACCIO,0.000201502
JACOB-ADAKTUSSON,0.0002015
AXEL-PRETZSCH,0.000201483
MATEO-ANDRES-RUIZ-NARANJO,0.000200999
ALUN-JONES,0.000200481
DOUG-FLACH,0.000200194
ALEXANDER-SLABINSKY,0.000199565
ZELJKO-KRAJAN,0.000199227
GERMAN-PUENTES,0.000199226
YAN-BAI,0.000199183
NICOLAS-RENAVAND,0.000198941
ELMAR-EJUPOVIC,0.000198562
NICOLAS-MEISTER,0.000198069
CHRISTOPHE-VAN-GARSSE,0.000198059
ROBIN-FAHGEN,0.00019762
CARLOS-GOMEZ-HERRERA,0.000197603
JULIEN-JEANPIERRE,0.000197453
GONCALO-FALCAO,0.000197362
NATHAN-THOMPSON,0.000197349
HYUN-WOO-NAM,0.000196977
SANCHAI-RATIWATANA,0.000196844
BLAKE-STRODE,0.000196722
ROSS-HUTCHINS,0.000196284
TODD-REID,0.000196096
ERIC-QUIGLEY,0.000195971
FRANCO-FERREIRO,0.000195873
DANIEL-ELSNER,0.000195121
KEN-SKUPSKI,0.000195098
BRUNO-SOARES,0.000194959
ANDREW-CARTER,0.000194795
QUENTIN-HALYS,0.000193559
JORDAN-THOMPSON,0.000193392
JORDI-MUNOZ-ABREU,0.000192137
NICOLAS-COUTELOT,0.000191022
KARUNUDAY-SINGH,0.000190921
ROMAN-VALENT,0.000190696
ANDREA-COLLARINI,0.000189998
LAURENT-LOKOLI,0.000189042
DUJE-KEKEZ,0.000188721
MASSIMO-DELLACQUA,0.000188612
SCOTT-OUDSEMA,0.000188573
STEFAN-MERUNKA,0.000188278
JAN-SATRAL,0.000188003
SERGEY-BETOV,0.000187244
ENRICO-BECUZZI,0.000186902
DANILO-PETROVIC,0.000186606
ALEJANDRO-HERNANDEZ,0.0001866
CRISTIANO-CARATTI,0.000186393
STEPHAN-HOISS,0.00018636
JULIO-CESAR-CAMPOZANO,0.000186267
ALBERTO-BRIZZI,0.000185726
STEFAN-KOZLOV,0.000185635
MOHAMED-SABER,0.000184397
PABLO-MARTIN-ADALIA,0.000184139
RICARDO-URZUA-RIVERA,0.000183944
HECTOR-RUIZ-CADENAS,0.000182887
SEBASTIAN-PRIETO,0.000182293
TOBIAS-BLOMGREN,0.000181874
MARCOS-GIRON,0.000181616
MORGAN-PHILLIPS,0.000180818
YEW-MING-SI,0.000180673
JEAN-JULIEN-ROJER,0.000180204
ALEXANDER-IGOSHIN,0.000180157
TIHOMIR-GROZDANOV,0.000180057
JASON-KUBLER,0.00017934
JEEVAN-NEDUNCHEZHIYAN,0.000178816
WILSON-LEITE,0.000178602
JAMES-LEMKE,0.0001786
MICHAEL-STICH,0.000178537
CHRISTIAN-HARRISON,0.000178477
MIKE-BRYAN,0.000178376
MARCIN-GAWRON,0.000178134
COLIN-EBELTHITE,0.000177904
ENZO-COUACAUD,0.000177439
EDWIN-KEMPES,0.000177299
ROBERTO-CARRETERO,0.000176694
MARC-FORNELL-MESTRES,0.000176559
FILIP-POLASEK,0.000176279
IVAN-MIRANDA,0.00017625
KAES-VANT-HOF,0.000176233
SANDRO-EHRAT,0.000175794
GIBRIL-DIARRA,0.000175765
PURAV-RAJA,0.00017575
NICOLAS-KICKER,0.00017548
HARRY-BOURCHIER,0.000175474
SATOSHI-IWABUCHI,0.000175336
MICHAEL-JOYCE,0.00017531
FLORIN-MERGEA,0.000174939
DAVID-THURNER,0.000174836
MARCEL-FELDER,0.000174819
CATALIN-IONUT-GARD,0.000174497
FEDERICO-BROWNE,0.000174423
SONCHAT-RATIWATANA,0.000174394
DANIEL-NGUYEN,0.000174381
VLADIMIR-OBRADOVIC,0.000173481
OLIVIER-CHARROIN,0.000173302
KARAN-RASTOGI,0.000173172
SEBASTIAN-RIESCHICK,0.00017293
GRZEGORZ-PANFIL,0.000172689
IGOR-ZELENAY,0.000172616
TAKAHIRO-TERACHI,0.000172614
OSCAR-SERRANO,0.000172328
HAYDN-LEWIS,0.000171948
FRANCISCO-BAHAMONDE,0.00017192
ALEXANDER-VASILENKO,0.000171329
JULIO-PERALTA,0.000171194
JOSE-RICARDO-NUNES,0.000170886
PIOTR-CIALKOWSKI,0.000170641
MBONISI-NDIMANDE,0.000170526
DIMITAR-KUTROVSKY,0.00017049
ZHE-LI,0.000169579
MARKUS-ERIKSSON,0.000169302
ALEXANDER-VOLKOV,0.00016913
DAVIDE-SCALA,0.000168968
ANDREI-SAVULESCU,0.000168629
JUAN-MONTES,0.000168474
MANUEL-SANCHEZ,0.000168331
MILJAN-ZEKIC,0.000168285
ANDIS-JUSKA,0.000167683
RAFAEL-MAZON-HERNANDEZ,0.000167659
VASCO-PASCOAL,0.000167517
ALIAKSANDR-BURY,0.000167411
IVAN-NEDELKO,0.000167387
MIKHAIL-BIRYUKOV,0.000167166
YU-JR-WANG,0.000166567
FLORIAN-REYNET,0.000166553
SKANDER-MANSOURI,0.000166198
ORIOL-ROCA-BATALLA,0.000166168
VIGNESH-PERANAMALLUR,0.000166082
EDGARDO-MASSA,0.000165259
STEFAN-SEIFERT,0.000165076
NUNO-MARQUES,0.000164966
ANDREW-WHITTINGTON,0.000164769
VISHNU-VARDHAN,0.000164598
OMAR--ALAWADHI,0.000164592
ADAM-FEENEY,0.000164392
SEAN-THORNLEY,0.000164306
CHRISTOPH-PALMANSHOFER,0.000164078
PENG-GAO,0.000164078
OLIVER-GOLDING,0.000163863
PABLO-GALDON,0.000163857
HOLGER-ZUEHLSDORFF-PAVLOVIC,0.00016343
GIORGIO-GALIMBERTI,0.000163364
VIKTOR-GALOVIC,0.000163324
ALEXANDRU-DANIEL-CARPEN,0.00016298
DARRIN-COHEN,0.000162896
REILLY-OPELKA,0.000162892
MAXIME-CHAZAL,0.000162886
CARL-SODERLUND,0.000162667
RADOMIR-VASEK,0.000162509
ILYA-VASILYEV,0.000162444
MARCUS-DANIELL,0.000162129
MARCUS-WILLIS,0.000161832
RICCARDO-BELLOTTI,0.00016152
DMITRI-SITAK,0.000161445
JEDRZEJ-ZARSKI,0.000161428
CHRIS-WILKINSON,0.000161201
JUAN-PABLO-YUNIS,0.00016118
VLADIMIR-IVANOV,0.000160703
ANTONIO-SANCIC,0.000160686
MARCELO-PALACIOS-SIEGENTHALE,0.000159902
ANDRE-GASPAR-MURTA,0.000159849
LEE-CHILDS,0.000159709
ILIA-STARKOV,0.000159538
PABLO-FIGUEROA,0.00015951
SVYATOSLAV-KNYAZEV,0.000159455
PAVEL-KRAINIK,0.000159317
WEERAPAT-DOAKMAIKLEE,0.000159068
CLINTON-THOMSON,0.000159003
JURGEN-GUNDERA,0.000158772
ALEX-LOPEZ-MORON,0.000158631
JARMERE-JENKINS,0.000158528
JAUME-MUNAR,0.00015819
ALEXANDER-SATSCHKO,0.000158123
KIRILL-SAPLIN,0.000157936
TRAVIS-RETTENMAIER,0.000157888
TENNYS-SANDGREN,0.000157687
YANNIK-REUTER,0.000157502
ANGEL-TORRES,0.000157488
GERMAIN-GIGOUNON,0.000157181
ADAM-CHADAJ,0.000157161
MOHAMMED-FETOV,0.000156971
GEORGE-MORGAN,0.000156928
ROBERTO-AFFONSO,0.000156917
MIGUEL-ALMEIDA,0.000156891
MOHAMED-SAFWAT,0.000156771
POL-WATTANAKUL,0.000156763
EVGENY-KARLOVSKIY,0.00015676
JONAS-BERG,0.000156714
CARLOS-TABERNER,0.000156714
LESTER-COOK,0.000156603
CHARLES-ANTOINE-BREZAC,0.000156556
MITCHELL-KRUEGER,0.000156555
TASUKU-IWAMI,0.00015652
NICOLAS-BARRIENTOS,0.000156443
NIKOLAI-FIDIRKO,0.000156442
ALIN-MIHAI-CONSTANTIN,0.000156434
MATTHIAS-WOLF,0.000156434
YANNICK-THIVANT,0.00015618
SUNIL-KUMAR-SIPAEYA,0.000156074
HARRI-HELIOVAARA,0.000155744
ROBERT-COMAN,0.000155634
JOSE-DE-ARMAS,0.000155341
ADNAN-AL-MAHMOUD,0.000155249
SRIKAR-ALLA,0.000155195
PEERAKIAT-SIRILUETHAIWATTANA,0.000154941
HIROKI-KONDO,0.000154874
JOAO-WALENDOWSKY,0.000154829
GEOFF-GRANT,0.000154676
GIANCARLO-PETRAZZUOLO,0.000154636
MARC-AURADOU,0.000154595
BARRY-COWAN,0.000154413
PUNNAKRIT-KRITAKARA,0.00015414
MIHA-MLAKAR,0.000154118
MATTHEW-ALLARE,0.000154114
CARLOS-POCH-GRADIN,0.000154078
WILLEM-HORNIKX,0.000154012
JONATHAN-HO,0.000153818
CRISTIAN-VILLAGRAN,0.00015369
MIKHAIL-VAKS,0.000153544
JEAN-NOEL-INSAUSTI,0.000153075
GERARD-SOLVES,0.000153049
ADAM-VEJMELKA,0.000153001
DRAKE-BERNSTEIN,0.00015299
GUILLERMO-RIVERA-ARANGUIZ,0.000152871
BRETT-JOELSON,0.000152864
JOE-EPKEY,0.000152824
JOHN-HARRISON-RICHMOND,0.000152715
JAKUB-PITER,0.000152452
RODRIGO-CARVALHO,0.000152448
OTTO-SAUER,0.000152325
GAVIN-VAN-PEPERZEEL,0.000152268
MAREK-MICHALICKA,0.000152199
MICKE-KONTINEN,0.000152118
GREGOIRE-BARRERE,0.000151915
CHAYANON-KAEWSUTO,0.000151904
RANJEET-VIRALI-MURUGESAN,0.000151736
BORUT-PUC,0.000151214
REDA-EL-AMRANI,0.000151179
GERMAN-LOPEZ,0.000151135
MICHAEL-SELL,0.000151006
OSCAR-BURRIEZA-LOPEZ,0.000150528
MARCUS-HILPERT,0.000150334
DANIEL-LENCINA-RIBES,0.000150316
ERIK-MOBERG,0.000150115
JOSE-PEREIRA,0.00014992
JUAN-SEBASTIAN-GOMEZ,0.00014962
AHMED-DEEDAT-ABDUL-RAZAK,0.000149579
JASON-ZIMMERMANN,0.000149466
IVAN-ENDARA,0.000149346
GUILLERMO-HORMAZABAL,0.000149334
ANDRES-ARTUNEDO-MARTINAVARRO,0.000149265
NUTTANON-KADCHAPANAN,0.000149148
FILIP-RAMS,0.000149039
ENRICO-BURZI,0.000148885
JUAN-LIZARITURRY,0.000148873
MLADEN-MITAK,0.000148739
ANDONI-VIVANCO-GUZMAN,0.000148692
ALEJANDRO-FABBRI,0.000148468
FLORIAN-FALLERT,0.000148227
WARUT-KORKIATTHAWORN,0.000148187
PHILIPP-MARX,0.000148067
MICHAEL-MMOH,0.000147845
MATIJA-PECOTIC,0.000147699
DAVID-SAVIC,0.000147267
AORAN-WANG,0.000147257
DENNIS-LAJOLA,0.000147043
LUKAS-JASTRAUNIG,0.000146862
STEFANO-PESCOSOLIDO,0.000146628
IGOR-TUBIC,0.00014589
FREDERICO-FERREIRA-SILVA,0.000145778
ARTEMON-APOSTU-EFREMOV,0.000145713
ARTEM-SMIRNOV,0.000145676
KJ-HIPPENSTEEL,0.000145516
MARK-KNOWLES,0.000144958
ALAN-MACKIN,0.000144934
ZHIZHEN-ZHANG,0.000144799
JOSE-CHECA-CALVO,0.000144641
LIONEL-NOVISKI,0.000144617
DEVIN-BRITTON,0.000144487
STEFAN-BORG,0.000144367
JULIEN-MATHIEU,0.000144287
JAAN-FREDERIK-BRUNKEN,0.000144249
OSKAR-PALLIN,0.000143954
DAVID-NAINKIN,0.000143597
OMAR-JASIKA,0.00014356
MATS-MORAING,0.000143482
ROBERTO-ORTEGA-OLMEDO,0.00014342
JAMES-CERRETANI,0.000143374
NAVDEEP-SINGH,0.000142979
DANIEL-ELAHI-GALAN,0.000142932
HOLGER-FISCHER,0.000142895
MICHEL-KONING,0.000142836
JEFF-COETZEE,0.000142785
PETR-LUXA,0.000142764
DANIEL-DUTRA-DA-SILVA,0.000142756
DANE-CHUNTRARUK,0.000142481
ZHUOYANG-QIU,0.000142393
LUCA-GEORGE-TATOMIR,0.000142295
ALEXANDER-BUBLIK,0.000142157
TOBIAS-SUMMERER,0.000142113
TIMO-NIEMINEN,0.000141935
HUGO-DELLIEN,0.000141534
DENIS-ZIVKOVIC,0.000141317
VILLE-LIUKKO,0.000141001
LUKE-JENSEN,0.000140885
PEERAKIT-SIRIBUTWONG,0.00014061
CAMERON-NORRIE,0.000140609
DANIEL-GLANCY,0.000140448
ALEXANDER-NONNEKES,0.00014008
KARIM-ALAYLI,0.000140045
BASTIAN-MALLA,0.000139982
HENRI-KONTINEN,0.000139959
ANDREI-CIUMAC,0.000139853
MIKE-URBANIJA,0.000139688
TOBIAS-SIMON,0.000139553
SASI-KUMAR-MUKUND,0.00013952
HENRIQUE-CUNHA,0.000139387
DENES-LUKACS,0.000139144
STEPHEN-BASS,0.000139095
KADEN-HENSEL,0.000138894
JULIEN-MAES,0.000138241
TIM-GORANSSON,0.000138123
NIMA-ROSHAN,0.000138089
NICOLAS-PASTOR,0.000137977
THIERRY-CHAMPION,0.000137976
MAURICIO-HADAD,0.000137966
PASCAL-BRUNNER,0.000137888
JAVIER-FRANA,0.000137647
DAWID-OLEJNICZAK,0.000137515
SVEN-SWINNEN,0.000137436
MATTEO-TREVISAN,0.000137434
REMI-BOUTILLIER,0.000137387
FILIP-PELIWO,0.000136981
AUSTIN-SMITH,0.000136956
ANDRIEJ-KAPAS,0.000136687
DARIAN-KING,0.000136672
ANDREI-OLHOVSKIY,0.00013658
ILIE-AURELIAN-GIURGIU,0.000136563
FREDERIC-NUSSBAUM,0.000136483
ANDREI-KARATCHENIA,0.000136409
SEBASTIAN-RIVERA,0.000136215
JUAN-CARLOS-SPIR,0.00013589
CONNOR-GLENNON,0.000135723
PATRICK-TAUBERT,0.000134959
JOHN-VALENTI,0.00013455
DENNIS-NEVOLO,0.000134333
PIERRICK-YSERN,0.000134192
EDWARD-CORRIE,0.000133941
BART-BEKS,0.000133681
YARASLAV-SHYLA,0.000133669
GABRIEL-MORARU,0.000133623
STEFANO-NAPOLITANO,0.000133525
WILLIAM-BOE-WIEGAARD,0.000133497
BRAYDEN-SCHNUR,0.000133435
DENNIS-BLOEMKE,0.000133401
MARCUS-SARSTRAND,0.000133399
BRUNO-RODRIGUEZ,0.000133219
JOHN-PEERS,0.000133175
VICTOR-IONITA,0.000133045
MATHESON-KLEIN,0.000132861
GIANNI-MINA,0.000132674
EYAL-ERLICH,0.000132534
KARSTEN-BRAASCH,0.000132452
SERGEY-STRELKOV,0.000132347
JOAO-ANTONIO,0.000132323
ANDREW-ANDERSON,0.000132171
DEITON-BAUGHMAN,0.000131924
SHUICHI-SEKIGUCHI,0.000131548
THOMAS-OGER,0.000131516
DENISS-PAVLOVS,0.000131325
YANNICK-JANKOVITS,0.000131279
FERNANDO-ROMBOLI,0.00013127
VICTOR-MUGUREL-ANAGNASTOPOL,0.000131156
TOBIAS-CLEMENS,0.000131057
MICHAEL-RUBIN,0.000130952
MACKENZIE-MCDONALD,0.000130913
STEFANO-COBOLLI,0.000130824
BEN-ELLWOOD,0.000130426
UROS-VICO,0.000130138
RYAN-SHANE,0.000129479
STEFANO-TRAVAGLIA,0.000129296
JARED-DRUCKER,0.000128896
LUCAS-MIEDLER,0.000128136
QUENTIN-ROBERT,0.000128098
ANDREA-AGAZZI,0.000127958
PATRIK-BRYDOLF,0.00012792
MAO-XIN-GONG,0.000127798
ANDREW-RICHARDSON,0.000127717
ALEXEY-KEDRYUK,0.000127435
LUCA-MARGAROLI,0.000127308
MARTIN-VACEK,0.000126845
SASCHA-KLOER,0.000126512
FILIP-BERGEVI,0.000126481
JORDAN-KERR,0.000126319
FREDERIK-FETTERLEIN,0.00012622
MARIUSZ-FYRSTENBERG,0.000125937
ERIC-NUNEZ,0.000125932
SHAO-XUAN-ZENG,0.000125911
CHRISTIAN-HAND,0.000125607
ROMAN-VOGELI,0.00012548
EVGENY-TYURNEV,0.000125308
MAXIMILIAN-ABEL,0.000125141
ALEXANDRE-PENAUD,0.000125044
PHILIP-LANG,0.00012494
ALEXANDER-FLOCK,0.000124502
PAUL-MIHAI-PUSCASU,0.000124275
YUICHI-ITO,0.000124184
JAROSLAV-LEVINSKY,0.000124013
JUAN-MANUEL-MATUTE,0.000123818
VICTOR-NUNEZ,0.000123729
FRANCISCO-ROIG,0.000123666
PATRICK-MCENROE,0.000123536
NICOLAAS-SCHOLTZ,0.000123436
JAMES-SEKULOV,0.000123368
SERGIO-GALDOS,0.000123067
ERIC-SOCK,0.00012276
KENTO-TAKEUCHI,0.000122654
MUHAMMAD-ASHAARI-BIN-ZAINAL-ABIDIN,0.000122518
AKASH-WAGH,0.000122325
MITCHELL-FRANK,0.000121936
WIL-SPENCER,0.000121352
FELIPE-CUNHA-SILVA,0.000121295
MARTIN-EMMRICH,0.000121115
LEONARDO-KIRCHE,0.000120899
KITTIPONG-WACHIRAMANOWONG,0.000120867
MARCELO-CHARPENTIER,0.000120523
ALEXANDER-ZHURBIN,0.000120373
JORDAN-KEPLER,0.000120093
LEI-GAO,0.000120093
VLADIMIR-POLYAKOV,0.000119936
PABLO-PIRES-DE-ALMEIDA,0.000119856
PHILIPPE-BRAND,0.000119722
VITALI-RESHETNIKOV,0.00011936
VITALII-SHCHERBA,0.000118913
TOMASZ-BEDNAREK,0.000118888
MATIAS-SAENZ,0.000118859
MATEUSZ-SZMIGIEL,0.000118801
MARIANO-HOOD,0.000118694
MELLE-VAN-GEMERDEN,0.000118692
KELSEY-STEVENSON,0.000118576
ANDREW-COELHO,0.00011857
BUMPEI-SATO,0.000118483
FERNON-WIBIER,0.000118316
WARIT-SORNBUTNARK,0.000118251
JAVIER-PERIS,0.000118204
IRAKLI-MARUTIAN,0.000118061
MARCIO-TORRES,0.000117816
CHUHAN-WANG,0.000117741
JOSE-ANTONIO-SANCHEZ-DE-LUNA,0.000117586
ALBERTO-FRANCIS,0.000117585
TEIMOURAZ-METREVELI,0.000117442
TIM-VAN-RIJTHOVEN,0.000117392
ALEJANDRO-GOMEZ,0.000117356
VASIL-KIRKOV,0.000117227
CESAR-RAMIREZ,0.000117212
IGNACIO-LEHYT,0.00011719
ALEXANDER-BRAUN,0.000117069
SLOBODAN-MAVRENSKI,0.000117024
FAJING-SUN,0.000117018
JOAO-FERREIRA,0.000116915
ANDRES-SCHNEITER,0.000116907
THOMAS-KROMANN,0.000116885
JORDAN-CORREIA,0.000116885
THOMAS-CRISTIAN-HODEL,0.00011681
RAPHAEL-LUSTENBERGER,0.00011681
MIGUEL-SEMEDO,0.00011675
BRUNO-ECHAGARAY,0.000116664
THIERRY-ROGGI,0.000116604
GARY-LUGASSY,0.00011651
LOIC-PERRET,0.000116432
ROMAN-JEBAVY,0.000116423
PEDRO-CLAR-ROSSELLO,0.000116303
ADAM-GUSTAVSSON,0.000116277
ALEXANDR-KUSHAKOV,0.000116245
FRANCESCO-PICCARI,0.000116207
OSNI-JUNIOR,0.000116137
YANN-MINSTER,0.000116011
OTA-FUKAREK,0.000115946
STEFANO-IANNI,0.000115885
LUDOVIC-WALTER,0.000115858
HUFU-WANG,0.000115797
MATEJ-SVJETLICIC,0.000115783
ASHWIN-KUMAR,0.000115778
JULES-MARIE,0.000115776
JOCHEN-MATSCHKE,0.000115756
ROBIN-OLIN,0.000115626
STANISLAV-VOVK,0.000115593
VITALIY-KACHANOVSKIY,0.000115562
RAPHAEL-DUREK,0.000115447
JUSTIN-ONEAL,0.000115409
HORIA-TECAU,0.000115396
KEELAN-OAKLEY,0.000115374
ALEJANDRO-MENDOZA,0.000115348
MARC-STEGER,0.000115315
PAUL-ROSE,0.000115238
BEN-CHEN,0.000115229
GREGORY-HOWE,0.000115204
AMOGH-PRABHAKAR,0.000115165
SYED-MOHD-AGIL-SYED-NAGUIB,0.000115141
DAVID-RICE,0.000115106
RYAN-THACHER,0.000115069
JOAO-MAIO,0.000115067
MICHAL-SEKULA,0.000115055
DANIEL-WINDAHL,0.000114941
MIGUEL-ANGEL-REYES-VARELA,0.000114866
TOMAS-LIPOVSEK-PUCHES,0.000114854
PRUCHYA-ISAROW,0.000114851
PATRICK-EICHENBERGER,0.000114777
NIKOLAUS-MOSER,0.000114744
MAHESH-BHUPATHI,0.000114658
DANNY-SAPSFORD,0.000114558
ANDRE-MIELE,0.000114557
DAVID-SALVADOR-ESTEPA,0.000114499
REED-CORDISH,0.000114137
GUNNAR-HILDEBRANDT,0.000114129
TRISTAN-SAMUEL-WEISSBORN,0.000114106
MATTIA-LIVRAGHI,0.000114044
AUSTIN-KAROSI,0.000113976
RUAN-ROELOFSE,0.000113957
THOMAS-SCHIESSLING,0.000113768
SASA-TUKSAR,0.000113724
MARCOS-AURELIO-GORRIZ,0.000113582
TODD-LARKHAM,0.000113549
KONG-POP-LERTCHAI,0.000113524
SALVATORE-CARUSO,0.000113387
ION-MOLDOVAN,0.000113374
JUAN-PABLO-AMADO,0.00011324
DANILO-ZIVANOVIC,0.000113108
ROBERT-YIM,0.000113067
MOUNIR-EL-AAREJ,0.000113059
DMITRY-VLASOV,0.000113049
MATHIEU-GUENAT,0.000112899
NICOLAS-TOURTE,0.000112239
BRAD-WESTON,0.000111896
DUCKHEE-LEE,0.00011179
DANIEL-YOO,0.000111707
LIANG-CHI-HUANG,0.000111683
CARLOS-EDUARDO-SEVERINO,0.000111548
DANIEL-BERTA,0.000111351
MAXIME-BONAMI,0.000111158
JOE-SALISBURY,0.000111085
MARKO-DJOKOVIC,0.000110858
JAN-CHOINSKI,0.000110788
MAVERICK-BANES,0.000110552
VOLODOYMYR-UZHYLOVSKYI,0.000110299
LEWIS-BURTON,0.000110137
JAMES-LUDLOW,0.000110064
DAVID-NORD,0.000110036
PREDRAG-RUSEVSKI,0.000110013
DRAGOS-DIMA,0.000109832
JAMIE-MURRAY,0.000109656
DMITRY-POPKO,0.000109649
ARTUR-CHERNOV,0.000109582
MIKHAIL-FUFYGIN,0.000109399
CHRISTOPHER-EUBANKS,0.000109386
NIKITA-KRYVONOS,0.000109154
VASILIS-MAZARAKIS,0.000109138
STANISLAV-POPLAVSKYY,0.000108968
GD-JONES,0.000108893
VISHAL-PUNNA,0.000108195
KARLIS-LEJNIEKS,0.000107841
DMITRY-SURCHENKO,0.000107837
GONCALO-PEREIRA,0.000107789
SHALVA-DZHANASHIA,0.000107776
BOWEN-OUYANG,0.000107424
PAUL-BACCANELLO,0.000107422
MARTIN-PRIKRYL,0.00010714
JOSE-MANUEL-GARCIA-RODRIGUEZ,0.000106691
CHRIS-HAGGARD,0.000106492
AJAI-SELVARAJ,0.000106168
HARRY-FOWLER,0.000106052
OSCAR-SABATE-BRETOS,0.000105789
NICK-VAN-DER-MEER,0.000105786
PABLO-SANTOS,0.000105544
SERGEI-KROTIOUK,0.000105492
GLEB-ALEKSEENKO,0.000105469
JOHAN-TATLOT,0.000105465
VASCO-MENSURADO,0.000105376
BARTOLOME-SALVA-VIDAL,0.000105073
TOM-KOCEVAR-DESMAN,0.000105058
VADIM-KUTSENKO,0.000104768
TOM-SCHONENBERG,0.000104571
PONGSIRI-NIROJ,0.000104482
TODD-PERRY,0.000104431
MARIN-BRADARIC,0.000104423
JUHO-PAUKKU,0.000104111
TAKURA-HAPPY,0.000104045
NOAM-BEHR,0.000104016
RHETT-PURCELL,0.000104003
YOUNES-RACHIDI,0.000103933
ROY-KALMANOVICH,0.000103887
JUAN-FRANCISCO-SPINA,0.000103874
YONG-IL-YOON,0.000103754
GABRIEL-TRIFU,0.000103572
ALEXANDER-REICHEL,0.000103544
MAX-RADITSCHNIGG,0.00010348
WOLFGANG-SCHRANZ,0.000103471
JULIEN-CASSAIGNE,0.000103351
SCOTT-GRIEKSPOOR,0.000103061
RABIE-CHAKI,0.000103009
DIOGO-ROCHA,0.00010292
DAWID-CELT,0.000102836
JEAN-YVES-AUBONE,0.000102818
MARCIO-CARLSSON,0.000102791
VAHID-MIRZADEH,0.000102784
HUGO-SCHOTT,0.000102579
LEONARDO-AZZARO,0.000102565
JOHN-PAUL-FRUTTERO,0.00010247
JOSE-HERNANDEZ-FERNANDEZ,0.000102433
DANIEL-APPELGREN,0.000102408
FRANCISCO-DIAS,0.000102348
STEPHEN-AMRITRAJ,0.000102333
LARS-POERSCHKE,0.000102186
HERMES-GAMONAL,0.000101881
GIANLUIGI-QUINZI,0.000101756
MARC-SIEBER,0.000101673
MATIAS-CASTRO,0.000101566
ANDREI-CHESNOKOV,0.000101456
OLIVER-ANDERSON,0.00010145
CARSTEN-ARRIENS,0.000101415
VICTOR-STANICA,0.000101411
ALEXANDRE-RENARD,0.0001012
DANIEL-KUMLIN,0.000101182
MARTIN-TRUEVA,0.000101124
RICKARD-HOLMSTROM,0.000101092
JEAN-FRANCOIS-BACHELOT,0.000101091
WALTER-TRUSENDI,0.000100975
NEVEN-KRIVOKUCA,0.000100616
PAVEL-IVANOV,0.000100478
BRYAN-SHELTON,0.00010029
PENG-SUN,0.000100165
JAIME-ONCINS,0.000100035
MARK-VERRYTH,1.00E-04
TUSHAR-LIBERHAN,9.98E-05
DANIEL-GARZA,9.98E-05
SIMON-LAROSE,9.96E-05
LUCA-SCHENA,9.96E-05
MEHDI-TAHIRI,9.95E-05
MEHDI-BENHAMMOU,9.95E-05
THIERRY-GUARDIOLA,9.95E-05
JOSE-PEDRO-SILVA,9.95E-05
MIKI-JANKOVIC,9.94E-05
JONATHAN-ERLICH,9.94E-05
MAXIMILIAN-DINSLAKEN,9.92E-05
COSTIN-PAVAL,9.92E-05
JUAN-SEBASTIAN-VIVANCO,9.92E-05
ADAM-THORNTON-BROWN,9.91E-05
MARIN-DRAGANJA,9.91E-05
ANDREAS-SILJESTROM,9.91E-05
JEFF-DADAMO,9.89E-05
ALEN-BISEVAC,9.87E-05
KARIM-MAAMOUN,9.86E-05
HERBERT-WILTSCHNIG,9.86E-05
VLADIMIR-KARUSEVICH,9.85E-05
ANDRZEJ-GRUSIECKI,9.85E-05
ABDULLAH-MAQDES,9.85E-05
OMAR-CAMPORESE,9.84E-05
IVAN-GOMEZ-MANTILLA,9.84E-05
NICOLAS-ERNST,9.84E-05
TYLER-HOCHWALT,9.83E-05
ANDREI-MLENDEA,9.83E-05
MEHDI-ZIADI,9.82E-05
MARIO-VILELLA-MARTINEZ,9.80E-05
SLIMANE-SAOUDI,9.79E-05
ANDREI-MERINOV,9.78E-05
JANEZ-SEMRAJC,9.77E-05
ERIK-GRAVES,9.77E-05
LARS-JONSSON,9.77E-05
MARK-MERKLEIN,9.76E-05
ELIE-ROUSSET,9.76E-05
RODRIGO-ECHAVARRIA,9.75E-05
TOMISLAV-JOTOVSKI,9.74E-05
WADE-MCGUIRE,9.74E-05
MICHAL-SCHMID,9.73E-05
YECONG-HE,9.73E-05
RODOLPHE-CADART,9.73E-05
GABRIEL-TOWNES,9.73E-05
DAMON-GOOCH,9.70E-05
DANE-PROPOGGIA,9.70E-05
RAPHAEL-MORI,9.70E-05
TIGRAN-MARTIROSYAN,9.69E-05
PETER-TRAMACCHI,9.68E-05
DJORDJE-DJOKOVIC,9.67E-05
SALVADOR-NAVARRO,9.67E-05
VICTOR-MORALES,9.66E-05
LUKA-ZANINOVIC,9.66E-05
JIA-PING-XIA,9.65E-05
ABDULLA-HAJJI,9.65E-05
LOGAN-MACKENZIE,9.64E-05
MIHAI-BADESCU,9.64E-05
NICOLAS-TODERO,9.63E-05
ILYA-IVASHKA,9.63E-05
JULIEN-OBRY,9.63E-05
JUREK-STASIAK,9.63E-05
JIM-GRABB,9.62E-05
BRUNO-ROSA,9.61E-05
LAURENTIU-ERLIC,9.61E-05
MAXIME-HAMOU,9.60E-05
FREDERIC-FONTANG,9.58E-05
YASSINE-IDMBAREK,9.58E-05
HENRIQUE-SOUSA,9.57E-05
LUIS-MANUEL-FLORES,9.56E-05
ERIK-CREPALDI,9.56E-05
YA-NAN-MA,9.56E-05
WILLIAM-WARD,9.52E-05
TUDOR-DUMITRESCU,9.50E-05
ALLEN-BELOBRAJDIC,9.50E-05
ARSENIJE-ZLATANOVIC,9.49E-05
JULIEN-VARLET,9.48E-05
ADRIAN-SIKORA,9.46E-05
LENNART-ZYNGA,9.46E-05
REDA-KARAKHI,9.44E-05
MOHIT-MAYUR-JAYAPRAKASH,9.44E-05
LARS-REHMANN,9.41E-05
TOM-RUSHBY,9.41E-05
JEAN-PHILIPPE-FLEURIAN,9.41E-05
TIAGO-FERNANDES,9.40E-05
ANDREI-VASILEVSKI,9.40E-05
ALEXEY-IREMASHVILI,9.39E-05
NINO-SERDARUSIC,9.37E-05
MOHD-ASSRI-MERZUKI,9.37E-05
MIQUEL-PEREZ-PUIGDOMENECH,9.36E-05
ADAM-KELLNER,9.35E-05
MARKO-TEPAVAC,9.35E-05
QUINNTON-VEGA,9.34E-05
ARTUR-GUSEV,9.33E-05
ALEXANDER-DOMIJAN,9.33E-05
MARC-GINER,9.33E-05
JUN-CHAO-XU,9.33E-05
AVIRUTH-PHAPHUI,9.33E-05
HENRIK-NORFELDT,9.32E-05
IGNACIO-COLL-RIUDAVETS,9.30E-05
SASA-STOJISAVLJEVIC,9.29E-05
BORUT-URH,9.29E-05
SAAD-BENKIRANE,9.29E-05
SIMEON-ROSSIER,9.28E-05
ERVAND-GASPARYAN,9.28E-05
JUAN-ESPINEL,9.27E-05
CHEMSEDDINE-BELAL,9.27E-05
WATCHARAPHONG-IAM-LA-OR,9.27E-05
ALEXANDRE-TSUCHIYA,9.25E-05
BRADLEY-MOUSLEY,9.25E-05
LUIS-PATINO,9.25E-05
DAVID-DILUCIA,9.24E-05
TODD-PAUL,9.24E-05
HENDRIK-COERTZEN,9.23E-05
STEVE-BRYAN,9.23E-05
JONATHAN-TRAGARDH,9.22E-05
PAT-CASH,9.22E-05
DEJAN-DJOKIC,9.22E-05
JUAN-JOSE-MATEUS-RUBIANO,9.21E-05
HIROYASU-EHARA,9.20E-05
MICHAEL-GRANT,9.19E-05
BLAKE-MOTT,9.19E-05
JENS-HAUSER,9.19E-05
TEERADON-TORTRAKUL,9.19E-05
MARCO-MENESCHINCHERI,9.18E-05
JACK-ANTON,9.18E-05
MATEUSZ-KOWALCZYK,9.17E-05
VASILE-ANTONESCU,9.16E-05
PATRICK-DAVIDSON,9.15E-05
ZHAO-TAI-LI,9.14E-05
MAXIME-JANVIER,9.14E-05
DANIEL-EGER,9.13E-05
DAYNE-KELLY,9.13E-05
FRANCESCO-VILARDO,9.13E-05
ANDREW-HARRIS,9.13E-05
LADISLAV-SVARC,9.12E-05
RASMUS-MOLLER,9.11E-05
VIJAY-KANNAN,9.11E-05
MIKAL-STATHAM,9.10E-05
TOMMY-HO,9.10E-05
TOBIAS-KLEIN,9.09E-05
ALI-EL-ALAOUI,9.08E-05
ALEXANDER-ERLER,9.06E-05
GIORGIO-PORTALURI,9.05E-05
NEAL-SKUPSKI,9.03E-05
MIKAEL-YMER,9.03E-05
ARMIN-SANDBICHLER,9.02E-05
RODOLPHE-GILBERT,9.01E-05
DAVID-CALDWELL,9.01E-05
PAVEL-ZELENKIN,9.00E-05
PAVEL-SHCHAYA-ZUBROV,9.00E-05
MOSE-NAVARRA,9.00E-05
PATRICK-GRIGORIU,9.00E-05
OMAR-ERRAMY,8.99E-05
VADIM-ALEKSEENKO,8.99E-05
JOE-COOPER,8.98E-05
FRANCISCO-OLIVARES,8.97E-05
DMITRI-MARFINSKY,8.97E-05
JAN-FRODE-ANDERSEN,8.95E-05
TAYLOR-FOGLEMAN,8.95E-05
REWAT-KITPRASERTSAKUL,8.94E-05
LUIS-HERRERA,8.94E-05
DENI-ZMAK,8.94E-05
CHUNG-HYO-WOO,8.93E-05
FELIPE-GARCES,8.93E-05
HIDEKI-KANEKO,8.93E-05
PAUL-HANLEY,8.92E-05
HAO-LU,8.91E-05
AMRIT-NARASIMHAN,8.90E-05
JACK-BRASINGTON,8.90E-05
BEN-MCLACHLAN,8.89E-05
MARCEL-RUZIC,8.88E-05
RYLAN-RIZZA,8.87E-05
EVGHENII-CORDUNEANU,8.86E-05
MASHISKA-WASHINGTON,8.85E-05
NATHANIEL-SCHNUGG,8.84E-05
DANIEL-KERZNERMAN,8.84E-05
MARK-NIELSEN,8.84E-05
PASCAL-MEIS,8.83E-05
CHRISTIAN-MAGG,8.83E-05
ANDY-RAM,8.83E-05
JEROEN-MASSON,8.83E-05
ANDREI-PLOTNIY,8.82E-05
DAVID-OLEARY,8.80E-05
DOMAGOJ-BILJESKO,8.79E-05
MARTIN-VAISSE,8.79E-05
KIRILL-DMITRIEV,8.79E-05
RICHARD-BECKER,8.79E-05
YANNICK-HANFMANN,8.77E-05
LENNY-HAMPEL,8.77E-05
CLAY-THOMPSON,8.77E-05
RICHARD-GABB,8.77E-05
TOMISLAV-PERIC,8.76E-05
JAVIER-HERRERA-EGUILUZ,8.76E-05
GAEL-PARTICELLI,8.76E-05
XANDER-SPONG,8.74E-05
MAC-STYSLINGER,8.74E-05
MARK-RICHARDS,8.72E-05
ADRIAN-MARIN-DANCESCU,8.71E-05
JATHAN-MALIK,8.71E-05
SARP-AGABIGUN,8.70E-05
TUDOR-SULEA,8.69E-05
ARTUR-COMPLETO,8.67E-05
ANTAL-VAN-DER-DUIM,8.67E-05
RUBEN-GONZALES,8.67E-05
DAVID-PEREZ-SANZ,8.66E-05
ABHIJEET-TIWARI,8.66E-05
TOMAS-CATAR,8.66E-05
CRISTOBAL-SAAVEDRA-CORVALAN,8.66E-05
JAYMON-CRABB,8.66E-05
TOMISLAV-DRAGANJA,8.65E-05
ALEXANDER-YARMOLA,8.65E-05
CHRISTOPHER-RUNGKAT,8.64E-05
AKIRA-SANTILLAN,8.64E-05
TAMER-EL-SAWY,8.61E-05
IAN-FLANAGAN,8.60E-05
ABDULRAHMAN-AL-HARIB,8.60E-05
DIEGO-ALVAREZ,8.59E-05
DAVID-SPAN,8.58E-05
FILIPPO-LEONARDI,8.58E-05
ALEXANDER-RUMYANTSEV,8.58E-05
SADIK-KADIR,8.56E-05
DUARTE-VALE,8.55E-05
HUGO-ANAO,8.55E-05
SHUZO-MATSUOKA,8.54E-05
JOAQUIN-MUNOZ-HERNANDEZ,8.52E-05
GONCALO-LOUREIRO,8.51E-05
STEPAN-KHOTULEV,8.51E-05
JAVIER-GENARO-MARTINEZ,8.50E-05
NICHOLAS-NAUMANN,8.49E-05
MATIAS-SBOROWITZ,8.48E-05
SIDHARTH-RAWAT,8.47E-05
ROBIN-ROSHARDT,8.47E-05
ANTOINE-BENNETEAU,8.47E-05
JOHAN-NIKLES,8.47E-05
NIKOLA-MILOJEVIC,8.46E-05
ALBAN-MEUFFELS,8.45E-05
NORIKAZU-SUGIYAMA,8.45E-05
DARKO-MADJAROVSKI,8.45E-05
IGOR-RUD,8.45E-05
DEAN-OBRIEN,8.44E-05
JUAN-PABLO-PAZ,8.44E-05
EDUARDO-MEDICA,8.44E-05
CORENTIN-MOUTET,8.44E-05
NICOLAS-PEREIRA,8.44E-05
MAURICE-RUAH,8.42E-05
JACK-CARPENTER,8.42E-05
KHALID-ALLOUCH,8.42E-05
JONATHAN-HILAIRE,8.42E-05
HAITONG-XIA,8.40E-05
JOSS-ESPASANDIN,8.39E-05
GEOFF-GEHRKE,8.39E-05
FELIPE-ROJAS,8.39E-05
FRANCISCO-CABELLO,8.39E-05
CARLOS-CUADRADO,8.38E-05
CHRISTOPH-LESSIAK,8.37E-05
SULTAN-KHALFAN,8.37E-05
CEM-ILKEL,8.36E-05
ANTON-MANEGIN,8.35E-05
LUKE-BAMBRIDGE,8.35E-05
MICHAEL-LOOK,8.35E-05
DANIEL-MASUR,8.34E-05
VASILE-ALEXANDRU-GHILEA,8.33E-05
ROBERT-KHOURY,8.33E-05
JAE-SUNG-AN,8.32E-05
SEBASTIAN-SACHS,8.31E-05
TERI-GROLL,8.31E-05
MARK-PETCHEY,8.30E-05
MILES-MACLAGAN,8.29E-05
ANDRAZ-BEDENE,8.29E-05
JARED-PALMER,8.28E-05
TIMOFEY-SKRIPKIN,8.28E-05
JOSE-IMAZ-RUIZ,8.28E-05
MORITZ-BAUMANN,8.28E-05
BERNABE-ZAPATA-MIRALLES,8.27E-05
NATHAN-PASHA,8.26E-05
ANTONIO-LUPIERI,8.26E-05
RICHARD-IRWIN,8.26E-05
DAVID-RIKL,8.26E-05
LLOYD-GLASSPOOL,8.25E-05
JUAN-IGNACIO-GALARZA,8.24E-05
HENRIK-HOLM,8.24E-05
PEDRO-SAKAMOTO,8.24E-05
KRISTIAN-CAPALIK,8.22E-05
LUKA-BELIC,8.22E-05
DEJAN-PETROVIC,8.22E-05
DANIEL-GEIB,8.20E-05
BRADLEY-COX,8.20E-05
LUKE-SMITH,8.19E-05
EVAN-HOYT,8.14E-05
ADAM-THOMPSON,8.14E-05
CATALIN-PETRE-NEDELESCU,8.13E-05
BERNARDO-MOTA,8.12E-05
MARC-MEIGEL,8.12E-05
AMADOR-ROMERO-TORRES,8.12E-05
PATRIK-SUDIC,8.11E-05
JOSE-ANTONIO-SALAZAR-MARTIN,8.11E-05
DORIAN-DESCLOIX,8.11E-05
JOSE-FERNANDO-CARVAJAL-TORRES,8.10E-05
JAN-APELL,8.10E-05
PAUL-HARSANYI,8.10E-05
DEIVIDS-JUKSA,8.09E-05
LUIS-ADRIAN-MOREJON,8.09E-05
EMILIANO-GARCIA-BLANKSMAN,8.09E-05
ILIA-SHATSKIY,8.08E-05
JEAN-BAPTISTE-PERLANT,8.07E-05
PEDRO-ZERBINI,8.07E-05
TIGRE-HANK,8.07E-05
IVAN-ARENAS-GUALDA,8.06E-05
BEKA-KOMAKHIDZE,8.06E-05
JESSY-KALAMBAY,8.05E-05
THOMAS-BLAKE,8.05E-05
NEISHIT-VAKIL,8.04E-05
WESLEY-KOOLHOF,8.03E-05
MARTIN-COLENBRANDER,8.03E-05
NIKITA-GUDOZHNIKOV,8.02E-05
ZIAD-SULTAN,8.02E-05
MARIO-RADIC,8.01E-05
PEDRO-PABLO-RUIZ,8.00E-05
KOMLAVI-LOGLO,8.00E-05
ARTUR-MADZHAR,7.99E-05
DAMIANO-DI-IENNO,7.98E-05
XIAO-GONG,7.98E-05
KORNEL-BARDOCZKY,7.97E-05
JOHAN-BACKSTROM,7.97E-05
MATIAS-BOEKER,7.97E-05
YOUNG-SEOK-KIM,7.96E-05
ANDREI-STEFAN-APOSTOL,7.95E-05
FINN-TEARNEY,7.94E-05
MATTEO-MARRAI,7.94E-05
EVAN-KING,7.94E-05
JACCO-ELTINGH,7.94E-05
KARL-WEGNER,7.93E-05
SCOTT-HUMPHRIES,7.93E-05
TROY-GILLHAM,7.93E-05
MARCEL-IOAN-MIRON,7.92E-05
THOMAS-LIVERSAGE,7.92E-05
CHARLES-AUFFRAY,7.92E-05
FAHAD-MOHAMMED,7.92E-05
GONCALO-ANDRADE,7.91E-05
SAM-BARRY,7.90E-05
EFE-YURTACAN,7.90E-05
WHIT-LIVINGSTON,7.89E-05
MICHAEL-HILL,7.89E-05
VEDRAN-SILJEGOVIC,7.89E-05
KEVIN-KONFEDERAK,7.88E-05
CONNOR-SMITH,7.88E-05
JUAN-CARLOS-SAEZ,7.88E-05
DENNY-FAFEK,7.88E-05
PATRIK-FISCHER,7.85E-05
CARLOS-CALDERON-RODRIGUEZ,7.85E-05
JAKUB-WOJCIK,7.84E-05
RUPESH-ROY,7.82E-05
NEIL-PAUFFLEY,7.82E-05
YANN-DUPUY,7.82E-05
DANIEL-VALLVERDU,7.81E-05
JUSTIN-DIAO-NATALE,7.80E-05
XIN-GAO,7.80E-05
ANDRE-CAIADO,7.80E-05
ZHICHENG-ZHU,7.78E-05
JAN-BLECHA,7.77E-05
BRUNO-SANTANNA,7.76E-05
TOMAS-TENCONI,7.75E-05
CHRISTIAN-SERAPHIM,7.75E-05
ASHLEY-FISHER,7.74E-05
MARTIN-SPOTTL,7.73E-05
JUAN-PABLO-VILLAR,7.73E-05
PATRICK-OFNER,7.73E-05
DIDAC-PEREZ,7.73E-05
GRANT-DOYLE,7.72E-05
ROMAIN-ARNEODO,7.71E-05
AMIR-HADAD,7.71E-05
JULIAN-LENZ,7.70E-05
MARC-POLMANS,7.69E-05
ANTONIO-RUIZ-ROSALES,7.69E-05
TALAL-OUAHABI,7.68E-05
PRAJNESH-GUNNESWARAN,7.67E-05
TY-TROMBETTA,7.67E-05
DAVID-WITT,7.67E-05
MUSTAFA-GHOUSE,7.67E-05
YAHOR-YATSYK,7.66E-05
ROMAN-TUDOREANU,7.66E-05
ANDREAS-GREMELMAYR,7.66E-05
TAK-KHUNN-WANG,7.64E-05
JADEN-GRINTER,7.63E-05
MILES-BUGBY,7.63E-05
PEDRO-MARTINEZ,7.63E-05
YU-CHANG,7.63E-05
FEDERICO-ZEBALLOS,7.63E-05
DOMINIC-PAGON,7.62E-05
VALENTIN-MIHAI,7.62E-05
JASON-MARSHALL,7.62E-05
WAN-GAO,7.62E-05
MITHUN-MURALI,7.61E-05
SIYU-LIU,7.59E-05
GARY-SACKS,7.59E-05
SIMON-CAUVARD,7.58E-05
GERALD-MANDL,7.58E-05
MICHIHISA-ONODA,7.56E-05
ROBERT-LINDSTEDT,7.56E-05
EDUARDO-NICOLAS,7.56E-05
DANIELE-GIORGINI,7.56E-05
AHMED-MOUMNI,7.56E-05
MIGUEL-GALLARDO-VALLES,7.56E-05
ANTONI-GOMEZ,7.55E-05
JABOR-AL-MUTAWA,7.55E-05
JARRYD-BANT,7.55E-05
JEFF-GAST,7.55E-05
MILES-ARMSTRONG,7.54E-05
BENEDIKT-EGER,7.54E-05
EMILIEN-FIRMIN,7.54E-05
STIAN-BORETTI,7.54E-05
MUSAAD-AL-JAZZAF,7.53E-05
KOREY-LOVETT,7.53E-05
COLIN-WEI-MING-WONG,7.51E-05
WISHAYA-TRONGCHAROENCHAIKUL,7.51E-05
RIGELE-TE,7.51E-05
TIAGO-LOPES,7.51E-05
ALEXANDER-OVCHAROV,7.50E-05
JOY-VIGANI,7.50E-05
ZACH-ITZSTEIN,7.49E-05
FRANZ-STAUDER,7.49E-05
ALVARO-OCHOA,7.49E-05
MARCIN-MATKOWSKI,7.49E-05
ANDERS-LINDSTROM,7.48E-05
STEFAN-FIACAN,7.48E-05
REMKO-DE-RIJKE,7.47E-05
JUI-CHEN-HUNG,7.47E-05
BRIAN-BATTISTONE,7.46E-05
NICHOLAS-EDLEFSEN,7.46E-05
TRENT-BRYDE,7.45E-05
ALEXANDROS-JAKUPOVIC,7.45E-05
IVAN-ZOVKO,7.45E-05
TAHA-TIFNOUTI,7.45E-05
PHILIP-MOEBIUS,7.43E-05
LEANDRO-MIGANI,7.42E-05
GEORGE-COUPLAND,7.42E-05
IGOR-KORNIENKO,7.42E-05
MAHMOUD-NADER-AL-BALOUSHI,7.42E-05
BRUNO-SEMENZATO,7.41E-05
VALENTINO-PEST,7.41E-05
LUIS-DIAZ-BARRIGA,7.41E-05
CLAYTON-ALMEIDA,7.40E-05
MATTHIAS-HAIM,7.40E-05
ILIJA-VUCIC,7.40E-05
PATRICK-BAUR,7.40E-05
CHRISTOPHER-DEKKER,7.40E-05
IGNACIO-CARBONELL,7.40E-05
JOHAN-SETTERGREN,7.40E-05
PETAR-JELENIC,7.38E-05
VITOR-REQUIAO,7.38E-05
ANDREY-YAKOVLEV,7.38E-05
STEFFEN-ZORNOSA,7.38E-05
CHRISTOPHER-MARQUIS,7.38E-05
KEVIN-DEDEN,7.38E-05
FABRICIO-NEIS,7.38E-05
ASHWIN-VIJAYRAGAVAN,7.37E-05
SAHR-TIMOTHY--KPULUN,7.37E-05
ELLIOT-CARNELLO,7.37E-05
NIMA-MADANI,7.37E-05
JASPER-SMIT,7.37E-05
BEN-QIANG-ZHU,7.37E-05
KALLE-FLYGT,7.36E-05
LADISLAV-CHRAMOSTA,7.36E-05
MARCEL-ZIMMERMANN,7.35E-05
DONALD-JOHNSON,7.34E-05
KOTARO-MIYACHI,7.34E-05
DANIEL-MELO,7.32E-05
ADAM-LEE,7.31E-05
LIBOR-NEMECEK,7.30E-05
ROBERTO-JABALI,7.30E-05
DAVID-WARREN,7.30E-05
VINOD-SRIDHAR,7.29E-05
FRANCOIS-ARTHUR-VIBERT,7.29E-05
BENJAMIN-JANSE-VAN-RENSBURG,7.29E-05
PETR-KRALERT,7.28E-05
NUNO-DEUS,7.27E-05
DMYTRO-BADANOV,7.26E-05
BARRY-KING,7.25E-05
HARRY-CICMA,7.25E-05
MOHAMED-ADNAOUI,7.24E-05
MOUSA-SHANAN-ZAYED,7.24E-05
MAXIME-TCHOUTAKIAN,7.24E-05
DOMINIK-SCHULZ,7.23E-05
JAMES-MAY,7.23E-05
LORENZO-SONEGO,7.23E-05
ALEKSEI-KHOMICH,7.23E-05
MICHAEL-EIBL,7.23E-05
STJEPAN-CAGALJ,7.22E-05
JOHANNES-SCHRETTER,7.22E-05
SAM-TAYLOR,7.22E-05
SASA-HIRSZON,7.22E-05
SEBASTIAN-LOPEZ,7.21E-05
CAMILO-ANDRES-ERAZO,7.21E-05
RODOLFO-PEREIRA,7.21E-05
LUKE-MILLIGAN,7.21E-05
AHMED-ABDRABUH,7.20E-05
SAMI-REINWEIN,7.20E-05
HARSHANA-GODAMANNA,7.20E-05
NEIL-BAMFORD,7.20E-05
ALISTAIR-HUNT,7.19E-05
PHIL-STOLT,7.18E-05
BADR-BOUABDELLAH,7.18E-05
JOHN-EL-KHOURY,7.18E-05
PEDRO-BERNARDI,7.18E-05
THOMAS-SHIMADA,7.18E-05
SEAN-BERMAN,7.17E-05
DANIEL-DANILOVIC,7.16E-05
DIMITAR-KUZMANOV,7.16E-05
TROY-HAHN,7.16E-05
HENRIK-SILLANPAA,7.16E-05
BECKER-OSHAUGHNESSEY,7.15E-05
YASUFUMI-YAMAMOTO,7.14E-05
FILIP-HORANSKY,7.14E-05
AUGUSTO-LARANJA,7.13E-05
JUAN-GINER,7.13E-05
ALEX-CLAYTON,7.12E-05
JEFFREY-MIRA-SVENSSON,7.12E-05
TOBY-MARTIN,7.12E-05
LAKSHIT-SOOD,7.11E-05
RYAN-PRESTON,7.10E-05
NEERAJ-ELANGOVAN,7.10E-05
VIKRAM-REDDY-B,7.10E-05
JAVIER-MUNOZ,7.09E-05
AKASH-GUJRATI,7.08E-05
HARSH-MANKAD,7.08E-05
TRISTAN-GABRIEL,7.08E-05
ROMAIN-BARBOSA,7.07E-05
VLADYSLAV-KLYMENKO,7.07E-05
ROMAN-KISLYANSKIY,7.07E-05
FLORIAN-BARTH,7.06E-05
JUSTIN-KRONAUGE,7.06E-05
MATT-SIMPSON,7.06E-05
VJEKOSLAV-SKENDEROVIC,7.06E-05
BRYAN-KONIECKO,7.06E-05
FRANCISCO-COSTA,7.05E-05
PATRICK-SCHMOLZER,7.05E-05
JOACHIM-BJERKE,7.05E-05
NICHOLAS-S-HU,7.04E-05
NIKO-KARAGIANNIS,7.03E-05
DEJAN-KATIC,7.03E-05
MURAD-INOYATOV,7.02E-05
BAYO-PHILIPS,7.02E-05
JORIS-DE-LOORE,7.02E-05
JESPER-BRUNSTROM,7.02E-05
HIDEKAZU-INA,7.01E-05
VIJAYANT-MALIK,7.01E-05
DIEGO-VERONELLI,7.00E-05
JUSTIN-ELEVELD,7.00E-05
JAMIE-WHITEFORD,6.99E-05
SUDANWA-SITARAM,6.99E-05
MARK-HILTON,6.98E-05
VINAYAK-SHARMA-KAZA,6.98E-05
EL-MEHDI-WASFY,6.98E-05
ROBERT-GUSTAFSSON,6.98E-05
ANTON-BETTINK,6.98E-05
YAOKI-ISHII,6.98E-05
POL-TOLEDO-BAGUE,6.97E-05
JIMMY-ARIAS,6.97E-05
OREN-MOTEVASSEL,6.97E-05
PONGPHUN-CHIMDEE,6.97E-05
KIRILL-IVANOV-SMOLENSKY,6.96E-05
VICTOR-VLAD-CORNEA,6.96E-05
GEOFFREY-BLANCANEAUX,6.96E-05
DAVID-OHARE,6.95E-05
DENIS-GOLOVANOV,6.95E-05
YANNICK-MADEN,6.94E-05
BEN-DUNBAR,6.94E-05
JACOB-KAHOUN,6.93E-05
JOZSEF-KROCSKO,6.93E-05
MIGUEL-TOBON,6.93E-05
MIHAITA-DANIEL-DAMIAN,6.92E-05
JONNY-OMARA,6.92E-05
VAJA-UZAKOV,6.92E-05
JOSHUA-EAGLE,6.92E-05
JACOB-GRILLS,6.92E-05
BRAD-POMEROY,6.92E-05
ANDREW-MCLEOD,6.91E-05
SIMON-EDE,6.91E-05
ADAM-EL-MIHDAWY,6.91E-05
GABRIEL-SILBERSTEIN,6.90E-05
RUDOLF-SIWY,6.90E-05
JOAO-SILVERIO,6.90E-05
MARK-DRAPER,6.90E-05
GLEB-SAKHAROV,6.90E-05
ARIEZ-ELYAAS-DEEN-HESHAAM,6.88E-05
ROMANO-FRANTZEN,6.88E-05
NICK-CAVADAY,6.87E-05
ANTOINE-BELLIER,6.87E-05
KOVIT-RATANAPHET,6.86E-05
TIMUR-RAZMAITOV,6.86E-05
GUY-FORGET,6.86E-05
XIN-YUAN-YU,6.85E-05
CLEMENS-TRIMMEL,6.85E-05
NATHAN-RAKITT,6.85E-05
JOAO-PEDRO-SORGI,6.84E-05
DAVID-SOUTO,6.84E-05
IVAN-SABANOV,6.84E-05
IOAN-FARCAS,6.84E-05
KATSUSHI-FUKUDA,6.83E-05
HAMAD-ABBAS-JANAHI,6.83E-05
CLAUDIO-RIVERA,6.82E-05
ABDUL-HAMID-MAKHKAMOV,6.82E-05
EDWARD-BOURCHIER,6.81E-05
LOUIS-WESSELS,6.81E-05
BOGDAN-ANDRII,6.81E-05
COLLIN-ALTAMIRANO,6.80E-05
DRAGOS-NICOLAE-MADARAS,6.80E-05
OMAR-ABOUSHALAM,6.79E-05
MOHAMED-NAZIM-KHAN,6.79E-05
LUIZ-INAIMO,6.79E-05
SIMON-NORENIUS,6.77E-05
MARKUS-SCHULTZ,6.77E-05
HERKKO-POLLANEN,6.77E-05
ANDRE-GORANSSON,6.77E-05
EMMANUEL-GREFF,6.77E-05
PHILIPP-KLIMOV,6.77E-05
ASHUTOSH-SINGH,6.76E-05
DANIEL-CHU,6.76E-05
JIACHENG-ZHU,6.76E-05
UGO-NASTASI,6.76E-05
ROCCO-SAVIN,6.75E-05
MARIN-FRANJICEVIC,6.75E-05
EDUARDO-PERALTA-TELLO,6.75E-05
MIKHAIL-LIFSHITS,6.74E-05
JAMES-FEAVER,6.74E-05
BOBBY-KOKAVEC,6.74E-05
DAVE-LINGMAN,6.74E-05
MARCO-BORTOLOTTI,6.73E-05
SHERIF-SABRY,6.72E-05
RONAK-MANUJA,6.72E-05
ELWIN-ANTONY,6.72E-05
GERO-KRETSCHMER,6.72E-05
FREDERIC-JEANCLAUDE,6.72E-05
ALEKSANDAR-MARIC,6.71E-05
FRANKO-MIOCIC,6.71E-05
ARTUR-ROMANOWSKI,6.71E-05
KEVIN-KACZYNSKI,6.71E-05
JOJI-MIYAO,6.70E-05
ALEX-BARTLETT,6.70E-05
MYLES-ORTON,6.70E-05
JASSEM-AL-ZEYARA,6.70E-05
BOGDAN-IONUT-APOSTOL,6.69E-05
MARKO-LOVRINOVIC,6.68E-05
DAVID-PEL,6.68E-05
JOAO-RIQUELME,6.68E-05
CHARLES-COSTA,6.68E-05
JAY-ANDRIJIC,6.68E-05
STEVEN-MONEKE,6.68E-05
IVO-MIJIC,6.68E-05
LONG-CHEN,6.67E-05
MARTIN-PEDERSEN,6.67E-05
PIOTR-GADOMSKI,6.67E-05
ALEX-THEILER,6.67E-05
JOEL-LINDNER,6.67E-05
MARKO-MIJACEVIC,6.66E-05
JUAN-ROCHA,6.66E-05
JANNICK-LUPESCU,6.64E-05
GUILLEM-BURNIOL,6.64E-05
JOSHUA-WARD-HIBBERT,6.64E-05
EDUARDO-DISCHINGER,6.63E-05
ALEXANDER-PERFILOV,6.62E-05
MATTHEW-SHORT,6.62E-05
YE-DU,6.62E-05
HUI-ZHANG,6.62E-05
KIRILL-KASYANOV,6.62E-05
EVAN-SONG,6.61E-05
RICHARD-WAITE,6.61E-05
PITCHAYA-LIMPIMPRORH,6.61E-05
JOHANNES-HAERTEIS,6.61E-05
GUSTAV-HANSSON,6.61E-05
DANIEL-COTTIER,6.60E-05
PIERO-LUISI,6.60E-05
EMILIO-SANCHEZ,6.60E-05
JORDI-ARCONADA,6.59E-05
ANDREI-PATRUI,6.59E-05
THOMAS-LARSEN,6.58E-05
LUKAS-WINKELMANN,6.58E-05
NIR-WELGREEN,6.58E-05
JOAN-MARC-GRIMAL-FERRER,6.57E-05
ANDREW-FITZPATRICK,6.57E-05
JAUME-PLA-MALFEITO,6.57E-05
MOHAMMED-AL-NABHANI,6.56E-05
RALPH-GRAMBOW,6.55E-05
MAURICIO-ASTORGA,6.55E-05
ROBERTO-QUIROZ,6.54E-05
JUAN-IGNACIO-BATALLA,6.54E-05
ALESSANDRO-BEGA,6.53E-05
IVAN-ANIKANOV,6.53E-05
CHRISTIAN-WELTE,6.53E-05
FRED-HEMMES,6.52E-05
OLIVER-CERANIC,6.52E-05
ROBERT-LINDBERG,6.52E-05
DANIEL-MORA,6.51E-05
PIERRE-METENIER,6.51E-05
KIANTKI-THOMAS,6.51E-05
JUSTIN-BOWER,6.51E-05
HENRY-STEER,6.50E-05
CHRIS-KLINGEMANN,6.50E-05
DEMIAN-RAAB,6.49E-05
IGNACIO-HIRIGOYEN,6.49E-05
MAXIMILIANO-ESTEVEZ,6.49E-05
SUMIT-NAGAL,6.48E-05
ORLANDO-LUZ,6.47E-05
IVAYLO-TRAYKOV,6.47E-05
GERARDO-LOPEZ-VILLASENOR,6.46E-05
PIOTR-DILAJ,6.46E-05
JI-SUNG-NAM,6.46E-05
GONZALO-ESCOBAR,6.46E-05
ANTON-WAERN,6.45E-05
THALES-TURINI,6.45E-05
ALEKSANDAR-VUKIC,6.45E-05
AGUSTIN-BOJE-ORDONEZ,6.45E-05
JEAN-PASCAL-VERNET,6.44E-05
STEPHAN-FRANSEN,6.44E-05
VITALY-KOZYUKOV,6.44E-05
MIKHAIL-BALMASHEV,6.43E-05
HERVE-KARCHER,6.43E-05
TOMASZ-KRZYSZKOWSKI,6.43E-05
DAVID-BREWER,6.43E-05
PABLO-TELLEZ,6.43E-05
DMITRI-TOMASHEVICH,6.42E-05
TYLER-CLEVELAND,6.42E-05
THOMAS-SCHOECK,6.42E-05
NIKI-KALIYANDA-POONACHA,6.42E-05
JOOST-WINNINK,6.41E-05
RICARDO-SCHLACHTER,6.41E-05
MOUSSA-SHANAN,6.40E-05
ADAM-SANJURJO-HERMIDA,6.40E-05
MARCELO-MICHELUCCI,6.40E-05
VIVEK-SHOKEEN,6.40E-05
KRESIMIR-RITZ,6.40E-05
TIBOR-SIMIC,6.40E-05
ANTUN-PEHAR,6.40E-05
PIER-MARCO-PIERACCIANI,6.40E-05
ALEXANDRU-RAUL-LAZAR,6.39E-05
BJORN-PROPST,6.39E-05
WAN-ABDUL-MUIZ-WAN-ABDUL-AZIZ,6.39E-05
MATTHIAS-WUNNER,6.39E-05
MAURICIO-ECHAZU,6.39E-05
ABDULLAH-SHANNAN-ALHARRASI,6.38E-05
ANDREW-THOMAS,6.38E-05
NICOLA-KUHN,6.38E-05
DMITRII-DOSUZHEV,6.38E-05
RAFAEL-CAMILO,6.37E-05
SEBASTIAN-BUEHLER,6.37E-05
JOHAN-LANDSBERG,6.37E-05
DAVID-MIKETA,6.37E-05
CHRISTOFFER-SOLBERG,6.37E-05
HERNAN-CASANOVA,6.37E-05
ADAM-KENNEDY,6.37E-05
ARTEM-PUDOVKIN,6.37E-05
ROBIN-BRAGE,6.36E-05
ANAS-FATTAR,6.36E-05
GABRIEL-DIAS,6.36E-05
PATRICK-DACIEK,6.36E-05
MING-LI,6.36E-05
ERIC-HECHTMAN,6.36E-05
ERIC-BASICA,6.35E-05
ISRAEL-SEVILLA-MARUHENDA,6.35E-05
STEFAN-STERLAND-MARKOVIC,6.35E-05
TOM-JOMBY,6.35E-05
WAYNE-WONG,6.34E-05
SURAJ-R-PRABODH,6.34E-05
VUGAR-ALIEV,6.34E-05
DENIS-SHAPOVALOV,6.34E-05
YANNICK-THOMET,6.34E-05
DOMINIK-PFEIFFER,6.34E-05
FRANK-WINTERMANTEL,6.33E-05
FILIP-URBAN,6.33E-05
MARKO-LENZ,6.33E-05
ANTE-BILIC,6.33E-05
SASO-BENDE,6.33E-05
GUILLERMO-ALCORTA-OLARRA,6.33E-05
NICO-MATIC,6.32E-05
DAVID-NYLEN,6.32E-05
JARRYD-WOOG,6.32E-05
DIEGO-MOYANO,6.31E-05
LEVAR-HARPER-GRIFFITH,6.31E-05
BASTIEN-FAVIER,6.30E-05
GREGOIRE-JACQ,6.30E-05
OSCAR-MESQUIDA-BERG,6.30E-05
OREST-TERESHCHUK,6.30E-05
VLAD-CRISTIAN-SMIGHELSCHI,6.30E-05
MICHAEL-LUX,6.30E-05
FLORENT-DIEP,6.30E-05
ALEKSANDRE-METREVELI,6.29E-05
ISAAC-FROST,6.28E-05
KAMALA-KANNAN,6.28E-05
JOSE-DANIEL-BENDECK,6.28E-05
SAM-BLOOM,6.28E-05
JEREMY-JAHN,6.28E-05
VICTOR-KOZIN,6.27E-05
MICHAEL-SHYJAN,6.27E-05
OSVALDO-AGUIRRE,6.27E-05
MAURICIO-PEREZ-MOTA,6.27E-05
MANUEL-ARIAS,6.26E-05
NICOLAS-GUSTAVO-KAUER,6.26E-05
AWS-LAARIBI,6.26E-05
TIN-DONG,6.26E-05
KEVIN-SORENSEN,6.26E-05
DYLAN-SESSAGESIMI,6.25E-05
DARIUSZ-LIPKA,6.25E-05
ADRIANS-ZGUNS,6.25E-05
SEBASTIAN-OFNER,6.25E-05
HENDRIK-JAN-DAVIDS,6.24E-05
JIMY-SZYMANSKI,6.24E-05
SHANE-LA-PORTE,6.24E-05
ALEXANDER-MANNAPOV,6.23E-05
JUNIOR-A-ORE,6.23E-05
JOHAN-ORTEGREN,6.23E-05
JUSTIN-S-SHANE,6.22E-05
DANILA-ARSENOV,6.21E-05
FILIPPO-MESSORI,6.21E-05
PATRICK-BRIAUD,6.21E-05
HENRIK-ANDERSSON,6.20E-05
DIEGO-HIPPERDINGER,6.20E-05
GIANLUCA-MAGER,6.20E-05
ALEKSANDER-VASIN,6.20E-05
ALEXANDER-KLINTCHAROV,6.20E-05
PAUL-KILDERRY,6.20E-05
MORGAN-JOHANSSON,6.19E-05
MAIT-KUNNAP,6.19E-05
SERGEI-DEMEKHINE,6.18E-05
MANUEL-PENA-LOPEZ,6.18E-05
CHIEH-FU-WANG,6.18E-05
SANDER-GROEN,6.18E-05
RAFAEL-AREVALO,6.18E-05
LUCAS-CATARINA,6.18E-05
ANTOINE-FERET,6.18E-05
ALI-AL-SAYGH,6.18E-05
NOAH-NEWMAN,6.18E-05
SHUANG-QIANG-LIANG,6.18E-05
ANTHONY-ASSAL,6.18E-05
ADIL-SHAMASDIN,6.18E-05
MASSIMO-VALERI,6.18E-05
SAM-GOULD,6.18E-05
ALI-GHAREEB,6.18E-05
PEDRO-FEITOSA,6.18E-05
ALEXANDRE-SCHNITMAN,6.17E-05
ALEXANDRU-CATALIN-MARASIN,6.17E-05
TOSHIHARU-KATO,6.17E-05
RIAD-SAWAS,6.17E-05
CORENTIN-DENOLLY,6.17E-05
NATTAN-BENJASUPAWAN,6.17E-05
NAOKI-NAKAGAWA,6.17E-05
CHRISTIAN-OLIVER-LEE,6.17E-05
MARIUS-ZAY,6.16E-05
TIAGO-GODINHO,6.16E-05
MARTIN-RMUS,6.16E-05
RAVIV-WEIDENFELD,6.15E-05
CARLOS-RAMIREZ-UTERMANN,6.15E-05
JEROME-INZERILLO,6.15E-05
JEAN-MICHEL-PEQUERY,6.15E-05
OLIVIER-MALCOR,6.15E-05
BORIS-CONKIC,6.14E-05
TEODOR-NICOLAE-MARIN,6.14E-05
MEHDI-JDI,6.14E-05
SOLON-PEPPAS,6.14E-05
TORSTEN-POPP,6.14E-05
JOAO-BARRA,6.14E-05
RODRIGO-PEREZ,6.14E-05
HICHAM-KHADDARI,6.13E-05
SORNSAKOL-SUPAKIT,6.13E-05
ADAM-JAYA,6.13E-05
MILE-CILIC,6.13E-05
TJ-MIDDLETON,6.13E-05
BARLAHAM-ZULUAGA-GAVIRIA,6.13E-05
JESUS-FRANCISCO-FELIX,6.13E-05
BOJAN-SZUMANSKI,6.13E-05
MILAN-POKRAJAC,6.12E-05
MARC-KIMMICH,6.12E-05
LEONARDO-LAVALLE,6.12E-05
FRANCISCO-FOGUES,6.11E-05
JOHANNES-AGER,6.11E-05
ALAN-NUNEZ-AGUILERA,6.11E-05
FERNANDO--CABRERA,6.11E-05
NICKLAS-TIMFJORD,6.11E-05
FILIP-SERDARUSIC,6.11E-05
PETROS-CHRYSOCHOS,6.11E-05
KRIS-GOOSSENS,6.10E-05
ANDRES-ZEPEDA,6.10E-05
AARON-YOVAN,6.10E-05
KEVIN-BOUMLIL,6.09E-05
ROMAIN-HARDY,6.09E-05
SERGI-DURAN,6.09E-05
DAVID-VOLFSON,6.09E-05
ZHUO-ZHANG,6.09E-05
CHANDRIL-SOOD,6.09E-05
HE-FENG,6.08E-05
STEFANOS-TSITSIPAS,6.08E-05
ROY-BRUGGELING,6.08E-05
PATRICK-SCHNIDRIG,6.08E-05
KABELO-MALEKA,6.08E-05
DANIEL-LUSTIG,6.08E-05
SADIO-DOUMBIA,6.08E-05
FLORENT-SCACCIANOCE,6.07E-05
CEDRIC-KAUFFMANN,6.07E-05
JORDI-MAS,6.07E-05
STEVEN-RANDJELOVIC,6.07E-05
ADRIANO-BIASELLA,6.07E-05
CLAUDIO-GRASSI,6.07E-05
CHRISTO-SCHULTZ,6.07E-05
ANTHONY-DELCORE,6.07E-05
JOSE-GERARDO-MEZA,6.06E-05
VIOREL-CATALIN-CIOBANU,6.06E-05
WOJCIECH-STARAKIEWICZ,6.06E-05
CASPER-RUUD,6.06E-05
ALFREDO-KRYWACZ,6.06E-05
TILEN-ZITNIK,6.05E-05
ALBERT-ALCARAZ-IVORRA,6.05E-05
IVAN-BLAZEVIC,6.05E-05
SEBASTIAN-KRAILA,6.05E-05
MURPHY-JENSEN,6.05E-05
MARC-POWERS,6.05E-05
CHRISTOPHER-DIAZ-FIGUEROA,6.05E-05
IVAN-BEROS,6.03E-05
JAMIE-GRESH,6.03E-05
ANDREW-ADAMS,6.03E-05
ISSA-SHANAN-AL-HARRASI,6.03E-05
PHILIPP-SCHOLZ,6.03E-05
DMITRO-KAMYNIN,6.03E-05
PATRICK-CIORCILA,6.02E-05
IVAN-CEROVIC,6.02E-05
JELLE-SELS,6.02E-05
DAVID-THOMSON,6.02E-05
DENNIS-USPENSKY,6.02E-05
RAYMOND-SARMIENTO,6.01E-05
DAN-LEMPA,6.01E-05
SYRYM-ABDUKHALIKOV,6.01E-05
ROBERT-GODLEWSKI,6.01E-05
BORIS-POKOTILOV,6.01E-05
SANDOR-NOSZALY,6.01E-05
MISLAV-HIZAK,6.01E-05
MARIO-HAIDER-MAURER,6.01E-05
TOMISLAV-TERNAR,6.00E-05
MOHAMMED-REDA,6.00E-05
JONATHAN-LAUBUT,6.00E-05
STEFANO-TARALLO,5.99E-05
GUILHERME-OCHIAI,5.99E-05
JOHANNES-ROBERT-VAN-OVERBEEK,5.98E-05
MILIAAN-NIESTEN,5.98E-05
ANDRES-ARCE,5.98E-05
PIETRO-LICCIARDI,5.98E-05
DANIELE-MUSA,5.98E-05
CONNOR-CURRY,5.98E-05
STEFAN-WAUTERS,5.97E-05
SU-HAO-ZHONG,5.97E-05
AYOUB-CHAKROUNI,5.97E-05
LEON-VESSELS,5.97E-05
FELIPE-MANTILLA,5.97E-05
DENIS-BEJTULAHI,5.97E-05
DANIEL-WHITEHEAD,5.96E-05
GUILLERMO-GOMEZ-DIAZ,5.96E-05
JUNN-MITSUHASHI,5.96E-05
OLIVIER-BORSOS,5.96E-05
TOBIAS-HINZMANN,5.95E-05
ANDREW-CARLSON,5.95E-05
MARTIN-GARCIA,5.95E-05
JEAN-MARC-WERNER,5.95E-05
LUCAS-GOMEZ,5.95E-05
KHALID-AL-NABHANI,5.94E-05
PHOTOS-KALLIAS,5.94E-05
FILIP-KARLSSON,5.94E-05
ISA-MAMMETGULYYEV,5.94E-05
THAI-SON-KWIATKOWSKI,5.94E-05
ANDREW-DZULYNSKY,5.93E-05
MATTHEW-PIEROT,5.93E-05
BRANDON-COUPE,5.93E-05
BRIAN-BROGAN,5.93E-05
RICK-KEPLER,5.93E-05
ADOLFO-GOMEZ-PINTER,5.93E-05
ALEKSANDR-MITYAEV,5.93E-05
MUBARAK-ZAID,5.93E-05
MICHEL-VERNIER,5.93E-05
GONZALO-URRUTICOECHEA,5.92E-05
FRANCISCO-RAMOS,5.92E-05
TIAGO-LOURENCO,5.92E-05
BAPTISTE-DUPUY,5.92E-05
CIPRIAN-ALEXANDRU-PORUMB,5.92E-05
CHRISTIAN-WICKENHAUSER,5.91E-05
JESPER-CEDERLIND,5.91E-05
KEVIN-LIETAR,5.91E-05
MATT-BOCKO,5.91E-05
JAKUB-HERM-ZAHLAVA,5.90E-05
SCOTT-NICOLAS,5.90E-05
JUAN-MANUEL-ELIZONDO,5.90E-05
PETER-HELLER,5.89E-05
HASHIM-ABDAL,5.89E-05
VALENTIN-SANON,5.89E-05
EMANUEL-RASBERGER,5.89E-05
GRITTABOON-PRAHMANEE,5.89E-05
BRENDAN-MCKENZIE,5.89E-05
WALKER-DUNCAN,5.88E-05
LUKAS-RUEPKE,5.88E-05
MARTIN-RONDINA,5.88E-05
MICHAL-NAVRATIL,5.88E-05
SIMON-ASPELIN,5.88E-05
JABER-NOUH,5.88E-05
DAVID-SHERWOOD,5.88E-05
IVAN-VAJDA,5.87E-05
WOUTER-STANDAART,5.87E-05
GEERT-JAN-VAN-DIJKEN,5.87E-05
PHILIPP-HAMMER,5.87E-05
LAURENT-VIGNE,5.87E-05
ALEKSANDR-AGAFONOV,5.87E-05
JAN-SUBOTA,5.87E-05
MAKSIM-KAN,5.86E-05
MARCOS-VINICIUS--DIAS,5.86E-05
THOMAS-DROUET,5.86E-05
EMANUEL-FRAITZL,5.86E-05
KRASIMIR-KOLEV,5.86E-05
ARTHUR-SURREAUX,5.86E-05
MAGNUS-ERIKSSON,5.86E-05
PHILIPP-SCHNEIDER,5.86E-05
SOUFIANE-SAHLI,5.86E-05
NICOLAS-DANIEL-OLGUIN,5.86E-05
GERALD-KAMITZ,5.85E-05
ASHOT-KHACHARYAN,5.85E-05
BOGDAN-BORZA,5.85E-05
TOM-WILLIAMS,5.85E-05
ALEXANDER-SHVEC,5.85E-05
HAYTHEM-ABID,5.84E-05
NAVEEN-SAAI,5.84E-05
ALJOSCHA-THRON,5.84E-05
ANTE-TEPIC,5.84E-05
OH-HEE-KWON,5.84E-05
ERIC-JOHNSON,5.84E-05
MARIUS-PIMISHOFER,5.84E-05
JAN-HENRIK-LANGHORST,5.83E-05
JOE-BATES,5.83E-05
KHEVAN-SOMASUNDRAM,5.83E-05
MAX-DE-VROOME,5.83E-05
TETSUYA-CHAEN,5.83E-05
KIM-TIILIKAINEN,5.83E-05
ALEXANDER-JHUN,5.82E-05
JAY-CLARKE,5.82E-05
NIKITA-GIREY--DEMIR,5.82E-05
AUSTEN-CHILDS,5.82E-05
JOSHUA-CROWE,5.82E-05
PONGSATORN-BENJAMAS,5.82E-05
RAMY-LABNA,5.82E-05
ANTOINE-CHAMPAGNE,5.82E-05
DANIEL-ORSANIC,5.82E-05
JIRI-KOSLER,5.82E-05
ALEXEI-BELOV,5.82E-05
ALBERT-LONCARIC,5.82E-05
DOMINIC-WEIDINGER,5.82E-05
CHRIS-HARFIELD,5.81E-05
ANTOINE-ESCOFFIER,5.81E-05
ROY-HOBBS,5.81E-05
CHRISTOPHER-KODERISCH,5.81E-05
EDUARDO-LAMEIRAS,5.81E-05
ALTUG-CELIKBILEK,5.81E-05
KEIVON-TABRIZI,5.81E-05
FLORIAN-VALSOT,5.81E-05
EDWARD-SEATOR,5.81E-05
FRANCO-FEITT,5.80E-05
IVAN-DENISOV,5.80E-05
DEKEL-BAR,5.80E-05
LANCE-COHEN,5.80E-05
KEVIN-BOTTI,5.80E-05
DAVID-CABALLERO,5.80E-05
ALEX-DE-MINAUR,5.79E-05
GYORGY-BALAZS,5.79E-05
JAN-POSKOCIL,5.79E-05
RASWANT-RAVI,5.79E-05
MIKOLAJ-BORKOWSKI,5.79E-05
CHRISTOPHER-LAM,5.79E-05
JAMES-PRESCOTT,5.79E-05
COLT-GASTON,5.79E-05
MOHAMMED-FAIZAL-BIN-OTHMAN,5.79E-05
JAN-BORUSZEWSKI,5.79E-05
PITICHART-CHOKCHAIJAROEN,5.78E-05
DAMAR-JOHNSON,5.78E-05
RADIM-ZITKO,5.78E-05
FEDERICO-VALSANGIACOMO,5.78E-05
TUNA-ALTUNA,5.78E-05
RYUSEI-MAKIGUCHI,5.78E-05
JUAN-IGNACIO-ILIEV,5.78E-05
JEROME-HANQUEZ,5.78E-05
FREDRIK-BERGH,5.78E-05
CHRISTIAN-MARIAN,5.78E-05
LIONEL-BARTHEZ,5.78E-05
TRAVIS-HELGESON,5.77E-05
VICTOR-HUGO-PORTUGAL-PEREIRA,5.77E-05
RAHUL-ROBINSON-MANOAH,5.77E-05
CHEONG-EUI-KIM,5.77E-05
MELVYN-OP-DER-HEIJDE,5.77E-05
MAREK-MROZEK,5.77E-05
SARVAR-IKRAMOV,5.77E-05
HENRIK-SODERBERG,5.77E-05
IBRAHIM-FETOV,5.76E-05
BORIS-OBAMA,5.76E-05
NAVID-JOHANNIGMANN,5.76E-05
SEBASTIAN-PADURE,5.76E-05
JORDI-MARSE-VIDRI,5.76E-05
MARIO-RINCON,5.76E-05
JULIEN-CARSUZAA,5.76E-05
MARCO-GUALDI,5.76E-05
VADIM-DAVLETSHIN,5.75E-05
BIJAN-HEJAZI,5.75E-05
DIEGO-VIVES,5.75E-05
CAIO-SILVA,5.75E-05
LUCIANO-DORIA,5.75E-05
KENT-KINNEAR,5.75E-05
JUAN-LUIS-RASCON-LOPE,5.75E-05
FELIPE-PARADA,5.75E-05
SYDNEY-JIM,5.75E-05
FRAN-ZVONIMIR-ZGOMBIC,5.75E-05
KANAGARAJ-BALAKRISHNAN,5.75E-05
ROBERT-CARTER,5.75E-05
AMER-MEZRI,5.74E-05
JASMIN-ADEMOVIC,5.74E-05
JONATHAN-PASTEL,5.74E-05
FILIP-HAVAJ,5.74E-05
GONZALO-DE-URRUTICOECHEA,5.74E-05
ADRIAN-GAVRILA,5.74E-05
ANDRE-BARAN,5.74E-05
THOMAS-JUN-FACCHINI-TAKEMOTO,5.74E-05
IGOR-GAUDI,5.73E-05
IAIN-ATKINSON,5.73E-05
LEWIS-BARNES,5.73E-05
KEITH-PATRICK-CROWLEY,5.73E-05
THERON-COLE,5.73E-05
SERGIO-PEREZ-PEREZ,5.73E-05
ARVID-PURANEN,5.73E-05
JONAS-PONTUS-NORBERG,5.73E-05
HAMAD-AL-MULLA,5.73E-05
JOAO-FERNANDES,5.73E-05
YUSUKE-WATANUKI,5.73E-05
EMANUEL-COUTO,5.72E-05
LIOR-MOR,5.72E-05
ANDREI-COCIASU,5.72E-05
VULLNET-TASHI,5.72E-05
EDOARDO-TESSARO,5.72E-05
YU-ZHANG,5.72E-05
IGOR-TCHELYCHEV,5.72E-05
REGINALD-WILLEMS,5.71E-05
GRAEME-DYCE,5.71E-05
BORJA-MALO,5.71E-05
NIKOLA-MARTINOVIC,5.71E-05
MOHCINE-ROUDAMI,5.71E-05
MARKO-RAJIC,5.71E-05
SEBASTIEN-LEBLANC,5.71E-05
IZTOK-BOZIC,5.71E-05
DAVID-KUCZER,5.71E-05
ISRAEL-MATOS-GIL,5.71E-05
MAXIMILIAN-KOLLERITSCH,5.71E-05
SIMON-REA,5.71E-05
JOCELYN-ROBICHAUD,5.71E-05
IVAN-BARON,5.71E-05
TASSILO-SCHMID,5.70E-05
MELVIN-TONG,5.70E-05
PAUL-LOGTENS,5.70E-05
LUKE-BOURGEOIS,5.70E-05
BARTLOMIEJ-DABROWSKI,5.69E-05
DAVID-FLEMING,5.69E-05
JAMES-IRELAND,5.69E-05
ARNAUD-AGNIEL,5.69E-05
CLEMENT-MAAS,5.69E-05
SASCHA-MEIS,5.69E-05
HECTOR-MORETTI,5.68E-05
JONAS-FROBERG,5.68E-05
JACOB-JOHANSSON,5.68E-05
DARIUS-FLORIN-BRAGUSI,5.68E-05
REGIS-LAVERGNE,5.68E-05
TOBY-MITCHELL,5.68E-05
FILIPPO-SASSI,5.67E-05
BRUNO-AGOSTINELLI,5.67E-05
ALESSANDRO-MOTTI,5.67E-05
JOSHUA-ZAVALA,5.67E-05
NICK-WEAL,5.67E-05
ALEXIOS-HALEBIAN,5.67E-05
ARTEM-DEREPASKO,5.66E-05
SEBASTIEN-BOLTZ,5.66E-05
GEORGI-RUMENOV-PAYAKOV,5.66E-05
ZIZOU-BERGS,5.66E-05
LADO-CHIKHLADZE,5.66E-05
ABDULLA-AL-JUFAIRI,5.66E-05
JULIEN-DUBAIL,5.66E-05
AMIR-EL-BAYOUMY,5.66E-05
JOSIP-BRKIC,5.66E-05
IVAN-TURUDIC,5.66E-05
DIMITRI-BRETTING,5.66E-05
SAAR-STEELE,5.66E-05
BASTIAN-GRUNDLER,5.65E-05
CARL-CHANG,5.65E-05
GUILLAUME-COUILLARD,5.65E-05
ANTONIONI-FASANO,5.65E-05
HAMAD-ABBAS-ISMAIL,5.65E-05
DANIEL-VALENT,5.65E-05
DANIEL-MCCALL,5.64E-05
AITOR-ARAMBURU,5.64E-05
BENJAMIN-SIGOUIN,5.64E-05
BARKIN-YALCINKALE,5.63E-05
ADIREK-KHUNDARNPINITVON,5.63E-05
MARCO-PROCHAZKA,5.63E-05
MARCO-OSORIO,5.63E-05
VIKTOR-DURASOVIC,5.63E-05
LUIS-ANTONIO-PEREZ-PEREZ,5.63E-05
HELIO-SILEMAN,5.63E-05
ARJUN-KADHE,5.62E-05
THEO-FOURNERIE,5.62E-05
KEVIN-KUNG,5.62E-05
CONGSUP-CONGCAR,5.62E-05
MARTIN-CUEVAS,5.62E-05
VILIM-VISAK,5.62E-05
MARKO-BOSKOVIC,5.62E-05
GRANT-IVE,5.62E-05
ERIC-GOMES,5.62E-05
CHRISTIAN-LAKOSELJAC,5.62E-05
NASSER-GHANIM-AL-KHULAIFI,5.61E-05
STEPHEN-HUSS,5.61E-05
ROBIN-STANEK,5.61E-05
ALEXANDAR-LAZAROV,5.61E-05
VACLAV-SAFRANEK,5.61E-05
NIWAT-WEAWBOOT,5.61E-05
SA-CHEN,5.61E-05
ULISES-BLANCH,5.60E-05
FELIX-AUGER-ALIASSIME,5.60E-05
NORMAN-TAM,5.60E-05
IVAN-BJELICA,5.60E-05
TEMUR-ISMAILOV,5.60E-05
OMAR-GIACALONE,5.60E-05
ALEKSANDER-SLOVIC,5.60E-05
STRONG-KIRCHHEIMER,5.60E-05
LAURENT-MALOULI,5.60E-05
HAO-SHENG-KOAY,5.60E-05
CARLOS-GARCIA-VILLANUEVA,5.60E-05
EDUARD-GUELL-BARTRINA,5.60E-05
RENATO-ASSAD,5.60E-05
IAN-CHADWELL,5.60E-05
ROGER-SMITH,5.59E-05
TOM-KRUG,5.59E-05
RODRIGO-ANTONIO-GRILLI,5.59E-05
KARUE-SELL,5.59E-05
AHMED-EL-MENSHAWY,5.59E-05
IGOR-LEVINE,5.59E-05
MARK-FYNN,5.59E-05
FABIAN-VAN-DER-LANS,5.59E-05
YUSUKE-TAKAHASHI,5.59E-05
MARK-DE-JONG,5.59E-05
ALEXIS-CARLOS,5.59E-05
VLADIMIR-PAVICEVIC,5.58E-05
MAYEZ-JUPITER-ELRICH,5.58E-05
ANDREA-VAVASSORI,5.58E-05
DANIEL-KRAJNOVIC,5.58E-05
ARMIN-HIRNER,5.58E-05
SILVIO-DADIC,5.58E-05
HARRY-SKINNER,5.57E-05
JONAS-LUETJEN,5.57E-05
CLEMENT-LARRIERE,5.57E-05
DANIEL-PUTTKAMMER,5.57E-05
FINN-MEINECKE,5.57E-05
ABDULLA-AL-MOHAMOUD,5.57E-05
RISHABH-MEHRA,5.56E-05
JUDD-MOTZ,5.56E-05
ERIC-VEHOVEC,5.56E-05
JACK-MINGJIE-LIN,5.56E-05
RYAN-LIPMAN,5.56E-05
BORIS-NICOLA-BAKALOV,5.56E-05
PIET-NORVAL,5.56E-05
TAPIO-NURMINEN,5.56E-05
MARTIJN-VAN-HAASTEREN,5.56E-05
ANDRE-DOME,5.56E-05
SLAWOMIR-SZEREMETA,5.56E-05
IGNACIO-TABOADA,5.56E-05
DAVID-HOPKINS,5.56E-05
NICHOLAS-REYES,5.56E-05
FABIAN-ROETSCHI,5.56E-05
VICTOR-SCHMID,5.56E-05
TOM-SPINKS,5.55E-05
LUIGI-DAGORD,5.55E-05
MANUEL-JORQUERA,5.55E-05
OLIVER-FREELOVE,5.55E-05
LESLEY-JOSEPH,5.54E-05
JONATHAN-SCHNEIDER,5.54E-05
MARKO-ZELCH,5.54E-05
RYAN-HENRY,5.54E-05
SERGIU-MARGARIT,5.54E-05
ABDUL-HAZLI-ZAINUDDIN,5.54E-05
ZACHARY-PELTS,5.54E-05
SEBASTIAN-PRECHTEL,5.54E-05
MAXIM-KRAVTSOV,5.54E-05
SUNIL-KUMAR,5.53E-05
FELIPE-RIOS,5.53E-05
JARRYD-CHAPLIN,5.53E-05
SEBASTIEN-LAMI,5.53E-05
JARED-HILTZIK,5.53E-05
FREDERIK-PRESS,5.53E-05
KIRILL-KIVATTSEV,5.53E-05
KIRATI-SIRIBUTWONG,5.53E-05
JAVIER-GARRAPIZ-BORDERIAS,5.53E-05
JEAN-ANDERSEN,5.52E-05
VORACHIT-RUNGLERTMANEEPONG,5.52E-05
RICARDO-PABON-CUESTA,5.52E-05
THOMAS-KNIGHTS,5.52E-05
SCOTT-CLAYTON,5.52E-05
PAWEL-DILAJ,5.52E-05
MARVIN-MOELLER,5.52E-05
JONATHAN-RIBASTE,5.52E-05
ANDRES-DELLATORRE,5.52E-05
MARCELO-ZORMANN,5.52E-05
RYAN-JAMES-STORRIE,5.52E-05
DAVID-VELIZ-LEPE,5.51E-05
GONCALO-OLIVEIRA,5.51E-05
GONZALO-TUR,5.51E-05
CLAUDE-BENZ,5.51E-05
ROY-DE-VALK,5.51E-05
GUY-DEN-HEIJER,5.51E-05
AMINE-AHOUDA,5.51E-05
SCOTT-PUODZIUNAS,5.50E-05
NIELS-LOOTSMA,5.50E-05
IVAN-GAKHOV,5.50E-05
DIEGO-AYALA,5.50E-05
JEFFREY-DAS,5.50E-05
TOMISLAV-GREGUROVIC,5.50E-05
ROBBIE-KOENIG,5.50E-05
YANNICK-OFFERMANS,5.50E-05
HUGO-PERRIN,5.50E-05
JAN-OLIVER-SADLOWSKI,5.50E-05
DOUG-BOHABOY,5.50E-05
FABIAN-SCHMID,5.50E-05
DAVID-LUQUE-VELASCO,5.50E-05
STEPHANE-PIRO,5.50E-05
CLINT-BOWLES,5.50E-05
FACUNDO-LUGONES,5.50E-05
ARTHUR-BEAVIS,5.49E-05
YU-CHENG-LI,5.49E-05
TOMMY-MYLNIKOV,5.49E-05
NIMA-MADAMI,5.49E-05
CHRISTIAN-MOHS,5.49E-05
VALENTIN-PALAS,5.49E-05
HAO-ZHANG,5.49E-05
BLADE-FONG,5.49E-05
DAMIAN-PATRIARCA,5.49E-05
JOHN-LAMBLE,5.49E-05
ASHOK-NARAYANA,5.49E-05
SEVAN-KELPETINDJIAN,5.49E-05
ALEXEI-FILENKOV,5.49E-05
ABDUL-HAZLI-BIN-ZAINUDDIN,5.49E-05
ABDELKADER-BENABDELLAH,5.49E-05
CHRISTOPHER-OCONNELL,5.49E-05
VICTOR-ROMERO,5.49E-05
MATEJ-SABANOV,5.49E-05
CHRISTIAN-W-SCHULTZ,5.49E-05
PATRICK-FRANDJI,5.49E-05
ROBBYE-POOLE,5.49E-05
NILS-MUSCHIOL,5.49E-05
MYROHN-MIRANDA,5.49E-05
PHASSAWIT-BURAPHARITTA,5.49E-05
MARCIN-KOSAKOWSKI,5.49E-05
ZHAO-CAI,5.49E-05
HANS-HACH-VERDUGO,5.49E-05
KALLE-AVERFALK,5.48E-05
ADRIANO-QUINTI,5.48E-05
JONATHAN-DAVID,5.48E-05
JORGE-VAZQUEZ-CATOIRA,5.48E-05
PABLO-GARCIA-GAITAN,5.48E-05
DAMIEN-SPIZZO,5.48E-05
YOHNY-ROMERO,5.48E-05
GREGORIO-ESPINOSA-MULLER,5.48E-05
ROHAN-GIDE,5.48E-05
ADRIAN-ANDREEV,5.48E-05
DANIEL-BROWN,5.48E-05
THOMAS-LAURENT,5.48E-05
BRUNO-FRAGOSO,5.48E-05
BERTRAND-MADSEN,5.48E-05
TOM-KEMPERS,5.48E-05
PIETRO-ANGELINI,5.48E-05
ARNE-THOMS,5.48E-05
PABLO-GONZALEZ,5.47E-05
MIGUEL-PASTURA,5.47E-05
LENNERT-VAN-DER-LINDEN,5.47E-05
PHILLIP-HARBOE,5.47E-05
ANTONIO-COMPORTO,5.47E-05
JOCHEN-NUFER,5.47E-05
PEDRO-DUMONT,5.47E-05
NIKOLAS-WALTERSCHEID-TUKIC,5.47E-05
PAWEL-SYREWICZ,5.47E-05
SEBASTIEN-COUBERES,5.47E-05
THIBAULT-VENTURINO,5.46E-05
SHAHBAAZ-KHAN,5.46E-05
HUNTER-HARRINGTON,5.46E-05
MINH-QUAN-DO,5.46E-05
YOUSSEF-TAMIMOUNT,5.46E-05
DAVID-ADAMS,5.46E-05
YU-ZHENG,5.46E-05
RICHARD-JOHNSON,5.46E-05
MATTHEW-BREEN,5.46E-05
MARCUS-FUGATE,5.46E-05
PEDRO-AST,5.46E-05
TREVOR-SPRACKLIN,5.46E-05
EGOR-PUNTUS,5.46E-05
LUIS-IGNACIO-MORALES,5.46E-05
SCOTT-SEARS,5.46E-05
ALESSANDRO-PETRONE,5.46E-05
ADRIAN-OBERT,5.45E-05
PETER-STEINBERGER,5.45E-05
GAGE-BRYMER,5.45E-05
BRANDON-BURKE,5.44E-05
RAVISHANKAR-PATHANJALI,5.44E-05
AGUSTIN-GONZALEZ,5.44E-05
MATT-BRUCH,5.44E-05
HASIER-PASTOR,5.44E-05
SOON-WOO-KWON,5.44E-05
RUBEN-FERNANDEZ,5.44E-05
TRISTAN-FARRON-MAHON,5.44E-05
ALVARO-LOPEZ-SAN-MARTIN,5.44E-05
NIKOS-ROVAS,5.44E-05
SUSHEEL-NARLA,5.44E-05
ANDY-ZINGMAN,5.43E-05
JUAN-LOPEZ-VICO,5.43E-05
ERIC-SCHERER,5.43E-05
JT-SUNDLING,5.43E-05
STEFAN-LINDMARK,5.43E-05
PATRICK-GAMAUF,5.43E-05
THOMAS-DUPRE,5.43E-05
JAN-WEINZIERL,5.43E-05
MATHIAS-HELLSTROM,5.43E-05
MOHAMED-ALI-KRAIMI,5.43E-05
RUDY-COCO,5.43E-05
JONATHAN-PRINTZLAU,5.43E-05
TEO-SUSNJAK,5.42E-05
STEFFEN-SOLOMON,5.42E-05
MITCHELL-J-POLNET,5.42E-05
ANDRE-WIESLER,5.42E-05
LLAURENTIU-ADY-GAVRILA,5.42E-05
CLAUDIO-FORTUNA,5.42E-05
MARIANO-DELFINO,5.42E-05
KOKI-MATSUNAGA,5.42E-05
REID-CARLETON,5.41E-05
ROBERT-CHAMBERS,5.41E-05
RASMUS-NORBY,5.41E-05
VISHAL-UPPAL,5.41E-05
ISADE-JUNEAU,5.41E-05
TALLON-GRIEKSPOOR,5.41E-05
ROBERT-VARGA,5.40E-05
OMAR-EL-HIZAZ,5.40E-05
MATIAS-RODOLFO-BUCHHASS,5.40E-05
JOHNNY-HAMUI,5.40E-05
TIM-NEKIC,5.40E-05
ROMAIN-BOGAERTS,5.40E-05
STEVEN-GOH,5.40E-05
ALVARO-CAJIGAL,5.40E-05
PASCAL-BENZ,5.40E-05
SUK-YOUNG-JEONG,5.39E-05
ROK-JARC,5.39E-05
MUBARAK-SHANNAN-ZAYID,5.39E-05
KENTARO-MASUDA,5.39E-05
ANDREW-PARK,5.39E-05
SEBASTIAN-FITZ,5.39E-05
STEVEN-KORTELING,5.39E-05
SAM-MATHESON,5.39E-05
RADOSLAW-NIJAKI,5.39E-05
INGO-NEUMULLER,5.39E-05
ZACHARY-WHITE,5.39E-05
ANDRAS-SZEKELY,5.39E-05
DEVIN-MCCARTHY,5.39E-05
ZHAOYI-CAO,5.39E-05
JOHAN-HEDE,5.39E-05
ALBERT-CHANG,5.39E-05
PETER-NYBORG,5.39E-05
ROB-STECKLEY,5.39E-05
IDIO-ESCOBAR,5.39E-05
NIZAR-BELMATI,5.39E-05
LARBI-RHARNIT,5.39E-05
ELIA-GROSSI,5.39E-05
PHILIP-GUBENCO,5.38E-05
RYAN-WOLTERS,5.38E-05
ALEX-WITT,5.38E-05
STEVEN-DOWNS,5.38E-05
DIEGO-CAMACHO,5.38E-05
DAVID-DE-GOEDE,5.38E-05
JULIEN-CHAUVIN,5.38E-05
TRIPP-PHILLIPS,5.37E-05
ZACH-DAILEY,5.37E-05
CEDRIC-DE-ZUTTER,5.37E-05
NUNO-MATIAS,5.37E-05
JANNIS-LINIGER,5.37E-05
TIMO-FLEISCHFRESSER,5.37E-05
BING-PAN,5.37E-05
DIRK-DIER,5.37E-05
DANIEL-WILLMAN,5.37E-05
KAICHI-UCHIDA,5.37E-05
PATRIK-LANGVARDT,5.37E-05
DENNIS-PESCHEK,5.37E-05
PEDRO-LEAO,5.36E-05
NICOLAS-SANTOS,5.36E-05
DIEGO-LOZANO,5.36E-05
FLORIAN-ALLGAUER,5.36E-05
JAVIER-GARCIA-SINTES,5.36E-05
ALEKSANDAR-KITINOV,5.36E-05
NICK-GOULD,5.36E-05
ARNAU-SANZ-SANZ,5.36E-05
MARCO-AURELIO-NUNEZ,5.36E-05
PEDRO-RICO,5.36E-05
ELADIO-RIBEIRO-NETO,5.36E-05
DIOGO-SOARES,5.36E-05
PIER-GAUTHIER,5.36E-05
STUART-KENYON,5.36E-05
MARCO-MIRNEGG,5.35E-05
HELGE-KOLL,5.35E-05
TIAGO-SOUSA,5.35E-05
HAMZA-AGLAIB,5.35E-05
HAREL-SRUGO,5.35E-05
PATRICK-OSUNA,5.34E-05
FRANK-CONDOR,5.34E-05
EMIN-AGAEV,5.34E-05
FAZALUDDIN-SYED,5.34E-05
ARTEMI-TCHERNENKO,5.34E-05
SERGEI-PETROUCHEVSKY,5.34E-05
RENE-HANAK,5.34E-05
PEDRO-BRAGA,5.34E-05
YOSUKE-WATANUKI,5.34E-05
THOMAS-MESSMER,5.34E-05
HELDER-LOPES,5.34E-05
KARIM-HOSSAM,5.34E-05
MATTHEW-BEHRMANN,5.34E-05
MOHAMMED-ABDULLA,5.34E-05
BORIS-BACHERT,5.34E-05
AHMAD-RABEEA,5.34E-05
FABIO-MAGGI,5.33E-05
EDUARDO-RINCON,5.33E-05
RADOVAN-SVETLIK,5.33E-05
LEONARDO-OLGUIN,5.33E-05
TAKAHIRO-ITTOGI,5.33E-05
KONSTANTIN-DON-GRUBER,5.33E-05
JAY-GOODING,5.33E-05
ADRIAN-BOHANE,5.33E-05
ANDRES-PEDROSO,5.33E-05
SHAN-JIANG,5.33E-05
PATRICIO-ARQUEZ,5.33E-05
DEVIN-MULLINGS,5.33E-05
KACPER-OWSIAN,5.33E-05
PAWEL-GLODKOWSKI,5.33E-05
KRYSTIAN-PFEIFFER,5.33E-05
JAIME-CORTES,5.32E-05
RADOSLAV-LUKAEV,5.32E-05
MARIANO-ALBERT-FERRANDO,5.32E-05
SERGIO-GOMEZ-BARRIO,5.32E-05
ANDREI-RYBALKO,5.32E-05
ANDY-FAHLKE,5.32E-05
ANDREAS-FASCHING,5.32E-05
MARKUS-MENZLER,5.32E-05
LARS-UEBEL,5.31E-05
RODOLFO-RAKE,5.31E-05
TIMUR-GANIEV,5.31E-05
JOHN-HUI,5.31E-05
ZBYNEK-MLYNARIK,5.31E-05
CHRISTOPHE-POGNON,5.30E-05
FRANCISCO-MONTANA,5.30E-05